v0,N,dpsi_deg,vstar
250,2,0,253.6
250,2,2,164.5
250,2,4,-1.0
250,2,6,65.3
250,2,8,-1.0
250,2,10,216.7
250,2,12,182.7
250,2,14,-1.0
250,2,16,57.7
250,2,18,224.7
250,2,20,-1.0
250,2,22,46.5
250,2,24,73.1
250,2,26,-1.0
250,2,28,-1.0
250,2,30,201.4
250,2,32,63.7
250,2,34,67.9
250,2,36,-1.0
250,2,38,122.4
250,2,40,55.3
250,2,42,227.3
250,2,44,-1.0
250,2,46,-1.0
250,2,48,-1.0
250,2,50,224.4
250,2,52,-1.0
250,2,54,204.5
250,2,56,115.7
250,2,58,-1.0
250,2,60,-1.0
250,2,62,-1.0
250,2,64,112.6
250,2,66,-1.0
250,2,68,35.0
250,2,70,31.5
250,2,72,-1.0
250,2,74,-1.0
250,2,76,114.7
250,2,78,53.9
250,2,80,152.4
250,2,82,-1.0
250,2,84,-1.0
250,2,86,56.5
250,2,88,48.9
250,2,90,76.6
250,2,92,30.2
250,2,94,34.9
250,2,96,-1.0
250,2,98,-1.0
250,2,100,138.4
250,2,102,-1.0
250,2,104,-1.0
250,2,106,-1.0
250,2,108,48.6
250,2,110,-1.0
250,2,112,93.3
250,2,114,-1.0
250,2,116,38.6
250,2,118,-1.0
250,2,120,-1.0
250,2,122,97.0
250,2,124,-1.0
250,2,126,64.3
250,2,128,-1.0
250,2,130,-1.0
250,2,132,-1.0
250,2,134,41.0
250,2,136,80.2
250,2,138,46.2
250,2,140,42.6
250,2,142,-1.0
250,2,144,-1.0
250,2,146,64.8
250,2,148,45.3
250,2,150,-1.0
250,2,152,40.4
250,2,154,-1.0
250,2,156,-1.0
250,2,158,-1.0
250,2,160,-1.0
250,2,162,47.7
250,2,164,-1.0
250,2,166,-1.0
250,2,168,-1.0
250,2,170,45.3
250,2,172,37.5
250,2,174,53.4
250,2,176,-1.0
250,2,178,-1.0
250,2,180,30.0
250,4,0,253.6
250,4,2,199.6
250,4,4,245.4
250,4,6,220.7
250,4,8,204.7
250,4,10,221.8
250,4,12,226.0
250,4,14,234.8
250,4,16,241.4
250,4,18,245.6
250,4,20,208.2
250,4,22,254.2
250,4,24,167.5
250,4,26,243.1
250,4,28,197.3
250,4,30,207.9
250,4,32,240.4
250,4,34,230.3
250,4,36,254.3
250,4,38,249.8
250,4,40,243.0
250,4,42,227.3
250,4,44,211.1
250,4,46,220.0
250,4,48,228.4
250,4,50,234.8
250,4,52,219.0
250,4,54,242.9
250,4,56,238.6
250,4,58,232.4
250,4,60,225.7
250,4,62,195.3
250,4,64,234.9
250,4,66,228.7
250,4,68,218.4
250,4,70,208.3
250,4,72,237.8
250,4,74,225.8
250,4,76,216.4
250,4,78,210.3
250,4,80,197.3
250,4,82,217.5
250,4,84,218.5
250,4,86,202.9
250,4,88,197.2
250,4,90,189.3
250,4,92,215.8
250,4,94,200.6
250,4,96,196.7
250,4,98,197.6
250,4,100,177.6
250,4,102,208.7
250,4,104,203.2
250,4,106,195.1
250,4,108,185.5
250,4,110,166.6
250,4,112,195.7
250,4,114,187.9
250,4,116,183.0
250,4,118,179.5
250,4,120,167.2
250,4,122,189.4
250,4,124,181.9
250,4,126,177.2
250,4,128,168.4
250,4,130,161.8
250,4,132,177.6
250,4,134,170.6
250,4,136,166.3
250,4,138,135.0
250,4,140,145.7
250,4,142,150.2
250,4,144,160.1
250,4,146,149.7
250,4,148,150.5
250,4,150,129.2
250,4,152,143.2
250,4,154,144.1
250,4,156,144.2
250,4,158,139.3
250,4,160,135.6
250,4,162,118.7
250,4,164,136.8
250,4,166,129.9
250,4,168,130.8
250,4,170,131.6
250,4,172,132.3
250,4,174,112.4
250,4,176,117.1
250,4,178,112.5
250,4,180,123.6
250,6,0,255.0
250,6,2,256.1
250,6,4,248.7
250,6,6,236.8
250,6,8,241.1
250,6,10,235.6
250,6,12,246.8
250,6,14,255.0
250,6,16,245.0
250,6,18,249.5
250,6,20,258.8
250,6,22,257.8
250,6,24,253.2
250,6,26,252.4
250,6,28,244.1
250,6,30,244.8
250,6,32,249.5
250,6,34,231.5
250,6,36,257.9
250,6,38,253.4
250,6,40,252.4
250,6,42,242.5
250,6,44,220.1
250,6,46,249.5
250,6,48,239.7
250,6,50,238.1
250,6,52,228.6
250,6,54,246.5
250,6,56,242.2
250,6,58,254.9
250,6,60,250.4
250,6,62,249.4
250,6,64,238.9
250,6,66,234.1
250,6,68,246.6
250,6,70,242.2
250,6,72,241.5
250,6,74,231.7
250,6,76,249.6
250,6,78,245.1
250,6,80,238.5
250,6,82,233.8
250,6,84,227.2
250,6,86,241.4
250,6,88,237.1
250,6,90,231.0
250,6,92,225.2
250,6,94,238.4
250,6,96,233.5
250,6,98,229.3
250,6,100,223.7
250,6,102,217.1
250,6,104,236.4
250,6,106,225.9
250,6,108,220.0
250,6,110,215.6
250,6,112,210.0
250,6,114,228.6
250,6,116,213.7
250,6,118,212.9
250,6,120,207.2
250,6,122,220.2
250,6,124,221.2
250,6,126,215.4
250,6,128,206.0
250,6,130,200.6
250,6,132,213.0
250,6,134,208.8
250,6,136,208.4
250,6,138,198.1
250,6,140,194.9
250,6,142,206.1
250,6,144,200.8
250,6,146,201.7
250,6,148,196.4
250,6,150,188.5
250,6,152,193.3
250,6,154,194.3
250,6,156,189.3
250,6,158,190.1
250,6,160,182.5
250,6,162,187.1
250,6,164,182.2
250,6,166,183.1
250,6,168,178.5
250,6,170,176.7
250,6,172,172.3
250,6,174,176.3
250,6,176,177.3
250,6,178,172.8
250,6,180,171.1
250,8,0,257.1
250,8,2,256.1
250,8,4,253.1
250,8,6,247.8
250,8,8,261.1
250,8,10,240.5
250,8,12,253.9
250,8,14,264.0
250,8,16,259.6
250,8,18,261.1
250,8,20,262.3
250,8,22,257.8
250,8,24,256.7
250,8,26,252.4
250,8,28,247.6
250,8,30,248.4
250,8,32,253.0
250,8,34,256.7
250,8,36,261.2
250,8,38,256.8
250,8,40,255.8
250,8,42,259.4
250,8,44,258.4
250,8,46,253.1
250,8,48,243.3
250,8,50,249.8
250,8,52,251.4
250,8,54,256.0
250,8,56,259.6
250,8,58,258.6
250,8,60,254.0
250,8,62,253.0
250,8,64,248.6
250,8,66,251.0
250,8,68,250.1
250,8,70,245.8
250,8,72,245.2
250,8,74,254.1
250,8,76,253.1
250,8,78,248.8
250,8,80,255.5
250,8,82,250.3
250,8,84,250.0
250,8,86,245.1
250,8,88,240.5
250,8,90,253.3
250,8,92,248.8
250,8,94,242.0
250,8,96,237.9
250,8,98,250.2
250,8,100,245.1
250,8,102,240.7
250,8,104,240.1
250,8,106,230.3
250,8,108,241.9
250,8,110,237.6
250,8,112,237.1
250,8,114,231.9
250,8,116,238.9
250,8,118,239.9
250,8,120,235.6
250,8,122,229.6
250,8,124,225.2
250,8,126,236.9
250,8,128,232.1
250,8,130,228.0
250,8,132,222.4
250,8,134,217.5
250,8,136,234.9
250,8,138,224.5
250,8,140,220.5
250,8,142,219.7
250,8,144,226.2
250,8,146,221.7
250,8,148,222.7
250,8,150,216.9
250,8,152,212.5
250,8,154,218.9
250,8,156,219.8
250,8,158,215.4
250,8,160,209.8
250,8,162,205.7
250,8,164,211.7
250,8,166,212.7
250,8,168,208.5
250,8,170,208.2
250,8,172,194.6
250,8,174,204.9
250,8,176,205.9
250,8,178,201.8
250,8,180,201.6
250,10,0,264.0
250,10,2,263.0
250,10,4,264.4
250,10,6,260.1
250,10,8,264.6
250,10,10,261.5
250,10,12,262.8
250,10,14,264.0
250,10,16,263.0
250,10,18,264.4
250,10,20,262.3
250,10,22,264.6
250,10,24,260.2
250,10,26,261.8
250,10,28,262.8
250,10,30,261.7
250,10,32,262.1
250,10,34,265.7
250,10,36,264.6
250,10,38,260.3
250,10,40,261.6
250,10,42,262.8
250,10,44,261.8
250,10,46,257.3
250,10,48,264.6
250,10,50,259.2
250,10,52,260.4
250,10,54,261.8
250,10,56,259.6
250,10,58,262.0
250,10,60,265.7
250,10,62,264.7
250,10,64,259.9
250,10,66,258.9
250,10,68,253.7
250,10,70,249.3
250,10,72,262.1
250,10,74,257.6
250,10,76,256.6
250,10,78,260.2
250,10,80,259.1
250,10,82,254.5
250,10,84,261.6
250,10,86,248.6
250,10,88,255.9
250,10,90,256.8
250,10,92,252.3
250,10,94,259.3
250,10,96,254.7
250,10,98,253.7
250,10,100,249.3
250,10,102,256.1
250,10,104,250.9
250,10,106,246.3
250,10,108,245.6
250,10,110,241.1
250,10,112,253.9
250,10,114,249.3
250,10,116,248.4
250,10,118,243.9
250,10,120,250.7
250,10,122,245.6
250,10,124,229.0
250,10,126,240.5
250,10,128,236.4
250,10,130,248.6
250,10,132,243.5
250,10,134,243.4
250,10,136,238.7
250,10,138,239.4
250,10,140,240.4
250,10,142,236.2
250,10,144,235.7
250,10,146,231.1
250,10,148,243.4
250,10,150,238.4
250,10,152,234.1
250,10,154,229.5
250,10,156,224.8
250,10,158,235.4
250,10,160,230.7
250,10,162,226.6
250,10,164,222.0
250,10,166,232.3
250,10,168,233.4
250,10,170,228.8
250,10,172,224.2
250,10,174,219.6
250,10,176,224.8
250,10,178,225.8
250,10,180,221.4
250,12,0,270.7
250,12,2,266.1
250,12,4,267.8
250,12,6,267.8
250,12,8,269.1
250,12,10,268.0
250,12,12,266.4
250,12,14,270.7
250,12,16,266.3
250,12,18,268.1
250,12,20,265.7
250,12,22,265.5
250,12,24,266.1
250,12,26,265.2
250,12,28,266.2
250,12,30,266.4
250,12,32,269.1
250,12,34,267.9
250,12,36,268.1
250,12,38,263.6
250,12,40,270.7
250,12,42,262.8
250,12,44,267.7
250,12,46,263.5
250,12,48,264.6
250,12,50,263.4
250,12,52,270.7
250,12,54,265.2
250,12,56,266.3
250,12,58,265.3
250,12,60,269.1
250,12,62,268.1
250,12,64,263.7
250,12,66,262.4
250,12,68,266.2
250,12,70,265.1
250,12,72,265.5
250,12,74,261.0
250,12,76,262.4
250,12,78,263.5
250,12,80,262.6
250,12,82,266.3
250,12,84,265.3
250,12,86,260.5
250,12,88,267.8
250,12,90,260.3
250,12,92,262.0
250,12,94,262.7
250,12,96,258.4
250,12,98,265.5
250,12,100,260.7
250,12,102,259.7
250,12,104,255.1
250,12,106,262.1
250,12,108,255.0
250,12,110,258.5
250,12,112,253.9
250,12,114,252.9
250,12,116,260.0
250,12,118,255.2
250,12,120,254.3
250,12,122,249.8
250,12,124,256.6
250,12,126,257.6
250,12,128,253.0
250,12,130,252.1
250,12,132,247.7
250,12,134,254.5
250,12,136,249.3
250,12,138,249.0
250,12,140,244.1
250,12,142,245.1
250,12,144,239.5
250,12,146,247.8
250,12,148,243.4
250,12,150,242.2
250,12,152,249.1
250,12,154,244.6
250,12,156,239.7
250,12,158,240.2
250,12,160,235.9
250,12,162,247.0
250,12,164,242.5
250,12,166,237.7
250,12,168,237.2
250,12,170,237.9
250,12,172,238.9
250,12,174,234.7
250,12,176,235.2
250,12,178,237.0
250,12,180,235.9
250,14,0,270.7
250,14,2,274.0
250,14,4,271.4
250,14,6,272.4
250,14,8,272.4
250,14,10,269.8
250,14,12,270.7
250,14,14,270.7
250,14,16,271.4
250,14,18,272.4
250,14,20,272.4
250,14,22,271.5
250,14,24,271.5
250,14,26,270.7
250,14,28,269.5
250,14,30,269.8
250,14,32,272.4
250,14,34,271.2
250,14,36,271.2
250,14,38,268.4
250,14,40,270.7
250,14,42,269.7
250,14,44,271.0
250,14,46,268.9
250,14,48,271.1
250,14,50,271.5
250,14,52,274.0
250,14,54,269.7
250,14,56,269.6
250,14,58,268.7
250,14,60,269.1
250,14,62,268.1
250,14,64,269.8
250,14,66,268.2
250,14,68,266.3
250,14,70,268.5
250,14,72,265.5
250,14,74,271.4
250,14,76,271.5
250,14,78,274.0
250,14,80,268.4
250,14,82,269.6
250,14,84,268.7
250,14,86,264.0
250,14,88,267.8
250,14,90,266.8
250,14,92,265.7
250,14,94,266.1
250,14,96,268.2
250,14,98,268.9
250,14,100,264.5
250,14,102,263.2
250,14,104,266.9
250,14,106,265.9
250,14,108,261.1
250,14,110,268.4
250,14,112,263.6
250,14,114,264.6
250,14,116,260.0
250,14,118,258.9
250,14,120,266.1
250,14,122,261.3
250,14,124,260.4
250,14,126,261.1
250,14,128,262.8
250,14,130,255.6
250,14,132,259.1
250,14,134,258.1
250,14,136,259.4
250,14,138,260.5
250,14,140,255.9
250,14,142,254.8
250,14,144,255.7
250,14,146,257.2
250,14,148,258.3
250,14,150,253.7
250,14,152,252.7
250,14,154,248.3
250,14,156,255.0
250,14,158,250.5
250,14,160,251.5
250,14,162,250.5
250,14,164,251.8
250,14,166,252.9
250,14,168,248.3
250,14,170,247.3
250,14,172,242.6
250,14,174,249.7
250,14,176,250.7
250,14,178,246.2
250,14,180,241.4
250,16,0,277.3
250,16,2,277.3
250,16,4,274.8
250,16,6,275.7
250,16,8,274.8
250,16,10,274.8
250,16,12,273.1
250,16,14,277.3
250,16,16,274.8
250,16,18,275.7
250,16,20,275.7
250,16,22,275.7
250,16,24,277.3
250,16,26,277.3
250,16,28,277.3
250,16,30,273.1
250,16,32,275.7
250,16,34,275.7
250,16,36,274.8
250,16,38,274.0
250,16,40,274.0
250,16,42,274.8
250,16,44,274.8
250,16,46,272.4
250,16,48,271.5
250,16,50,277.3
250,16,52,277.3
250,16,54,277.3
250,16,56,271.8
250,16,58,274.3
250,16,60,274.4
250,16,62,274.5
250,16,64,273.1
250,16,66,272.6
250,16,68,272.7
250,16,70,269.2
250,16,72,269.7
250,16,74,274.7
250,16,76,274.8
250,16,78,274.0
250,16,80,271.7
250,16,82,272.9
250,16,84,272.0
250,16,86,274.4
250,16,88,274.3
250,16,90,270.1
250,16,92,271.3
250,16,94,273.1
250,16,96,272.1
250,16,98,275.7
250,16,100,274.5
250,16,102,269.7
250,16,104,268.6
250,16,106,268.8
250,16,108,271.2
250,16,110,268.4
250,16,112,267.4
250,16,114,274.8
250,16,116,269.9
250,16,118,268.8
250,16,120,269.5
250,16,122,271.3
250,16,124,263.7
250,16,126,267.5
250,16,128,266.5
250,16,130,261.8
250,16,132,269.0
250,16,134,264.1
250,16,136,265.3
250,16,138,263.9
250,16,140,265.6
250,16,142,266.7
250,16,144,261.9
250,16,146,260.9
250,16,148,261.7
250,16,150,263.3
250,16,152,264.4
250,16,154,259.6
250,16,156,258.7
250,16,158,260.1
250,16,160,261.1
250,16,162,256.4
250,16,164,257.5
250,16,166,256.5
250,16,168,257.8
250,16,170,258.9
250,16,172,254.3
250,16,174,254.7
250,16,176,254.2
250,16,178,255.6
250,16,180,256.8
250,18,0,280.5
250,18,2,280.5
250,18,4,277.9
250,18,6,278.9
250,18,8,278.9
250,18,10,278.0
250,18,12,280.5
250,18,14,280.5
250,18,16,278.0
250,18,18,278.9
250,18,20,278.9
250,18,22,278.0
250,18,24,280.5
250,18,26,277.3
250,18,28,280.5
250,18,30,277.5
250,18,32,278.9
250,18,34,278.0
250,18,36,277.8
250,18,38,280.5
250,18,40,280.5
250,18,42,278.0
250,18,44,278.9
250,18,46,278.9
250,18,48,278.9
250,18,50,280.5
250,18,52,277.3
250,18,54,277.3
250,18,56,277.4
250,18,58,278.0
250,18,60,277.6
250,18,62,277.7
250,18,64,276.4
250,18,66,275.9
250,18,68,278.0
250,18,70,275.3
250,18,72,278.9
250,18,74,277.9
250,18,76,277.8
250,18,78,274.8
250,18,80,274.8
250,18,82,277.4
250,18,84,274.6
250,18,86,274.4
250,18,88,274.3
250,18,90,273.4
250,18,92,280.5
250,18,94,276.4
250,18,96,275.4
250,18,98,278.9
250,18,100,277.8
250,18,102,273.5
250,18,104,274.9
250,18,106,272.5
250,18,108,274.9
250,18,110,275.0
250,18,112,277.7
250,18,114,278.0
250,18,116,273.8
250,18,118,272.1
250,18,120,276.2
250,18,122,275.3
250,18,124,270.3
250,18,126,277.8
250,18,128,272.8
250,18,130,273.9
250,18,132,272.9
250,18,134,268.0
250,18,136,268.6
250,18,138,270.5
250,18,140,269.4
250,18,142,270.1
250,18,144,271.9
250,18,146,273.0
250,18,148,268.1
250,18,150,267.1
250,18,152,268.6
250,18,154,269.6
250,18,156,264.8
250,18,158,265.9
250,18,160,264.9
250,18,162,266.2
250,18,164,267.3
250,18,166,262.5
250,18,168,261.5
250,18,170,262.6
250,18,172,263.9
250,18,174,265.0
250,18,176,262.8
250,18,178,261.8
250,18,180,260.7
250,20,0,283.7
250,20,2,281.2
250,20,4,283.7
250,20,6,282.1
250,20,8,282.1
250,20,10,281.2
250,20,12,283.7
250,20,14,283.7
250,20,16,283.7
250,20,18,282.1
250,20,20,282.1
250,20,22,282.1
250,20,24,283.7
250,20,26,283.7
250,20,28,283.7
250,20,30,282.1
250,20,32,282.1
250,20,34,282.1
250,20,36,281.2
250,20,38,283.7
250,20,40,283.7
250,20,42,282.1
250,20,44,282.1
250,20,46,282.1
250,20,48,283.7
250,20,50,281.2
250,20,52,280.5
250,20,54,283.7
250,20,56,282.1
250,20,58,280.7
250,20,60,281.1
250,20,62,281.1
250,20,64,281.2
250,20,66,283.7
250,20,68,281.2
250,20,70,280.6
250,20,72,281.1
250,20,74,279.6
250,20,76,278.0
250,20,78,279.5
250,20,80,279.3
250,20,82,282.1
250,20,84,278.3
250,20,86,280.7
250,20,88,283.7
250,20,90,278.6
250,20,92,283.7
250,20,94,279.6
250,20,96,275.4
250,20,98,280.7
250,20,100,281.0
250,20,102,276.7
250,20,104,279.0
250,20,106,279.3
250,20,108,280.6
250,20,110,278.7
250,20,112,280.9
250,20,114,281.2
250,20,116,276.9
250,20,118,279.1
250,20,120,279.5
250,20,122,277.7
250,20,124,280.7
250,20,126,277.8
250,20,128,276.1
250,20,130,277.1
250,20,132,276.1
250,20,134,278.3
250,20,136,278.6
250,20,138,280.8
250,20,140,272.7
250,20,142,276.9
250,20,144,275.8
250,20,146,276.3
250,20,148,278.4
250,20,150,273.4
250,20,152,272.4
250,20,154,273.4
250,20,156,275.0
250,20,158,276.1
250,20,160,271.1
250,20,162,270.0
250,20,164,271.1
250,20,166,272.6
250,20,168,273.6
250,20,170,268.8
250,20,172,267.7
250,20,174,269.1
250,20,176,270.2
250,20,178,271.3
250,20,180,266.6
250,22,0,286.9
250,22,2,286.9
250,22,4,286.9
250,22,6,285.3
250,22,8,286.9
250,22,10,285.3
250,22,12,286.9
250,22,14,286.9
250,22,16,286.9
250,22,18,285.3
250,22,20,285.3
250,22,22,285.3
250,22,24,286.9
250,22,26,286.9
250,22,28,286.9
250,22,30,285.3
250,22,32,285.3
250,22,34,285.3
250,22,36,286.9
250,22,38,286.9
250,22,40,286.9
250,22,42,285.3
250,22,44,285.3
250,22,46,285.3
250,22,48,286.9
250,22,50,286.9
250,22,52,284.4
250,22,54,286.9
250,22,56,285.3
250,22,58,283.9
250,22,60,286.9
250,22,62,284.4
250,22,64,284.4
250,22,66,286.9
250,22,68,284.4
250,22,70,285.3
250,22,72,285.3
250,22,74,284.4
250,22,76,286.9
250,22,78,283.7
250,22,80,286.9
250,22,82,285.3
250,22,84,282.1
250,22,86,285.3
250,22,88,286.9
250,22,90,281.0
250,22,92,283.7
250,22,94,285.3
250,22,96,284.0
250,22,98,283.8
250,22,100,286.9
250,22,102,284.4
250,22,104,281.2
250,22,106,284.4
250,22,108,283.7
250,22,110,284.3
250,22,112,283.9
250,22,114,284.2
250,22,116,281.0
250,22,118,282.3
250,22,120,283.7
250,22,122,281.0
250,22,124,282.0
250,22,126,279.6
250,22,128,279.9
250,22,130,282.2
250,22,132,276.2
250,22,134,281.5
250,22,136,283.7
250,22,138,284.0
250,22,140,279.7
250,22,142,280.2
250,22,144,282.4
250,22,146,281.3
250,22,148,281.6
250,22,150,284.0
250,22,152,277.7
250,22,154,280.0
250,22,156,278.9
250,22,158,279.3
250,22,160,281.5
250,22,162,276.4
250,22,164,277.5
250,22,166,276.5
250,22,168,278.0
250,22,170,279.0
250,22,172,274.1
250,22,174,273.0
250,22,176,273.5
250,22,178,275.5
250,22,180,276.7
250,24,0,290.0
250,24,2,290.0
250,24,4,290.0
250,24,6,288.4
250,24,8,290.0
250,24,10,290.0
250,24,12,290.0
250,24,14,290.0
250,24,16,290.0
250,24,18,288.4
250,24,20,290.0
250,24,22,290.0
250,24,24,290.0
250,24,26,290.0
250,24,28,290.0
250,24,30,288.4
250,24,32,288.4
250,24,34,290.0
250,24,36,290.0
250,24,38,290.0
250,24,40,290.0
250,24,42,290.0
250,24,44,288.4
250,24,46,288.4
250,24,48,290.0
250,24,50,290.0
250,24,52,290.0
250,24,54,290.0
250,24,56,288.4
250,24,58,288.4
250,24,60,290.0
250,24,62,290.0
250,24,64,290.0
250,24,66,290.0
250,24,68,287.2
250,24,70,288.4
250,24,72,290.0
250,24,74,290.0
250,24,76,290.0
250,24,78,290.0
250,24,80,290.0
250,24,82,288.4
250,24,84,288.4
250,24,86,288.4
250,24,88,290.0
250,24,90,287.6
250,24,92,286.9
250,24,94,288.4
250,24,96,287.1
250,24,98,285.3
250,24,100,290.0
250,24,102,287.4
250,24,104,284.3
250,24,106,288.4
250,24,108,287.1
250,24,110,287.5
250,24,112,290.0
250,24,114,285.3
250,24,116,285.9
250,24,118,287.6
250,24,120,283.7
250,24,122,287.5
250,24,124,286.9
250,24,126,287.1
250,24,128,284.0
250,24,130,285.3
250,24,132,285.6
250,24,134,284.5
250,24,136,286.9
250,24,138,287.1
250,24,140,282.9
250,24,142,285.3
250,24,144,285.6
250,24,146,284.5
250,24,148,286.9
250,24,150,284.0
250,24,152,282.8
250,24,154,280.0
250,24,156,282.1
250,24,158,284.4
250,24,160,284.6
250,24,162,280.4
250,24,164,280.8
250,24,166,283.0
250,24,168,282.0
250,24,170,282.2
250,24,172,284.6
250,24,174,279.5
250,24,176,280.6
250,24,178,282.2
250,24,180,281.2
250,26,0,293.1
250,26,2,293.1
250,26,4,291.5
250,26,6,291.5
250,26,8,293.1
250,26,10,293.1
250,26,12,293.1
250,26,14,293.1
250,26,16,293.1
250,26,18,293.1
250,26,20,293.1
250,26,22,293.1
250,26,24,293.1
250,26,26,293.1
250,26,28,293.1
250,26,30,293.1
250,26,32,291.5
250,26,34,293.1
250,26,36,293.1
250,26,38,293.1
250,26,40,293.1
250,26,42,293.1
250,26,44,293.1
250,26,46,291.5
250,26,48,293.1
250,26,50,293.1
250,26,52,293.1
250,26,54,293.1
250,26,56,291.5
250,26,58,291.5
250,26,60,293.1
250,26,62,293.1
250,26,64,290.5
250,26,66,293.1
250,26,68,291.5
250,26,70,291.5
250,26,72,293.1
250,26,74,291.5
250,26,76,293.1
250,26,78,293.1
250,26,80,293.1
250,26,82,291.5
250,26,84,291.5
250,26,86,293.1
250,26,88,293.1
250,26,90,290.7
250,26,92,291.5
250,26,94,289.9
250,26,96,291.5
250,26,98,291.5
250,26,100,290.0
250,26,102,290.5
250,26,104,290.0
250,26,106,291.5
250,26,108,290.7
250,26,110,290.6
250,26,112,293.1
250,26,114,290.3
250,26,116,289.0
250,26,118,290.7
250,26,120,288.7
250,26,122,290.6
250,26,124,290.0
250,26,126,287.1
250,26,128,287.1
250,26,130,290.7
250,26,132,288.7
250,26,134,289.8
250,26,136,290.0
250,26,138,290.1
250,26,140,288.3
250,26,142,288.5
250,26,144,289.8
250,26,146,289.8
250,26,148,290.0
250,26,150,290.1
250,26,152,286.0
250,26,154,288.5
250,26,156,287.4
250,26,158,287.6
250,26,160,290.0
250,26,162,283.8
250,26,164,286.0
250,26,166,286.2
250,26,168,288.7
250,26,170,287.6
250,26,172,284.6
250,26,174,290.3
250,26,176,287.9
250,26,178,286.7
250,26,180,285.3
250,28,0,296.1
250,28,2,296.1
250,28,4,296.1
250,28,6,294.6
250,28,8,296.1
250,28,10,296.1
250,28,12,296.1
250,28,14,296.1
250,28,16,296.1
250,28,18,294.6
250,28,20,296.1
250,28,22,296.1
250,28,24,296.1
250,28,26,296.1
250,28,28,296.1
250,28,30,296.1
250,28,32,294.6
250,28,34,294.6
250,28,36,296.1
250,28,38,296.1
250,28,40,296.1
250,28,42,296.1
250,28,44,296.1
250,28,46,296.1
250,28,48,296.1
250,28,50,296.1
250,28,52,296.1
250,28,54,296.1
250,28,56,294.6
250,28,58,294.6
250,28,60,296.1
250,28,62,296.1
250,28,64,296.1
250,28,66,296.1
250,28,68,296.1
250,28,70,296.1
250,28,72,296.1
250,28,74,296.1
250,28,76,296.1
250,28,78,296.1
250,28,80,294.6
250,28,82,294.6
250,28,84,294.6
250,28,86,296.1
250,28,88,296.1
250,28,90,296.1
250,28,92,296.1
250,28,94,293.2
250,28,96,296.1
250,28,98,296.1
250,28,100,296.1
250,28,102,296.1
250,28,104,296.1
250,28,106,294.6
250,28,108,293.8
250,28,110,294.6
250,28,112,296.1
250,28,114,293.8
250,28,116,293.1
250,28,118,294.6
250,28,120,293.8
250,28,122,296.1
250,28,124,293.0
250,28,126,292.2
250,28,128,293.8
250,28,130,293.8
250,28,132,293.8
250,28,134,290.7
250,28,136,293.0
250,28,138,290.1
250,28,140,291.4
250,28,142,290.2
250,28,144,292.9
250,28,146,292.9
250,28,148,290.0
250,28,150,293.2
250,28,152,291.5
250,28,154,291.6
250,28,156,291.6
250,28,158,293.0
250,28,160,293.1
250,28,162,293.2
250,28,164,291.0
250,28,166,290.5
250,28,168,290.5
250,28,170,290.7
250,28,172,293.3
250,28,174,293.6
250,28,176,290.9
250,28,178,290.9
250,28,180,291.8
250,30,0,299.2
250,30,2,299.2
250,30,4,299.2
250,30,6,297.7
250,30,8,299.2
250,30,10,299.2
250,30,12,299.2
250,30,14,299.2
250,30,16,299.2
250,30,18,299.2
250,30,20,299.2
250,30,22,299.2
250,30,24,299.2
250,30,26,299.2
250,30,28,299.2
250,30,30,297.7
250,30,32,297.7
250,30,34,299.2
250,30,36,299.2
250,30,38,299.2
250,30,40,299.2
250,30,42,299.2
250,30,44,299.2
250,30,46,299.2
250,30,48,299.2
250,30,50,299.2
250,30,52,299.2
250,30,54,299.2
250,30,56,299.2
250,30,58,297.7
250,30,60,299.2
250,30,62,299.2
250,30,64,299.2
250,30,66,299.2
250,30,68,299.2
250,30,70,299.2
250,30,72,299.2
250,30,74,299.2
250,30,76,299.2
250,30,78,297.7
250,30,80,297.7
250,30,82,299.2
250,30,84,299.2
250,30,86,299.2
250,30,88,299.2
250,30,90,299.2
250,30,92,297.7
250,30,94,299.2
250,30,96,299.2
250,30,98,299.2
250,30,100,299.2
250,30,102,296.8
250,30,104,299.2
250,30,106,297.7
250,30,108,299.2
250,30,110,297.7
250,30,112,299.2
250,30,114,299.2
250,30,116,296.1
250,30,118,297.7
250,30,120,296.4
250,30,122,299.2
250,30,124,296.8
250,30,126,296.8
250,30,128,296.8
250,30,130,296.8
250,30,132,296.8
250,30,134,296.7
250,30,136,294.3
250,30,138,296.1
250,30,140,294.4
250,30,142,294.5
250,30,144,294.5
250,30,146,295.9
250,30,148,296.0
250,30,150,296.1
250,30,152,294.3
250,30,154,294.6
250,30,156,295.8
250,30,158,296.1
250,30,160,296.2
250,30,162,296.8
250,30,164,294.7
250,30,166,293.4
250,30,168,295.3
250,30,170,296.3
250,30,172,296.3
250,30,174,299.2
250,30,176,296.6
250,30,178,293.9
250,30,180,294.9
250,32,0,302.2
250,32,2,302.2
250,32,4,302.2
250,32,6,302.2
250,32,8,302.2
250,32,10,302.2
250,32,12,302.2
250,32,14,302.2
250,32,16,302.2
250,32,18,302.2
250,32,20,302.2
250,32,22,302.2
250,32,24,302.2
250,32,26,302.2
250,32,28,302.2
250,32,30,302.2
250,32,32,302.2
250,32,34,302.2
250,32,36,302.2
250,32,38,302.2
250,32,40,302.2
250,32,42,302.2
250,32,44,302.2
250,32,46,302.2
250,32,48,302.2
250,32,50,302.2
250,32,52,302.2
250,32,54,302.2
250,32,56,302.2
250,32,58,302.2
250,32,60,302.2
250,32,62,302.2
250,32,64,302.2
250,32,66,302.2
250,32,68,302.2
250,32,70,302.2
250,32,72,300.7
250,32,74,302.2
250,32,76,302.2
250,32,78,302.2
250,32,80,302.2
250,32,82,300.7
250,32,84,302.2
250,32,86,302.2
250,32,88,302.2
250,32,90,302.2
250,32,92,302.2
250,32,94,300.7
250,32,96,302.2
250,32,98,302.2
250,32,100,302.2
250,32,102,302.2
250,32,104,302.2
250,32,106,302.2
250,32,108,302.2
250,32,110,302.2
250,32,112,302.2
250,32,114,302.2
250,32,116,302.2
250,32,118,302.2
250,32,120,302.2
250,32,122,302.2
250,32,124,302.2
250,32,126,302.2
250,32,128,302.2
250,32,130,302.2
250,32,132,300.7
250,32,134,300.7
250,32,136,299.8
250,32,138,299.8
250,32,140,299.2
250,32,142,299.7
250,32,144,299.8
250,32,146,297.7
250,32,148,298.9
250,32,150,298.9
250,32,152,298.9
250,32,154,299.0
250,32,156,298.8
250,32,158,297.3
250,32,160,299.0
250,32,162,299.8
250,32,164,297.7
250,32,166,298.8
250,32,168,299.3
250,32,170,299.3
250,32,172,302.2
250,32,174,302.2
250,32,176,299.6
250,32,178,299.8
250,32,180,297.9
250,34,0,305.1
250,34,2,305.1
250,34,4,305.1
250,34,6,305.1
250,34,8,305.1
250,34,10,305.1
250,34,12,305.1
250,34,14,305.1
250,34,16,305.1
250,34,18,305.1
250,34,20,305.1
250,34,22,305.1
250,34,24,305.1
250,34,26,305.1
250,34,28,305.1
250,34,30,305.1
250,34,32,305.1
250,34,34,305.1
250,34,36,305.1
250,34,38,305.1
250,34,40,305.1
250,34,42,305.1
250,34,44,305.1
250,34,46,305.1
250,34,48,305.1
250,34,50,305.1
250,34,52,305.1
250,34,54,305.1
250,34,56,305.1
250,34,58,305.1
250,34,60,305.1
250,34,62,305.1
250,34,64,305.1
250,34,66,305.1
250,34,68,305.1
250,34,70,303.6
250,34,72,305.1
250,34,74,305.1
250,34,76,305.1
250,34,78,305.1
250,34,80,305.1
250,34,82,305.1
250,34,84,305.1
250,34,86,305.1
250,34,88,305.1
250,34,90,305.1
250,34,92,305.1
250,34,94,305.1
250,34,96,303.6
250,34,98,305.1
250,34,100,305.1
250,34,102,305.1
250,34,104,305.1
250,34,106,305.1
250,34,108,305.1
250,34,110,305.1
250,34,112,305.1
250,34,114,305.1
250,34,116,305.1
250,34,118,305.1
250,34,120,305.1
250,34,122,305.1
250,34,124,305.1
250,34,126,305.1
250,34,128,305.1
250,34,130,303.6
250,34,132,303.6
250,34,134,303.6
250,34,136,305.1
250,34,138,302.8
250,34,140,305.1
250,34,142,305.1
250,34,144,303.6
250,34,146,303.6
250,34,148,301.7
250,34,150,302.2
250,34,152,302.8
250,34,154,302.2
250,34,156,301.9
250,34,158,301.9
250,34,160,300.6
250,34,162,302.8
250,34,164,303.6
250,34,166,302.2
250,34,168,302.3
250,34,170,301.3
250,34,172,305.1
250,34,174,302.2
250,34,176,302.6
250,34,178,302.7
250,34,180,302.7
250,36,0,308.1
250,36,2,308.1
250,36,4,308.1
250,36,6,308.1
250,36,8,308.1
250,36,10,308.1
250,36,12,308.1
250,36,14,308.1
250,36,16,308.1
250,36,18,308.1
250,36,20,308.1
250,36,22,308.1
250,36,24,308.1
250,36,26,308.1
250,36,28,308.1
250,36,30,308.1
250,36,32,308.1
250,36,34,308.1
250,36,36,308.1
250,36,38,308.1
250,36,40,308.1
250,36,42,308.1
250,36,44,308.1
250,36,46,308.1
250,36,48,308.1
250,36,50,308.1
250,36,52,308.1
250,36,54,308.1
250,36,56,308.1
250,36,58,308.1
250,36,60,308.1
250,36,62,308.1
250,36,64,308.1
250,36,66,308.1
250,36,68,308.1
250,36,70,308.1
250,36,72,308.1
250,36,74,308.1
250,36,76,308.1
250,36,78,308.1
250,36,80,308.1
250,36,82,308.1
250,36,84,308.1
250,36,86,308.1
250,36,88,308.1
250,36,90,308.1
250,36,92,308.1
250,36,94,308.1
250,36,96,308.1
250,36,98,308.1
250,36,100,308.1
250,36,102,308.1
250,36,104,308.1
250,36,106,308.1
250,36,108,308.1
250,36,110,308.1
250,36,112,308.1
250,36,114,308.1
250,36,116,308.1
250,36,118,308.1
250,36,120,308.1
250,36,122,308.1
250,36,124,308.1
250,36,126,308.1
250,36,128,306.6
250,36,130,306.6
250,36,132,308.1
250,36,134,308.1
250,36,136,306.6
250,36,138,308.1
250,36,140,308.1
250,36,142,308.1
250,36,144,308.1
250,36,146,308.1
250,36,148,305.7
250,36,150,305.6
250,36,152,308.1
250,36,154,306.6
250,36,156,306.6
250,36,158,306.6
250,36,160,305.0
250,36,162,306.6
250,36,164,306.6
250,36,166,305.2
250,36,168,305.2
250,36,170,304.9
250,36,172,308.1
250,36,174,305.4
250,36,176,304.3
250,36,178,306.6
250,36,180,306.6
250,38,0,311.0
250,38,2,311.0
250,38,4,311.0
250,38,6,311.0
250,38,8,311.0
250,38,10,311.0
250,38,12,311.0
250,38,14,311.0
250,38,16,311.0
250,38,18,311.0
250,38,20,311.0
250,38,22,311.0
250,38,24,311.0
250,38,26,311.0
250,38,28,311.0
250,38,30,311.0
250,38,32,311.0
250,38,34,311.0
250,38,36,311.0
250,38,38,311.0
250,38,40,311.0
250,38,42,311.0
250,38,44,311.0
250,38,46,311.0
250,38,48,311.0
250,38,50,311.0
250,38,52,311.0
250,38,54,311.0
250,38,56,311.0
250,38,58,311.0
250,38,60,311.0
250,38,62,311.0
250,38,64,311.0
250,38,66,311.0
250,38,68,311.0
250,38,70,311.0
250,38,72,311.0
250,38,74,311.0
250,38,76,311.0
250,38,78,311.0
250,38,80,311.0
250,38,82,311.0
250,38,84,311.0
250,38,86,311.0
250,38,88,311.0
250,38,90,311.0
250,38,92,311.0
250,38,94,311.0
250,38,96,311.0
250,38,98,311.0
250,38,100,311.0
250,38,102,311.0
250,38,104,311.0
250,38,106,311.0
250,38,108,311.0
250,38,110,311.0
250,38,112,311.0
250,38,114,311.0
250,38,116,311.0
250,38,118,311.0
250,38,120,311.0
250,38,122,311.0
250,38,124,311.0
250,38,126,311.0
250,38,128,311.0
250,38,130,311.0
250,38,132,311.0
250,38,134,311.0
250,38,136,311.0
250,38,138,311.0
250,38,140,311.0
250,38,142,311.0
250,38,144,311.0
250,38,146,311.0
250,38,148,311.0
250,38,150,311.0
250,38,152,311.0
250,38,154,309.5
250,38,156,309.5
250,38,158,311.0
250,38,160,311.0
250,38,162,311.0
250,38,164,309.5
250,38,166,308.1
250,38,168,308.0
250,38,170,309.5
250,38,172,311.0
250,38,174,308.7
250,38,176,308.2
250,38,178,308.6
250,38,180,309.5
250,40,0,313.8
250,40,2,313.8
250,40,4,313.8
250,40,6,313.8
250,40,8,313.8
250,40,10,313.8
250,40,12,313.8
250,40,14,313.8
250,40,16,313.8
250,40,18,313.8
250,40,20,313.8
250,40,22,313.8
250,40,24,313.8
250,40,26,313.8
250,40,28,313.8
250,40,30,313.8
250,40,32,313.8
250,40,34,313.8
250,40,36,313.8
250,40,38,313.8
250,40,40,313.8
250,40,42,313.8
250,40,44,313.8
250,40,46,313.8
250,40,48,313.8
250,40,50,313.8
250,40,52,313.8
250,40,54,313.8
250,40,56,313.8
250,40,58,313.8
250,40,60,313.8
250,40,62,313.8
250,40,64,313.8
250,40,66,313.8
250,40,68,313.8
250,40,70,313.8
250,40,72,313.8
250,40,74,313.8
250,40,76,313.8
250,40,78,313.8
250,40,80,313.8
250,40,82,313.8
250,40,84,313.8
250,40,86,313.8
250,40,88,313.8
250,40,90,313.8
250,40,92,313.8
250,40,94,313.8
250,40,96,313.8
250,40,98,313.8
250,40,100,313.8
250,40,102,313.8
250,40,104,313.8
250,40,106,313.8
250,40,108,313.8
250,40,110,313.8
250,40,112,313.8
250,40,114,313.8
250,40,116,313.8
250,40,118,313.8
250,40,120,313.8
250,40,122,313.8
250,40,124,313.8
250,40,126,313.8
250,40,128,313.8
250,40,130,313.8
250,40,132,313.8
250,40,134,313.8
250,40,136,313.8
250,40,138,313.8
250,40,140,313.8
250,40,142,313.8
250,40,144,313.8
250,40,146,313.8
250,40,148,313.8
250,40,150,313.8
250,40,152,313.8
250,40,154,313.8
250,40,156,312.4
250,40,158,313.8
250,40,160,313.8
250,40,162,313.8
250,40,164,313.8
250,40,166,313.8
250,40,168,313.8
250,40,170,313.8
250,40,172,313.8
250,40,174,311.6
250,40,176,313.8
250,40,178,312.4
250,40,180,312.4
250,42,0,316.7
250,42,2,316.7
250,42,4,316.7
250,42,6,316.7
250,42,8,316.7
250,42,10,316.7
250,42,12,316.7
250,42,14,316.7
250,42,16,316.7
250,42,18,316.7
250,42,20,316.7
250,42,22,316.7
250,42,24,316.7
250,42,26,316.7
250,42,28,316.7
250,42,30,316.7
250,42,32,316.7
250,42,34,316.7
250,42,36,316.7
250,42,38,316.7
250,42,40,316.7
250,42,42,316.7
250,42,44,316.7
250,42,46,316.7
250,42,48,316.7
250,42,50,316.7
250,42,52,316.7
250,42,54,316.7
250,42,56,316.7
250,42,58,316.7
250,42,60,316.7
250,42,62,316.7
250,42,64,316.7
250,42,66,316.7
250,42,68,316.7
250,42,70,316.7
250,42,72,316.7
250,42,74,316.7
250,42,76,316.7
250,42,78,316.7
250,42,80,316.7
250,42,82,316.7
250,42,84,316.7
250,42,86,316.7
250,42,88,316.7
250,42,90,316.7
250,42,92,316.7
250,42,94,316.7
250,42,96,316.7
250,42,98,316.7
250,42,100,316.7
250,42,102,316.7
250,42,104,316.7
250,42,106,316.7
250,42,108,316.7
250,42,110,316.7
250,42,112,316.7
250,42,114,316.7
250,42,116,316.7
250,42,118,316.7
250,42,120,316.7
250,42,122,316.7
250,42,124,316.7
250,42,126,316.7
250,42,128,316.7
250,42,130,316.7
250,42,132,316.7
250,42,134,316.7
250,42,136,316.7
250,42,138,316.7
250,42,140,316.7
250,42,142,316.7
250,42,144,316.7
250,42,146,316.7
250,42,148,316.7
250,42,150,316.7
250,42,152,316.7
250,42,154,316.7
250,42,156,316.7
250,42,158,316.7
250,42,160,316.7
250,42,162,316.7
250,42,164,316.7
250,42,166,316.7
250,42,168,316.7
250,42,170,316.7
250,42,172,316.7
250,42,174,316.7
250,42,176,316.7
250,42,178,316.7
250,42,180,316.7
250,44,0,319.5
250,44,2,319.5
250,44,4,319.5
250,44,6,319.5
250,44,8,319.5
250,44,10,319.5
250,44,12,319.5
250,44,14,319.5
250,44,16,319.5
250,44,18,319.5
250,44,20,319.5
250,44,22,319.5
250,44,24,319.5
250,44,26,319.5
250,44,28,319.5
250,44,30,319.5
250,44,32,319.5
250,44,34,319.5
250,44,36,319.5
250,44,38,319.5
250,44,40,319.5
250,44,42,319.5
250,44,44,319.5
250,44,46,319.5
250,44,48,319.5
250,44,50,319.5
250,44,52,319.5
250,44,54,319.5
250,44,56,319.5
250,44,58,319.5
250,44,60,319.5
250,44,62,319.5
250,44,64,319.5
250,44,66,319.5
250,44,68,319.5
250,44,70,319.5
250,44,72,319.5
250,44,74,319.5
250,44,76,319.5
250,44,78,319.5
250,44,80,319.5
250,44,82,319.5
250,44,84,319.5
250,44,86,319.5
250,44,88,319.5
250,44,90,319.5
250,44,92,319.5
250,44,94,319.5
250,44,96,319.5
250,44,98,319.5
250,44,100,319.5
250,44,102,319.5
250,44,104,319.5
250,44,106,319.5
250,44,108,319.5
250,44,110,319.5
250,44,112,319.5
250,44,114,319.5
250,44,116,319.5
250,44,118,319.5
250,44,120,319.5
250,44,122,319.5
250,44,124,319.5
250,44,126,319.5
250,44,128,319.5
250,44,130,319.5
250,44,132,319.5
250,44,134,319.5
250,44,136,319.5
250,44,138,319.5
250,44,140,319.5
250,44,142,319.5
250,44,144,319.5
250,44,146,319.5
250,44,148,319.5
250,44,150,319.5
250,44,152,319.5
250,44,154,319.5
250,44,156,319.5
250,44,158,319.5
250,44,160,319.5
250,44,162,319.5
250,44,164,319.5
250,44,166,319.5
250,44,168,319.5
250,44,170,319.5
250,44,172,319.5
250,44,174,319.5
250,44,176,319.5
250,44,178,319.5
250,44,180,319.5
250,46,0,322.3
250,46,2,322.3
250,46,4,322.3
250,46,6,322.3
250,46,8,322.3
250,46,10,322.3
250,46,12,322.3
250,46,14,322.3
250,46,16,322.3
250,46,18,322.3
250,46,20,322.3
250,46,22,322.3
250,46,24,322.3
250,46,26,322.3
250,46,28,322.3
250,46,30,322.3
250,46,32,322.3
250,46,34,322.3
250,46,36,322.3
250,46,38,322.3
250,46,40,322.3
250,46,42,322.3
250,46,44,322.3
250,46,46,322.3
250,46,48,322.3
250,46,50,322.3
250,46,52,322.3
250,46,54,322.3
250,46,56,322.3
250,46,58,322.3
250,46,60,322.3
250,46,62,322.3
250,46,64,322.3
250,46,66,322.3
250,46,68,322.3
250,46,70,322.3
250,46,72,322.3
250,46,74,322.3
250,46,76,322.3
250,46,78,322.3
250,46,80,322.3
250,46,82,322.3
250,46,84,322.3
250,46,86,322.3
250,46,88,322.3
250,46,90,322.3
250,46,92,322.3
250,46,94,322.3
250,46,96,322.3
250,46,98,322.3
250,46,100,322.3
250,46,102,322.3
250,46,104,322.3
250,46,106,322.3
250,46,108,322.3
250,46,110,322.3
250,46,112,322.3
250,46,114,322.3
250,46,116,322.3
250,46,118,322.3
250,46,120,322.3
250,46,122,322.3
250,46,124,322.3
250,46,126,322.3
250,46,128,322.3
250,46,130,322.3
250,46,132,322.3
250,46,134,322.3
250,46,136,322.3
250,46,138,322.3
250,46,140,322.3
250,46,142,322.3
250,46,144,322.3
250,46,146,322.3
250,46,148,322.3
250,46,150,322.3
250,46,152,322.3
250,46,154,322.3
250,46,156,322.3
250,46,158,322.3
250,46,160,322.3
250,46,162,322.3
250,46,164,322.3
250,46,166,322.3
250,46,168,322.3
250,46,170,322.3
250,46,172,322.3
250,46,174,322.3
250,46,176,322.3
250,46,178,322.3
250,46,180,322.3
250,48,0,325.1
250,48,2,325.1
250,48,4,325.1
250,48,6,325.1
250,48,8,325.1
250,48,10,325.1
250,48,12,325.1
250,48,14,325.1
250,48,16,325.1
250,48,18,325.1
250,48,20,325.1
250,48,22,325.1
250,48,24,325.1
250,48,26,325.1
250,48,28,325.1
250,48,30,325.1
250,48,32,325.1
250,48,34,325.1
250,48,36,325.1
250,48,38,325.1
250,48,40,325.1
250,48,42,325.1
250,48,44,325.1
250,48,46,325.1
250,48,48,325.1
250,48,50,325.1
250,48,52,325.1
250,48,54,325.1
250,48,56,325.1
250,48,58,325.1
250,48,60,325.1
250,48,62,325.1
250,48,64,325.1
250,48,66,325.1
250,48,68,325.1
250,48,70,325.1
250,48,72,325.1
250,48,74,325.1
250,48,76,325.1
250,48,78,325.1
250,48,80,325.1
250,48,82,325.1
250,48,84,325.1
250,48,86,325.1
250,48,88,325.1
250,48,90,325.1
250,48,92,325.1
250,48,94,325.1
250,48,96,325.1
250,48,98,325.1
250,48,100,325.1
250,48,102,325.1
250,48,104,325.1
250,48,106,325.1
250,48,108,325.1
250,48,110,325.1
250,48,112,325.1
250,48,114,325.1
250,48,116,325.1
250,48,118,325.1
250,48,120,325.1
250,48,122,325.1
250,48,124,325.1
250,48,126,325.1
250,48,128,325.1
250,48,130,325.1
250,48,132,325.1
250,48,134,325.1
250,48,136,325.1
250,48,138,325.1
250,48,140,325.1
250,48,142,325.1
250,48,144,325.1
250,48,146,325.1
250,48,148,325.1
250,48,150,325.1
250,48,152,325.1
250,48,154,325.1
250,48,156,325.1
250,48,158,325.1
250,48,160,325.1
250,48,162,325.1
250,48,164,325.1
250,48,166,325.1
250,48,168,325.1
250,48,170,325.1
250,48,172,325.1
250,48,174,325.1
250,48,176,325.1
250,48,178,325.1
250,48,180,325.1
250,50,0,327.9
250,50,2,327.9
250,50,4,327.9
250,50,6,327.9
250,50,8,327.9
250,50,10,327.9
250,50,12,327.9
250,50,14,327.9
250,50,16,327.9
250,50,18,327.9
250,50,20,327.9
250,50,22,327.9
250,50,24,327.9
250,50,26,327.9
250,50,28,327.9
250,50,30,327.9
250,50,32,327.9
250,50,34,327.9
250,50,36,327.9
250,50,38,327.9
250,50,40,327.9
250,50,42,327.9
250,50,44,327.9
250,50,46,327.9
250,50,48,327.9
250,50,50,327.9
250,50,52,327.9
250,50,54,327.9
250,50,56,327.9
250,50,58,327.9
250,50,60,327.9
250,50,62,327.9
250,50,64,327.9
250,50,66,327.9
250,50,68,327.9
250,50,70,327.9
250,50,72,327.9
250,50,74,327.9
250,50,76,327.9
250,50,78,327.9
250,50,80,327.9
250,50,82,327.9
250,50,84,327.9
250,50,86,327.9
250,50,88,327.9
250,50,90,327.9
250,50,92,327.9
250,50,94,327.9
250,50,96,327.9
250,50,98,327.9
250,50,100,327.9
250,50,102,327.9
250,50,104,327.9
250,50,106,327.9
250,50,108,327.9
250,50,110,327.9
250,50,112,327.9
250,50,114,327.9
250,50,116,327.9
250,50,118,327.9
250,50,120,327.9
250,50,122,327.9
250,50,124,327.9
250,50,126,327.9
250,50,128,327.9
250,50,130,327.9
250,50,132,327.9
250,50,134,327.9
250,50,136,327.9
250,50,138,327.9
250,50,140,327.9
250,50,142,327.9
250,50,144,327.9
250,50,146,327.9
250,50,148,327.9
250,50,150,327.9
250,50,152,327.9
250,50,154,327.9
250,50,156,327.9
250,50,158,327.9
250,50,160,327.9
250,50,162,327.9
250,50,164,327.9
250,50,166,327.9
250,50,168,327.9
250,50,170,327.9
250,50,172,327.9
250,50,174,327.9
250,50,176,327.9
250,50,178,327.9
250,50,180,327.9
250,52,0,330.6
250,52,2,330.6
250,52,4,330.6
250,52,6,330.6
250,52,8,330.6
250,52,10,330.6
250,52,12,330.6
250,52,14,330.6
250,52,16,330.6
250,52,18,330.6
250,52,20,330.6
250,52,22,330.6
250,52,24,330.6
250,52,26,330.6
250,52,28,330.6
250,52,30,330.6
250,52,32,330.6
250,52,34,330.6
250,52,36,330.6
250,52,38,330.6
250,52,40,330.6
250,52,42,330.6
250,52,44,330.6
250,52,46,330.6
250,52,48,330.6
250,52,50,330.6
250,52,52,330.6
250,52,54,330.6
250,52,56,330.6
250,52,58,330.6
250,52,60,330.6
250,52,62,330.6
250,52,64,330.6
250,52,66,330.6
250,52,68,330.6
250,52,70,330.6
250,52,72,330.6
250,52,74,330.6
250,52,76,330.6
250,52,78,330.6
250,52,80,330.6
250,52,82,330.6
250,52,84,330.6
250,52,86,330.6
250,52,88,330.6
250,52,90,330.6
250,52,92,330.6
250,52,94,330.6
250,52,96,330.6
250,52,98,330.6
250,52,100,330.6
250,52,102,330.6
250,52,104,330.6
250,52,106,330.6
250,52,108,330.6
250,52,110,330.6
250,52,112,330.6
250,52,114,330.6
250,52,116,330.6
250,52,118,330.6
250,52,120,330.6
250,52,122,330.6
250,52,124,330.6
250,52,126,330.6
250,52,128,330.6
250,52,130,330.6
250,52,132,330.6
250,52,134,330.6
250,52,136,330.6
250,52,138,330.6
250,52,140,330.6
250,52,142,330.6
250,52,144,330.6
250,52,146,330.6
250,52,148,330.6
250,52,150,330.6
250,52,152,330.6
250,52,154,330.6
250,52,156,330.6
250,52,158,330.6
250,52,160,330.6
250,52,162,330.6
250,52,164,330.6
250,52,166,330.6
250,52,168,330.6
250,52,170,330.6
250,52,172,330.6
250,52,174,330.6
250,52,176,330.6
250,52,178,330.6
250,52,180,330.6
250,54,0,333.3
250,54,2,333.3
250,54,4,333.3
250,54,6,333.3
250,54,8,333.3
250,54,10,333.3
250,54,12,333.3
250,54,14,333.3
250,54,16,333.3
250,54,18,333.3
250,54,20,333.3
250,54,22,333.3
250,54,24,333.3
250,54,26,333.3
250,54,28,333.3
250,54,30,333.3
250,54,32,333.3
250,54,34,333.3
250,54,36,333.3
250,54,38,333.3
250,54,40,333.3
250,54,42,333.3
250,54,44,333.3
250,54,46,333.3
250,54,48,333.3
250,54,50,333.3
250,54,52,333.3
250,54,54,333.3
250,54,56,333.3
250,54,58,333.3
250,54,60,333.3
250,54,62,333.3
250,54,64,333.3
250,54,66,333.3
250,54,68,333.3
250,54,70,333.3
250,54,72,333.3
250,54,74,333.3
250,54,76,333.3
250,54,78,333.3
250,54,80,333.3
250,54,82,333.3
250,54,84,333.3
250,54,86,333.3
250,54,88,333.3
250,54,90,333.3
250,54,92,333.3
250,54,94,333.3
250,54,96,333.3
250,54,98,333.3
250,54,100,333.3
250,54,102,333.3
250,54,104,333.3
250,54,106,333.3
250,54,108,333.3
250,54,110,333.3
250,54,112,333.3
250,54,114,333.3
250,54,116,333.3
250,54,118,333.3
250,54,120,333.3
250,54,122,333.3
250,54,124,333.3
250,54,126,333.3
250,54,128,333.3
250,54,130,333.3
250,54,132,333.3
250,54,134,333.3
250,54,136,333.3
250,54,138,333.3
250,54,140,333.3
250,54,142,333.3
250,54,144,333.3
250,54,146,333.3
250,54,148,333.3
250,54,150,333.3
250,54,152,333.3
250,54,154,333.3
250,54,156,333.3
250,54,158,333.3
250,54,160,333.3
250,54,162,333.3
250,54,164,333.3
250,54,166,333.3
250,54,168,333.3
250,54,170,333.3
250,54,172,333.3
250,54,174,333.3
250,54,176,333.3
250,54,178,333.3
250,54,180,333.3
250,56,0,336.0
250,56,2,336.0
250,56,4,336.0
250,56,6,336.0
250,56,8,336.0
250,56,10,336.0
250,56,12,336.0
250,56,14,336.0
250,56,16,336.0
250,56,18,336.0
250,56,20,336.0
250,56,22,336.0
250,56,24,336.0
250,56,26,336.0
250,56,28,336.0
250,56,30,336.0
250,56,32,336.0
250,56,34,336.0
250,56,36,336.0
250,56,38,336.0
250,56,40,336.0
250,56,42,336.0
250,56,44,336.0
250,56,46,336.0
250,56,48,336.0
250,56,50,336.0
250,56,52,336.0
250,56,54,336.0
250,56,56,336.0
250,56,58,336.0
250,56,60,336.0
250,56,62,336.0
250,56,64,336.0
250,56,66,336.0
250,56,68,336.0
250,56,70,336.0
250,56,72,336.0
250,56,74,336.0
250,56,76,336.0
250,56,78,336.0
250,56,80,336.0
250,56,82,336.0
250,56,84,336.0
250,56,86,336.0
250,56,88,336.0
250,56,90,336.0
250,56,92,336.0
250,56,94,336.0
250,56,96,336.0
250,56,98,336.0
250,56,100,336.0
250,56,102,336.0
250,56,104,336.0
250,56,106,336.0
250,56,108,336.0
250,56,110,336.0
250,56,112,336.0
250,56,114,336.0
250,56,116,336.0
250,56,118,336.0
250,56,120,336.0
250,56,122,336.0
250,56,124,336.0
250,56,126,336.0
250,56,128,336.0
250,56,130,336.0
250,56,132,336.0
250,56,134,336.0
250,56,136,336.0
250,56,138,336.0
250,56,140,336.0
250,56,142,336.0
250,56,144,336.0
250,56,146,336.0
250,56,148,336.0
250,56,150,336.0
250,56,152,336.0
250,56,154,336.0
250,56,156,336.0
250,56,158,336.0
250,56,160,336.0
250,56,162,336.0
250,56,164,336.0
250,56,166,336.0
250,56,168,336.0
250,56,170,336.0
250,56,172,336.0
250,56,174,336.0
250,56,176,336.0
250,56,178,336.0
250,56,180,336.0
250,58,0,338.7
250,58,2,338.7
250,58,4,338.7
250,58,6,338.7
250,58,8,338.7
250,58,10,338.7
250,58,12,338.7
250,58,14,338.7
250,58,16,338.7
250,58,18,338.7
250,58,20,338.7
250,58,22,338.7
250,58,24,338.7
250,58,26,338.7
250,58,28,338.7
250,58,30,338.7
250,58,32,338.7
250,58,34,338.7
250,58,36,338.7
250,58,38,338.7
250,58,40,338.7
250,58,42,338.7
250,58,44,338.7
250,58,46,338.7
250,58,48,338.7
250,58,50,338.7
250,58,52,338.7
250,58,54,338.7
250,58,56,338.7
250,58,58,338.7
250,58,60,338.7
250,58,62,338.7
250,58,64,338.7
250,58,66,338.7
250,58,68,338.7
250,58,70,338.7
250,58,72,338.7
250,58,74,338.7
250,58,76,338.7
250,58,78,338.7
250,58,80,338.7
250,58,82,338.7
250,58,84,338.7
250,58,86,338.7
250,58,88,338.7
250,58,90,338.7
250,58,92,338.7
250,58,94,338.7
250,58,96,338.7
250,58,98,338.7
250,58,100,338.7
250,58,102,338.7
250,58,104,338.7
250,58,106,338.7
250,58,108,338.7
250,58,110,338.7
250,58,112,338.7
250,58,114,338.7
250,58,116,338.7
250,58,118,338.7
250,58,120,338.7
250,58,122,338.7
250,58,124,338.7
250,58,126,338.7
250,58,128,338.7
250,58,130,338.7
250,58,132,338.7
250,58,134,338.7
250,58,136,338.7
250,58,138,338.7
250,58,140,338.7
250,58,142,338.7
250,58,144,338.7
250,58,146,338.7
250,58,148,338.7
250,58,150,338.7
250,58,152,338.7
250,58,154,338.7
250,58,156,338.7
250,58,158,338.7
250,58,160,338.7
250,58,162,338.7
250,58,164,338.7
250,58,166,338.7
250,58,168,338.7
250,58,170,338.7
250,58,172,338.7
250,58,174,338.7
250,58,176,338.7
250,58,178,338.7
250,58,180,338.7
250,60,0,341.3
250,60,2,341.3
250,60,4,341.3
250,60,6,341.3
250,60,8,341.3
250,60,10,341.3
250,60,12,341.3
250,60,14,341.3
250,60,16,341.3
250,60,18,341.3
250,60,20,341.3
250,60,22,341.3
250,60,24,341.3
250,60,26,341.3
250,60,28,341.3
250,60,30,341.3
250,60,32,341.3
250,60,34,341.3
250,60,36,341.3
250,60,38,341.3
250,60,40,341.3
250,60,42,341.3
250,60,44,341.3
250,60,46,341.3
250,60,48,341.3
250,60,50,341.3
250,60,52,341.3
250,60,54,341.3
250,60,56,341.3
250,60,58,341.3
250,60,60,341.3
250,60,62,341.3
250,60,64,341.3
250,60,66,341.3
250,60,68,341.3
250,60,70,341.3
250,60,72,341.3
250,60,74,341.3
250,60,76,341.3
250,60,78,341.3
250,60,80,341.3
250,60,82,341.3
250,60,84,341.3
250,60,86,341.3
250,60,88,341.3
250,60,90,341.3
250,60,92,341.3
250,60,94,341.3
250,60,96,341.3
250,60,98,341.3
250,60,100,341.3
250,60,102,341.3
250,60,104,341.3
250,60,106,341.3
250,60,108,341.3
250,60,110,341.3
250,60,112,341.3
250,60,114,341.3
250,60,116,341.3
250,60,118,341.3
250,60,120,341.3
250,60,122,341.3
250,60,124,341.3
250,60,126,341.3
250,60,128,341.3
250,60,130,341.3
250,60,132,341.3
250,60,134,341.3
250,60,136,341.3
250,60,138,341.3
250,60,140,341.3
250,60,142,341.3
250,60,144,341.3
250,60,146,341.3
250,60,148,341.3
250,60,150,341.3
250,60,152,341.3
250,60,154,341.3
250,60,156,341.3
250,60,158,341.3
250,60,160,341.3
250,60,162,341.3
250,60,164,341.3
250,60,166,341.3
250,60,168,341.3
250,60,170,341.3
250,60,172,341.3
250,60,174,341.3
250,60,176,341.3
250,60,178,341.3
250,60,180,341.3
250,62,0,343.9
250,62,2,343.9
250,62,4,343.9
250,62,6,343.9
250,62,8,343.9
250,62,10,343.9
250,62,12,343.9
250,62,14,343.9
250,62,16,343.9
250,62,18,343.9
250,62,20,343.9
250,62,22,343.9
250,62,24,343.9
250,62,26,343.9
250,62,28,343.9
250,62,30,343.9
250,62,32,343.9
250,62,34,343.9
250,62,36,343.9
250,62,38,343.9
250,62,40,343.9
250,62,42,343.9
250,62,44,343.9
250,62,46,343.9
250,62,48,343.9
250,62,50,343.9
250,62,52,343.9
250,62,54,343.9
250,62,56,343.9
250,62,58,343.9
250,62,60,343.9
250,62,62,343.9
250,62,64,343.9
250,62,66,343.9
250,62,68,343.9
250,62,70,343.9
250,62,72,343.9
250,62,74,343.9
250,62,76,343.9
250,62,78,343.9
250,62,80,343.9
250,62,82,343.9
250,62,84,343.9
250,62,86,343.9
250,62,88,343.9
250,62,90,343.9
250,62,92,343.9
250,62,94,343.9
250,62,96,343.9
250,62,98,343.9
250,62,100,343.9
250,62,102,343.9
250,62,104,343.9
250,62,106,343.9
250,62,108,343.9
250,62,110,343.9
250,62,112,343.9
250,62,114,343.9
250,62,116,343.9
250,62,118,343.9
250,62,120,343.9
250,62,122,343.9
250,62,124,343.9
250,62,126,343.9
250,62,128,343.9
250,62,130,343.9
250,62,132,343.9
250,62,134,343.9
250,62,136,343.9
250,62,138,343.9
250,62,140,343.9
250,62,142,343.9
250,62,144,343.9
250,62,146,343.9
250,62,148,343.9
250,62,150,343.9
250,62,152,343.9
250,62,154,343.9
250,62,156,343.9
250,62,158,343.9
250,62,160,343.9
250,62,162,343.9
250,62,164,343.9
250,62,166,343.9
250,62,168,343.9
250,62,170,343.9
250,62,172,343.9
250,62,174,343.9
250,62,176,343.9
250,62,178,343.9
250,62,180,343.9
250,64,0,346.6
250,64,2,346.6
250,64,4,346.6
250,64,6,346.6
250,64,8,346.6
250,64,10,346.6
250,64,12,346.6
250,64,14,346.6
250,64,16,346.6
250,64,18,346.6
250,64,20,346.6
250,64,22,346.6
250,64,24,346.6
250,64,26,346.6
250,64,28,346.6
250,64,30,346.6
250,64,32,346.6
250,64,34,346.6
250,64,36,346.6
250,64,38,346.6
250,64,40,346.6
250,64,42,346.6
250,64,44,346.6
250,64,46,346.6
250,64,48,346.6
250,64,50,346.6
250,64,52,346.6
250,64,54,346.6
250,64,56,346.6
250,64,58,346.6
250,64,60,346.6
250,64,62,346.6
250,64,64,346.6
250,64,66,346.6
250,64,68,346.6
250,64,70,346.6
250,64,72,346.6
250,64,74,346.6
250,64,76,346.6
250,64,78,346.6
250,64,80,346.6
250,64,82,346.6
250,64,84,346.6
250,64,86,346.6
250,64,88,346.6
250,64,90,346.6
250,64,92,346.6
250,64,94,346.6
250,64,96,346.6
250,64,98,346.6
250,64,100,346.6
250,64,102,346.6
250,64,104,346.6
250,64,106,346.6
250,64,108,346.6
250,64,110,346.6
250,64,112,346.6
250,64,114,346.6
250,64,116,346.6
250,64,118,346.6
250,64,120,346.6
250,64,122,346.6
250,64,124,346.6
250,64,126,346.6
250,64,128,346.6
250,64,130,346.6
250,64,132,346.6
250,64,134,346.6
250,64,136,346.6
250,64,138,346.6
250,64,140,346.6
250,64,142,346.6
250,64,144,346.6
250,64,146,346.6
250,64,148,346.6
250,64,150,346.6
250,64,152,346.6
250,64,154,346.6
250,64,156,346.6
250,64,158,346.6
250,64,160,346.6
250,64,162,346.6
250,64,164,346.6
250,64,166,346.6
250,64,168,346.6
250,64,170,346.6
250,64,172,346.6
250,64,174,346.6
250,64,176,346.6
250,64,178,346.6
250,64,180,346.6
250,66,0,349.1
250,66,2,349.1
250,66,4,349.1
250,66,6,349.1
250,66,8,349.1
250,66,10,349.1
250,66,12,349.1
250,66,14,349.1
250,66,16,349.1
250,66,18,349.1
250,66,20,349.1
250,66,22,349.1
250,66,24,349.1
250,66,26,349.1
250,66,28,349.1
250,66,30,349.1
250,66,32,349.1
250,66,34,349.1
250,66,36,349.1
250,66,38,349.1
250,66,40,349.1
250,66,42,349.1
250,66,44,349.1
250,66,46,349.1
250,66,48,349.1
250,66,50,349.1
250,66,52,349.1
250,66,54,349.1
250,66,56,349.1
250,66,58,349.1
250,66,60,349.1
250,66,62,349.1
250,66,64,349.1
250,66,66,349.1
250,66,68,349.1
250,66,70,349.1
250,66,72,349.1
250,66,74,349.1
250,66,76,349.1
250,66,78,349.1
250,66,80,349.1
250,66,82,349.1
250,66,84,349.1
250,66,86,349.1
250,66,88,349.1
250,66,90,349.1
250,66,92,349.1
250,66,94,349.1
250,66,96,349.1
250,66,98,349.1
250,66,100,349.1
250,66,102,349.1
250,66,104,349.1
250,66,106,349.1
250,66,108,349.1
250,66,110,349.1
250,66,112,349.1
250,66,114,349.1
250,66,116,349.1
250,66,118,349.1
250,66,120,349.1
250,66,122,349.1
250,66,124,349.1
250,66,126,349.1
250,66,128,349.1
250,66,130,349.1
250,66,132,349.1
250,66,134,349.1
250,66,136,349.1
250,66,138,349.1
250,66,140,349.1
250,66,142,349.1
250,66,144,349.1
250,66,146,349.1
250,66,148,349.1
250,66,150,349.1
250,66,152,349.1
250,66,154,349.1
250,66,156,349.1
250,66,158,349.1
250,66,160,349.1
250,66,162,349.1
250,66,164,349.1
250,66,166,349.1
250,66,168,349.1
250,66,170,349.1
250,66,172,349.1
250,66,174,349.1
250,66,176,349.1
250,66,178,349.1
250,66,180,349.1
250,68,0,351.7
250,68,2,351.7
250,68,4,351.7
250,68,6,351.7
250,68,8,351.7
250,68,10,351.7
250,68,12,351.7
250,68,14,351.7
250,68,16,351.7
250,68,18,351.7
250,68,20,351.7
250,68,22,351.7
250,68,24,351.7
250,68,26,351.7
250,68,28,351.7
250,68,30,351.7
250,68,32,351.7
250,68,34,351.7
250,68,36,351.7
250,68,38,351.7
250,68,40,351.7
250,68,42,351.7
250,68,44,351.7
250,68,46,351.7
250,68,48,351.7
250,68,50,351.7
250,68,52,351.7
250,68,54,351.7
250,68,56,351.7
250,68,58,351.7
250,68,60,351.7
250,68,62,351.7
250,68,64,351.7
250,68,66,351.7
250,68,68,351.7
250,68,70,351.7
250,68,72,351.7
250,68,74,351.7
250,68,76,351.7
250,68,78,351.7
250,68,80,351.7
250,68,82,351.7
250,68,84,351.7
250,68,86,351.7
250,68,88,351.7
250,68,90,351.7
250,68,92,351.7
250,68,94,351.7
250,68,96,351.7
250,68,98,351.7
250,68,100,351.7
250,68,102,351.7
250,68,104,351.7
250,68,106,351.7
250,68,108,351.7
250,68,110,351.7
250,68,112,351.7
250,68,114,351.7
250,68,116,351.7
250,68,118,351.7
250,68,120,351.7
250,68,122,351.7
250,68,124,351.7
250,68,126,351.7
250,68,128,351.7
250,68,130,351.7
250,68,132,351.7
250,68,134,351.7
250,68,136,351.7
250,68,138,351.7
250,68,140,351.7
250,68,142,351.7
250,68,144,351.7
250,68,146,351.7
250,68,148,351.7
250,68,150,351.7
250,68,152,351.7
250,68,154,351.7
250,68,156,351.7
250,68,158,351.7
250,68,160,351.7
250,68,162,351.7
250,68,164,351.7
250,68,166,351.7
250,68,168,351.7
250,68,170,351.7
250,68,172,351.7
250,68,174,351.7
250,68,176,351.7
250,68,178,351.7
250,68,180,351.7
250,70,0,354.3
250,70,2,354.3
250,70,4,354.3
250,70,6,354.3
250,70,8,354.3
250,70,10,354.3
250,70,12,354.3
250,70,14,354.3
250,70,16,354.3
250,70,18,354.3
250,70,20,354.3
250,70,22,354.3
250,70,24,354.3
250,70,26,354.3
250,70,28,354.3
250,70,30,354.3
250,70,32,354.3
250,70,34,354.3
250,70,36,354.3
250,70,38,354.3
250,70,40,354.3
250,70,42,354.3
250,70,44,354.3
250,70,46,354.3
250,70,48,354.3
250,70,50,354.3
250,70,52,354.3
250,70,54,354.3
250,70,56,354.3
250,70,58,354.3
250,70,60,354.3
250,70,62,354.3
250,70,64,354.3
250,70,66,354.3
250,70,68,354.3
250,70,70,354.3
250,70,72,354.3
250,70,74,354.3
250,70,76,354.3
250,70,78,354.3
250,70,80,354.3
250,70,82,354.3
250,70,84,354.3
250,70,86,354.3
250,70,88,354.3
250,70,90,354.3
250,70,92,354.3
250,70,94,354.3
250,70,96,354.3
250,70,98,354.3
250,70,100,354.3
250,70,102,354.3
250,70,104,354.3
250,70,106,354.3
250,70,108,354.3
250,70,110,354.3
250,70,112,354.3
250,70,114,354.3
250,70,116,354.3
250,70,118,354.3
250,70,120,354.3
250,70,122,354.3
250,70,124,354.3
250,70,126,354.3
250,70,128,354.3
250,70,130,354.3
250,70,132,354.3
250,70,134,354.3
250,70,136,354.3
250,70,138,354.3
250,70,140,354.3
250,70,142,354.3
250,70,144,354.3
250,70,146,354.3
250,70,148,354.3
250,70,150,354.3
250,70,152,354.3
250,70,154,354.3
250,70,156,354.3
250,70,158,354.3
250,70,160,354.3
250,70,162,354.3
250,70,164,354.3
250,70,166,354.3
250,70,168,354.3
250,70,170,354.3
250,70,172,354.3
250,70,174,354.3
250,70,176,354.3
250,70,178,354.3
250,70,180,354.3
250,72,0,356.8
250,72,2,356.8
250,72,4,356.8
250,72,6,356.8
250,72,8,356.8
250,72,10,356.8
250,72,12,356.8
250,72,14,356.8
250,72,16,356.8
250,72,18,356.8
250,72,20,356.8
250,72,22,356.8
250,72,24,356.8
250,72,26,356.8
250,72,28,356.8
250,72,30,356.8
250,72,32,356.8
250,72,34,356.8
250,72,36,356.8
250,72,38,356.8
250,72,40,356.8
250,72,42,356.8
250,72,44,356.8
250,72,46,356.8
250,72,48,356.8
250,72,50,356.8
250,72,52,356.8
250,72,54,356.8
250,72,56,356.8
250,72,58,356.8
250,72,60,356.8
250,72,62,356.8
250,72,64,356.8
250,72,66,356.8
250,72,68,356.8
250,72,70,356.8
250,72,72,356.8
250,72,74,356.8
250,72,76,356.8
250,72,78,356.8
250,72,80,356.8
250,72,82,356.8
250,72,84,356.8
250,72,86,356.8
250,72,88,356.8
250,72,90,356.8
250,72,92,356.8
250,72,94,356.8
250,72,96,356.8
250,72,98,356.8
250,72,100,356.8
250,72,102,356.8
250,72,104,356.8
250,72,106,356.8
250,72,108,356.8
250,72,110,356.8
250,72,112,356.8
250,72,114,356.8
250,72,116,356.8
250,72,118,356.8
250,72,120,356.8
250,72,122,356.8
250,72,124,356.8
250,72,126,356.8
250,72,128,356.8
250,72,130,356.8
250,72,132,356.8
250,72,134,356.8
250,72,136,356.8
250,72,138,356.8
250,72,140,356.8
250,72,142,356.8
250,72,144,356.8
250,72,146,356.8
250,72,148,356.8
250,72,150,356.8
250,72,152,356.8
250,72,154,356.8
250,72,156,356.8
250,72,158,356.8
250,72,160,356.8
250,72,162,356.8
250,72,164,356.8
250,72,166,356.8
250,72,168,356.8
250,72,170,356.8
250,72,172,356.8
250,72,174,356.8
250,72,176,356.8
250,72,178,356.8
250,72,180,356.8
250,74,0,359.3
250,74,2,359.3
250,74,4,359.3
250,74,6,359.3
250,74,8,359.3
250,74,10,359.3
250,74,12,359.3
250,74,14,359.3
250,74,16,359.3
250,74,18,359.3
250,74,20,359.3
250,74,22,359.3
250,74,24,359.3
250,74,26,359.3
250,74,28,359.3
250,74,30,359.3
250,74,32,359.3
250,74,34,359.3
250,74,36,359.3
250,74,38,359.3
250,74,40,359.3
250,74,42,359.3
250,74,44,359.3
250,74,46,359.3
250,74,48,359.3
250,74,50,359.3
250,74,52,359.3
250,74,54,359.3
250,74,56,359.3
250,74,58,359.3
250,74,60,359.3
250,74,62,359.3
250,74,64,359.3
250,74,66,359.3
250,74,68,359.3
250,74,70,359.3
250,74,72,359.3
250,74,74,359.3
250,74,76,359.3
250,74,78,359.3
250,74,80,359.3
250,74,82,359.3
250,74,84,359.3
250,74,86,359.3
250,74,88,359.3
250,74,90,359.3
250,74,92,359.3
250,74,94,359.3
250,74,96,359.3
250,74,98,359.3
250,74,100,359.3
250,74,102,359.3
250,74,104,359.3
250,74,106,359.3
250,74,108,359.3
250,74,110,359.3
250,74,112,359.3
250,74,114,359.3
250,74,116,359.3
250,74,118,359.3
250,74,120,359.3
250,74,122,359.3
250,74,124,359.3
250,74,126,359.3
250,74,128,359.3
250,74,130,359.3
250,74,132,359.3
250,74,134,359.3
250,74,136,359.3
250,74,138,359.3
250,74,140,359.3
250,74,142,359.3
250,74,144,359.3
250,74,146,359.3
250,74,148,359.3
250,74,150,359.3
250,74,152,359.3
250,74,154,359.3
250,74,156,359.3
250,74,158,359.3
250,74,160,359.3
250,74,162,359.3
250,74,164,359.3
250,74,166,359.3
250,74,168,359.3
250,74,170,359.3
250,74,172,359.3
250,74,174,359.3
250,74,176,359.3
250,74,178,359.3
250,74,180,359.3
250,76,0,361.8
250,76,2,361.8
250,76,4,361.8
250,76,6,361.8
250,76,8,361.8
250,76,10,361.8
250,76,12,361.8
250,76,14,361.8
250,76,16,361.8
250,76,18,361.8
250,76,20,361.8
250,76,22,361.8
250,76,24,361.8
250,76,26,361.8
250,76,28,361.8
250,76,30,361.8
250,76,32,361.8
250,76,34,361.8
250,76,36,361.8
250,76,38,361.8
250,76,40,361.8
250,76,42,361.8
250,76,44,361.8
250,76,46,361.8
250,76,48,361.8
250,76,50,361.8
250,76,52,361.8
250,76,54,361.8
250,76,56,361.8
250,76,58,361.8
250,76,60,361.8
250,76,62,361.8
250,76,64,361.8
250,76,66,361.8
250,76,68,361.8
250,76,70,361.8
250,76,72,361.8
250,76,74,361.8
250,76,76,361.8
250,76,78,361.8
250,76,80,361.8
250,76,82,361.8
250,76,84,361.8
250,76,86,361.8
250,76,88,361.8
250,76,90,361.8
250,76,92,361.8
250,76,94,361.8
250,76,96,361.8
250,76,98,361.8
250,76,100,361.8
250,76,102,361.8
250,76,104,361.8
250,76,106,361.8
250,76,108,361.8
250,76,110,361.8
250,76,112,361.8
250,76,114,361.8
250,76,116,361.8
250,76,118,361.8
250,76,120,361.8
250,76,122,361.8
250,76,124,361.8
250,76,126,361.8
250,76,128,361.8
250,76,130,361.8
250,76,132,361.8
250,76,134,361.8
250,76,136,361.8
250,76,138,361.8
250,76,140,361.8
250,76,142,361.8
250,76,144,361.8
250,76,146,361.8
250,76,148,361.8
250,76,150,361.8
250,76,152,361.8
250,76,154,361.8
250,76,156,361.8
250,76,158,361.8
250,76,160,361.8
250,76,162,361.8
250,76,164,361.8
250,76,166,361.8
250,76,168,361.8
250,76,170,361.8
250,76,172,361.8
250,76,174,361.8
250,76,176,361.8
250,76,178,361.8
250,76,180,361.8
250,78,0,364.3
250,78,2,364.3
250,78,4,364.3
250,78,6,364.3
250,78,8,364.3
250,78,10,364.3
250,78,12,364.3
250,78,14,364.3
250,78,16,364.3
250,78,18,364.3
250,78,20,364.3
250,78,22,364.3
250,78,24,364.3
250,78,26,364.3
250,78,28,364.3
250,78,30,364.3
250,78,32,364.3
250,78,34,364.3
250,78,36,364.3
250,78,38,364.3
250,78,40,364.3
250,78,42,364.3
250,78,44,364.3
250,78,46,364.3
250,78,48,364.3
250,78,50,364.3
250,78,52,364.3
250,78,54,364.3
250,78,56,364.3
250,78,58,364.3
250,78,60,364.3
250,78,62,364.3
250,78,64,364.3
250,78,66,364.3
250,78,68,364.3
250,78,70,364.3
250,78,72,364.3
250,78,74,364.3
250,78,76,364.3
250,78,78,364.3
250,78,80,364.3
250,78,82,364.3
250,78,84,364.3
250,78,86,364.3
250,78,88,364.3
250,78,90,364.3
250,78,92,364.3
250,78,94,364.3
250,78,96,364.3
250,78,98,364.3
250,78,100,364.3
250,78,102,364.3
250,78,104,364.3
250,78,106,364.3
250,78,108,364.3
250,78,110,364.3
250,78,112,364.3
250,78,114,364.3
250,78,116,364.3
250,78,118,364.3
250,78,120,364.3
250,78,122,364.3
250,78,124,364.3
250,78,126,364.3
250,78,128,364.3
250,78,130,364.3
250,78,132,364.3
250,78,134,364.3
250,78,136,364.3
250,78,138,364.3
250,78,140,364.3
250,78,142,364.3
250,78,144,364.3
250,78,146,364.3
250,78,148,364.3
250,78,150,364.3
250,78,152,364.3
250,78,154,364.3
250,78,156,364.3
250,78,158,364.3
250,78,160,364.3
250,78,162,364.3
250,78,164,364.3
250,78,166,364.3
250,78,168,364.3
250,78,170,364.3
250,78,172,364.3
250,78,174,364.3
250,78,176,364.3
250,78,178,364.3
250,78,180,364.3
250,80,0,366.7
250,80,2,366.7
250,80,4,366.7
250,80,6,366.7
250,80,8,366.7
250,80,10,366.7
250,80,12,366.7
250,80,14,366.7
250,80,16,366.7
250,80,18,366.7
250,80,20,366.7
250,80,22,366.7
250,80,24,366.7
250,80,26,366.7
250,80,28,366.7
250,80,30,366.7
250,80,32,366.7
250,80,34,366.7
250,80,36,366.7
250,80,38,366.7
250,80,40,366.7
250,80,42,366.7
250,80,44,366.7
250,80,46,366.7
250,80,48,366.7
250,80,50,366.7
250,80,52,366.7
250,80,54,366.7
250,80,56,366.7
250,80,58,366.7
250,80,60,366.7
250,80,62,366.7
250,80,64,366.7
250,80,66,366.7
250,80,68,366.7
250,80,70,366.7
250,80,72,366.7
250,80,74,366.7
250,80,76,366.7
250,80,78,366.7
250,80,80,366.7
250,80,82,366.7
250,80,84,366.7
250,80,86,366.7
250,80,88,366.7
250,80,90,366.7
250,80,92,366.7
250,80,94,366.7
250,80,96,366.7
250,80,98,366.7
250,80,100,366.7
250,80,102,366.7
250,80,104,366.7
250,80,106,366.7
250,80,108,366.7
250,80,110,366.7
250,80,112,366.7
250,80,114,366.7
250,80,116,366.7
250,80,118,366.7
250,80,120,366.7
250,80,122,366.7
250,80,124,366.7
250,80,126,366.7
250,80,128,366.7
250,80,130,366.7
250,80,132,366.7
250,80,134,366.7
250,80,136,366.7
250,80,138,366.7
250,80,140,366.7
250,80,142,366.7
250,80,144,366.7
250,80,146,366.7
250,80,148,366.7
250,80,150,366.7
250,80,152,366.7
250,80,154,366.7
250,80,156,366.7
250,80,158,366.7
250,80,160,366.7
250,80,162,366.7
250,80,164,366.7
250,80,166,366.7
250,80,168,366.7
250,80,170,366.7
250,80,172,366.7
250,80,174,366.7
250,80,176,366.7
250,80,178,366.7
250,80,180,366.7
250,82,0,369.2
250,82,2,369.2
250,82,4,369.2
250,82,6,369.2
250,82,8,369.2
250,82,10,369.2
250,82,12,369.2
250,82,14,369.2
250,82,16,369.2
250,82,18,369.2
250,82,20,369.2
250,82,22,369.2
250,82,24,369.2
250,82,26,369.2
250,82,28,369.2
250,82,30,369.2
250,82,32,369.2
250,82,34,369.2
250,82,36,369.2
250,82,38,369.2
250,82,40,369.2
250,82,42,369.2
250,82,44,369.2
250,82,46,369.2
250,82,48,369.2
250,82,50,369.2
250,82,52,369.2
250,82,54,369.2
250,82,56,369.2
250,82,58,369.2
250,82,60,369.2
250,82,62,369.2
250,82,64,369.2
250,82,66,369.2
250,82,68,369.2
250,82,70,369.2
250,82,72,369.2
250,82,74,369.2
250,82,76,369.2
250,82,78,369.2
250,82,80,369.2
250,82,82,369.2
250,82,84,369.2
250,82,86,369.2
250,82,88,369.2
250,82,90,369.2
250,82,92,369.2
250,82,94,369.2
250,82,96,369.2
250,82,98,369.2
250,82,100,369.2
250,82,102,369.2
250,82,104,369.2
250,82,106,369.2
250,82,108,369.2
250,82,110,369.2
250,82,112,369.2
250,82,114,369.2
250,82,116,369.2
250,82,118,369.2
250,82,120,369.2
250,82,122,369.2
250,82,124,369.2
250,82,126,369.2
250,82,128,369.2
250,82,130,369.2
250,82,132,369.2
250,82,134,369.2
250,82,136,369.2
250,82,138,369.2
250,82,140,369.2
250,82,142,369.2
250,82,144,369.2
250,82,146,369.2
250,82,148,369.2
250,82,150,369.2
250,82,152,369.2
250,82,154,369.2
250,82,156,369.2
250,82,158,369.2
250,82,160,369.2
250,82,162,369.2
250,82,164,369.2
250,82,166,369.2
250,82,168,369.2
250,82,170,369.2
250,82,172,369.2
250,82,174,369.2
250,82,176,369.2
250,82,178,369.2
250,82,180,369.2
250,84,0,371.6
250,84,2,371.6
250,84,4,371.6
250,84,6,371.6
250,84,8,371.6
250,84,10,371.6
250,84,12,371.6
250,84,14,371.6
250,84,16,371.6
250,84,18,371.6
250,84,20,371.6
250,84,22,371.6
250,84,24,371.6
250,84,26,371.6
250,84,28,371.6
250,84,30,371.6
250,84,32,371.6
250,84,34,371.6
250,84,36,371.6
250,84,38,371.6
250,84,40,371.6
250,84,42,371.6
250,84,44,371.6
250,84,46,371.6
250,84,48,371.6
250,84,50,371.6
250,84,52,371.6
250,84,54,371.6
250,84,56,371.6
250,84,58,371.6
250,84,60,371.6
250,84,62,371.6
250,84,64,371.6
250,84,66,371.6
250,84,68,371.6
250,84,70,371.6
250,84,72,371.6
250,84,74,371.6
250,84,76,371.6
250,84,78,371.6
250,84,80,371.6
250,84,82,371.6
250,84,84,371.6
250,84,86,371.6
250,84,88,371.6
250,84,90,371.6
250,84,92,371.6
250,84,94,371.6
250,84,96,371.6
250,84,98,371.6
250,84,100,371.6
250,84,102,371.6
250,84,104,371.6
250,84,106,371.6
250,84,108,371.6
250,84,110,371.6
250,84,112,371.6
250,84,114,371.6
250,84,116,371.6
250,84,118,371.6
250,84,120,371.6
250,84,122,371.6
250,84,124,371.6
250,84,126,371.6
250,84,128,371.6
250,84,130,371.6
250,84,132,371.6
250,84,134,371.6
250,84,136,371.6
250,84,138,371.6
250,84,140,371.6
250,84,142,371.6
250,84,144,371.6
250,84,146,371.6
250,84,148,371.6
250,84,150,371.6
250,84,152,371.6
250,84,154,371.6
250,84,156,371.6
250,84,158,371.6
250,84,160,371.6
250,84,162,371.6
250,84,164,371.6
250,84,166,371.6
250,84,168,371.6
250,84,170,371.6
250,84,172,371.6
250,84,174,371.6
250,84,176,371.6
250,84,178,371.6
250,84,180,371.6
250,86,0,374.0
250,86,2,374.0
250,86,4,374.0
250,86,6,374.0
250,86,8,374.0
250,86,10,374.0
250,86,12,374.0
250,86,14,374.0
250,86,16,374.0
250,86,18,374.0
250,86,20,374.0
250,86,22,374.0
250,86,24,374.0
250,86,26,374.0
250,86,28,374.0
250,86,30,374.0
250,86,32,374.0
250,86,34,374.0
250,86,36,374.0
250,86,38,374.0
250,86,40,374.0
250,86,42,374.0
250,86,44,374.0
250,86,46,374.0
250,86,48,374.0
250,86,50,374.0
250,86,52,374.0
250,86,54,374.0
250,86,56,374.0
250,86,58,374.0
250,86,60,374.0
250,86,62,374.0
250,86,64,374.0
250,86,66,374.0
250,86,68,374.0
250,86,70,374.0
250,86,72,374.0
250,86,74,374.0
250,86,76,374.0
250,86,78,374.0
250,86,80,374.0
250,86,82,374.0
250,86,84,374.0
250,86,86,374.0
250,86,88,374.0
250,86,90,374.0
250,86,92,374.0
250,86,94,374.0
250,86,96,374.0
250,86,98,374.0
250,86,100,374.0
250,86,102,374.0
250,86,104,374.0
250,86,106,374.0
250,86,108,374.0
250,86,110,374.0
250,86,112,374.0
250,86,114,374.0
250,86,116,374.0
250,86,118,374.0
250,86,120,374.0
250,86,122,374.0
250,86,124,374.0
250,86,126,374.0
250,86,128,374.0
250,86,130,374.0
250,86,132,374.0
250,86,134,374.0
250,86,136,374.0
250,86,138,374.0
250,86,140,374.0
250,86,142,374.0
250,86,144,374.0
250,86,146,374.0
250,86,148,374.0
250,86,150,374.0
250,86,152,374.0
250,86,154,374.0
250,86,156,374.0
250,86,158,374.0
250,86,160,374.0
250,86,162,374.0
250,86,164,374.0
250,86,166,374.0
250,86,168,374.0
250,86,170,374.0
250,86,172,374.0
250,86,174,374.0
250,86,176,374.0
250,86,178,374.0
250,86,180,374.0
250,88,0,376.4
250,88,2,376.4
250,88,4,376.4
250,88,6,376.4
250,88,8,376.4
250,88,10,376.4
250,88,12,376.4
250,88,14,376.4
250,88,16,376.4
250,88,18,376.4
250,88,20,376.4
250,88,22,376.4
250,88,24,376.4
250,88,26,376.4
250,88,28,376.4
250,88,30,376.4
250,88,32,376.4
250,88,34,376.4
250,88,36,376.4
250,88,38,376.4
250,88,40,376.4
250,88,42,376.4
250,88,44,376.4
250,88,46,376.4
250,88,48,376.4
250,88,50,376.4
250,88,52,376.4
250,88,54,376.4
250,88,56,376.4
250,88,58,376.4
250,88,60,376.4
250,88,62,376.4
250,88,64,376.4
250,88,66,376.4
250,88,68,376.4
250,88,70,376.4
250,88,72,376.4
250,88,74,376.4
250,88,76,376.4
250,88,78,376.4
250,88,80,376.4
250,88,82,376.4
250,88,84,376.4
250,88,86,376.4
250,88,88,376.4
250,88,90,376.4
250,88,92,376.4
250,88,94,376.4
250,88,96,376.4
250,88,98,376.4
250,88,100,376.4
250,88,102,376.4
250,88,104,376.4
250,88,106,376.4
250,88,108,376.4
250,88,110,376.4
250,88,112,376.4
250,88,114,376.4
250,88,116,376.4
250,88,118,376.4
250,88,120,376.4
250,88,122,376.4
250,88,124,376.4
250,88,126,376.4
250,88,128,376.4
250,88,130,376.4
250,88,132,376.4
250,88,134,376.4
250,88,136,376.4
250,88,138,376.4
250,88,140,376.4
250,88,142,376.4
250,88,144,376.4
250,88,146,376.4
250,88,148,376.4
250,88,150,376.4
250,88,152,376.4
250,88,154,376.4
250,88,156,376.4
250,88,158,376.4
250,88,160,376.4
250,88,162,376.4
250,88,164,376.4
250,88,166,376.4
250,88,168,376.4
250,88,170,376.4
250,88,172,376.4
250,88,174,376.4
250,88,176,376.4
250,88,178,376.4
250,88,180,376.4
250,90,0,378.8
250,90,2,378.8
250,90,4,378.8
250,90,6,378.8
250,90,8,378.8
250,90,10,378.8
250,90,12,378.8
250,90,14,378.8
250,90,16,378.8
250,90,18,378.8
250,90,20,378.8
250,90,22,378.8
250,90,24,378.8
250,90,26,378.8
250,90,28,378.8
250,90,30,378.8
250,90,32,378.8
250,90,34,378.8
250,90,36,378.8
250,90,38,378.8
250,90,40,378.8
250,90,42,378.8
250,90,44,378.8
250,90,46,378.8
250,90,48,378.8
250,90,50,378.8
250,90,52,378.8
250,90,54,378.8
250,90,56,378.8
250,90,58,378.8
250,90,60,378.8
250,90,62,378.8
250,90,64,378.8
250,90,66,378.8
250,90,68,378.8
250,90,70,378.8
250,90,72,378.8
250,90,74,378.8
250,90,76,378.8
250,90,78,378.8
250,90,80,378.8
250,90,82,378.8
250,90,84,378.8
250,90,86,378.8
250,90,88,378.8
250,90,90,378.8
250,90,92,378.8
250,90,94,378.8
250,90,96,378.8
250,90,98,378.8
250,90,100,378.8
250,90,102,378.8
250,90,104,378.8
250,90,106,378.8
250,90,108,378.8
250,90,110,378.8
250,90,112,378.8
250,90,114,378.8
250,90,116,378.8
250,90,118,378.8
250,90,120,378.8
250,90,122,378.8
250,90,124,378.8
250,90,126,378.8
250,90,128,378.8
250,90,130,378.8
250,90,132,378.8
250,90,134,378.8
250,90,136,378.8
250,90,138,378.8
250,90,140,378.8
250,90,142,378.8
250,90,144,378.8
250,90,146,378.8
250,90,148,378.8
250,90,150,378.8
250,90,152,378.8
250,90,154,378.8
250,90,156,378.8
250,90,158,378.8
250,90,160,378.8
250,90,162,378.8
250,90,164,378.8
250,90,166,378.8
250,90,168,378.8
250,90,170,378.8
250,90,172,378.8
250,90,174,378.8
250,90,176,378.8
250,90,178,378.8
250,90,180,378.8
400,2,0,402.2
400,2,2,-1.0
400,2,4,47.7
400,2,6,231.7
400,2,8,-1.0
400,2,10,45.1
400,2,12,-1.0
400,2,14,-1.0
400,2,16,-1.0
400,2,18,355.7
400,2,20,111.3
400,2,22,382.8
400,2,24,-1.0
400,2,26,393.3
400,2,28,-1.0
400,2,30,-1.0
400,2,32,31.2
400,2,34,143.3
400,2,36,-1.0
400,2,38,322.3
400,2,40,34.4
400,2,42,-1.0
400,2,44,-1.0
400,2,46,-1.0
400,2,48,30.0
400,2,50,94.9
400,2,52,-1.0
400,2,54,343.3
400,2,56,242.5
400,2,58,-1.0
400,2,60,151.4
400,2,62,213.4
400,2,64,-1.0
400,2,66,-1.0
400,2,68,50.4
400,2,70,34.8
400,2,72,-1.0
400,2,74,176.9
400,2,76,241.0
400,2,78,81.9
400,2,80,150.1
400,2,82,32.0
400,2,84,258.3
400,2,86,32.9
400,2,88,30.7
400,2,90,49.0
400,2,92,117.5
400,2,94,43.2
400,2,96,69.4
400,2,98,-1.0
400,2,100,151.4
400,2,102,192.4
400,2,104,-1.0
400,2,106,195.8
400,2,108,38.0
400,2,110,63.9
400,2,112,118.5
400,2,114,-1.0
400,2,116,-1.0
400,2,118,-1.0
400,2,120,154.3
400,2,122,154.9
400,2,124,69.4
400,2,126,52.6
400,2,128,34.2
400,2,130,-1.0
400,2,132,41.8
400,2,134,-1.0
400,2,136,31.0
400,2,138,-1.0
400,2,140,-1.0
400,2,142,-1.0
400,2,144,69.9
400,2,146,70.6
400,2,148,-1.0
400,2,150,97.9
400,2,152,-1.0
400,2,154,39.0
400,2,156,46.7
400,2,158,74.1
400,2,160,74.4
400,2,162,-1.0
400,2,164,-1.0
400,2,166,-1.0
400,2,168,-1.0
400,2,170,67.8
400,2,172,-1.0
400,2,174,-1.0
400,2,176,-1.0
400,2,178,-1.0
400,2,180,51.9
400,4,0,404.5
400,4,2,286.1
400,4,4,376.4
400,4,6,322.9
400,4,8,364.5
400,4,10,357.5
400,4,12,317.0
400,4,14,344.5
400,4,16,308.6
400,4,18,381.9
400,4,20,320.7
400,4,22,385.1
400,4,24,288.6
400,4,26,400.0
400,4,28,341.6
400,4,30,310.7
400,4,32,360.7
400,4,34,276.3
400,4,36,364.5
400,4,38,324.1
400,4,40,360.5
400,4,42,295.4
400,4,44,381.9
400,4,46,362.2
400,4,48,376.4
400,4,50,320.1
400,4,52,386.7
400,4,54,357.9
400,4,56,324.6
400,4,58,352.7
400,4,60,258.1
400,4,62,364.6
400,4,64,345.9
400,4,66,321.5
400,4,68,322.4
400,4,70,309.1
400,4,72,350.2
400,4,74,307.5
400,4,76,310.7
400,4,78,246.4
400,4,80,348.1
400,4,82,330.2
400,4,84,307.0
400,4,86,307.9
400,4,88,286.2
400,4,90,326.2
400,4,92,309.5
400,4,94,304.1
400,4,96,261.2
400,4,98,256.6
400,4,100,305.7
400,4,102,293.1
400,4,104,278.2
400,4,106,258.8
400,4,108,248.0
400,4,110,295.5
400,4,112,274.8
400,4,114,255.6
400,4,116,250.1
400,4,118,232.6
400,4,120,277.0
400,4,122,246.4
400,4,124,247.2
400,4,126,234.5
400,4,128,236.5
400,4,130,248.1
400,4,132,249.0
400,4,134,231.5
400,4,136,232.4
400,4,138,211.2
400,4,140,222.6
400,4,142,233.4
400,4,144,223.9
400,4,146,208.7
400,4,148,197.1
400,4,150,199.5
400,4,152,209.5
400,4,154,201.0
400,4,156,189.9
400,4,158,187.9
400,4,160,177.6
400,4,162,187.7
400,4,164,180.1
400,4,166,188.9
400,4,168,171.0
400,4,170,171.9
400,4,172,161.2
400,4,174,168.9
400,4,176,159.8
400,4,178,170.1
400,4,180,161.3
400,6,0,406.7
400,6,2,351.9
400,6,4,382.8
400,6,6,346.4
400,6,8,383.7
400,6,10,362.9
400,6,12,342.3
400,6,14,369.9
400,6,16,347.7
400,6,18,388.3
400,6,20,340.2
400,6,22,387.4
400,6,24,359.0
400,6,26,402.2
400,6,28,343.1
400,6,30,401.0
400,6,32,362.7
400,6,34,358.5
400,6,36,366.6
400,6,38,340.0
400,6,40,374.5
400,6,42,335.1
400,6,44,388.5
400,6,46,364.7
400,6,48,382.9
400,6,50,363.2
400,6,52,393.3
400,6,54,362.9
400,6,56,344.2
400,6,58,369.9
400,6,60,339.2
400,6,62,380.1
400,6,64,360.6
400,6,66,374.6
400,6,68,355.4
400,6,70,375.5
400,6,72,356.2
400,6,74,348.5
400,6,76,353.2
400,6,78,324.9
400,6,80,362.9
400,6,82,352.8
400,6,84,357.6
400,6,86,339.3
400,6,88,367.3
400,6,90,350.7
400,6,92,332.8
400,6,94,337.2
400,6,96,327.9
400,6,98,346.5
400,6,100,336.9
400,6,102,319.7
400,6,104,323.9
400,6,106,342.2
400,6,108,334.8
400,6,110,325.6
400,6,112,321.9
400,6,114,303.6
400,6,116,330.8
400,6,118,321.7
400,6,120,312.8
400,6,122,301.7
400,6,124,293.4
400,6,126,319.6
400,6,128,310.9
400,6,130,295.1
400,6,132,283.0
400,6,134,275.3
400,6,136,299.6
400,6,138,291.5
400,6,140,283.4
400,6,142,273.5
400,6,144,266.1
400,6,146,289.6
400,6,148,281.7
400,6,150,274.1
400,6,152,262.9
400,6,154,255.8
400,6,156,271.4
400,6,158,264.1
400,6,160,261.2
400,6,162,254.2
400,6,164,247.3
400,6,166,243.2
400,6,168,255.3
400,6,170,244.9
400,6,172,238.3
400,6,174,232.1
400,6,176,238.6
400,6,178,239.5
400,6,180,233.0
400,8,0,406.7
400,8,2,361.6
400,8,4,407.8
400,8,6,368.2
400,8,8,390.2
400,8,10,373.8
400,8,12,368.4
400,8,14,381.1
400,8,16,357.5
400,8,18,390.5
400,8,20,362.2
400,8,22,389.7
400,8,24,359.0
400,8,26,404.5
400,8,28,373.7
400,8,30,403.3
400,8,32,368.2
400,8,34,408.9
400,8,36,386.6
400,8,38,355.0
400,8,40,389.6
400,8,42,365.4
400,8,44,390.8
400,8,46,367.2
400,8,48,385.8
400,8,50,368.2
400,8,52,400.1
400,8,54,373.2
400,8,56,394.3
400,8,58,372.3
400,8,60,365.9
400,8,62,386.7
400,8,64,363.1
400,8,66,381.1
400,8,68,361.5
400,8,70,377.8
400,8,72,373.7
400,8,74,385.8
400,8,76,368.3
400,8,78,386.7
400,8,80,378.2
400,8,82,358.9
400,8,84,372.9
400,8,86,355.9
400,8,88,373.8
400,8,90,354.5
400,8,92,368.3
400,8,94,360.3
400,8,96,378.4
400,8,98,361.2
400,8,100,351.3
400,8,102,355.9
400,8,104,334.6
400,8,106,365.6
400,8,108,349.1
400,8,110,351.6
400,8,112,344.0
400,8,114,361.2
400,8,116,353.4
400,8,118,343.7
400,8,120,339.8
400,8,122,332.4
400,8,124,349.1
400,8,126,341.6
400,8,128,332.2
400,8,130,328.5
400,8,132,319.4
400,8,134,337.4
400,8,136,322.1
400,8,138,321.1
400,8,140,317.5
400,8,142,325.1
400,8,144,326.1
400,8,146,317.1
400,8,148,308.5
400,8,150,297.6
400,8,152,314.3
400,8,154,315.3
400,8,156,306.6
400,8,158,292.8
400,8,160,287.6
400,8,162,303.8
400,8,164,297.3
400,8,166,296.4
400,8,168,281.4
400,8,170,280.5
400,8,172,270.7
400,8,174,285.7
400,8,176,279.6
400,8,178,278.8
400,8,180,267.5
400,10,0,408.9
400,10,2,372.0
400,10,4,410.0
400,10,6,379.2
400,10,8,392.3
400,10,10,384.4
400,10,12,382.9
400,10,14,387.4
400,10,16,379.9
400,10,18,392.6
400,10,20,371.9
400,10,22,391.9
400,10,24,366.9
400,10,26,406.7
400,10,28,376.1
400,10,30,405.5
400,10,32,379.2
400,10,34,411.1
400,10,36,388.9
400,10,38,368.6
400,10,40,392.0
400,10,42,367.9
400,10,44,392.9
400,10,46,371.9
400,10,48,392.4
400,10,50,370.6
400,10,52,402.3
400,10,54,375.6
400,10,56,401.1
400,10,58,379.3
400,10,60,402.0
400,10,62,389.0
400,10,64,371.9
400,10,66,387.6
400,10,68,366.5
400,10,70,385.0
400,10,72,376.1
400,10,74,392.4
400,10,76,370.7
400,10,78,393.4
400,10,80,384.8
400,10,82,365.1
400,10,84,379.3
400,10,86,359.8
400,10,88,380.2
400,10,90,371.9
400,10,92,383.9
400,10,94,366.5
400,10,96,384.9
400,10,98,376.5
400,10,100,370.1
400,10,102,371.1
400,10,104,354.2
400,10,106,372.0
400,10,108,363.9
400,10,110,366.6
400,10,112,358.7
400,10,114,376.6
400,10,116,359.5
400,10,118,371.2
400,10,120,354.2
400,10,122,346.6
400,10,124,364.0
400,10,126,356.1
400,10,128,358.7
400,10,130,342.4
400,10,132,359.6
400,10,134,351.8
400,10,136,344.2
400,10,138,338.2
400,10,140,339.1
400,10,142,347.5
400,10,144,340.0
400,10,146,334.1
400,10,148,335.1
400,10,150,343.2
400,10,152,335.8
400,10,154,328.6
400,10,156,327.5
400,10,158,323.8
400,10,160,323.6
400,10,162,332.7
400,10,164,323.6
400,10,166,316.6
400,10,168,305.4
400,10,170,320.6
400,10,172,321.6
400,10,174,296.1
400,10,176,306.2
400,10,178,303.4
400,10,180,310.0
400,12,0,413.3
400,12,2,374.4
400,12,4,412.2
400,12,6,381.6
400,12,8,413.3
400,12,10,386.7
400,12,12,393.4
400,12,14,393.7
400,12,16,382.1
400,12,18,395.5
400,12,20,374.3
400,12,22,403.4
400,12,24,377.4
400,12,26,408.9
400,12,28,378.5
400,12,30,407.7
400,12,32,381.6
400,12,34,413.3
400,12,36,391.2
400,12,38,412.2
400,12,40,394.3
400,12,42,381.5
400,12,44,395.2
400,12,46,374.3
400,12,48,399.1
400,12,50,377.4
400,12,52,404.6
400,12,54,378.5
400,12,56,403.3
400,12,58,385.7
400,12,60,408.9
400,12,62,391.3
400,12,64,403.1
400,12,66,389.9
400,12,68,373.0
400,12,70,391.5
400,12,72,378.4
400,12,74,399.1
400,12,76,377.4
400,12,78,395.6
400,12,80,387.1
400,12,82,394.4
400,12,84,385.8
400,12,86,395.2
400,12,88,386.7
400,12,90,374.3
400,12,92,390.5
400,12,94,369.0
400,12,96,391.6
400,12,98,383.0
400,12,100,385.8
400,12,102,377.4
400,12,104,386.7
400,12,106,378.4
400,12,108,370.1
400,12,110,372.9
400,12,112,364.8
400,12,114,383.1
400,12,116,374.8
400,12,118,373.6
400,12,120,369.4
400,12,122,378.4
400,12,124,370.2
400,12,126,362.2
400,12,128,364.9
400,12,130,357.0
400,12,132,374.8
400,12,134,351.8
400,12,136,369.4
400,12,138,361.3
400,12,140,366.5
400,12,142,362.3
400,12,144,354.5
400,12,146,357.0
400,12,148,337.7
400,12,150,357.9
400,12,152,350.1
400,12,154,352.7
400,12,156,336.7
400,12,158,341.7
400,12,160,354.5
400,12,162,346.9
400,12,164,340.8
400,12,166,333.5
400,12,168,350.2
400,12,170,342.7
400,12,172,335.3
400,12,174,329.4
400,12,176,330.3
400,12,178,338.5
400,12,180,331.2
400,14,0,415.5
400,14,2,384.6
400,14,4,414.4
400,14,6,383.9
400,14,8,415.5
400,14,10,392.4
400,14,12,395.5
400,14,14,396.0
400,14,16,396.6
400,14,18,397.7
400,14,20,379.1
400,14,22,410.0
400,14,24,383.9
400,14,26,411.1
400,14,28,384.9
400,14,30,414.4
400,14,32,388.0
400,14,34,415.5
400,14,36,393.5
400,14,38,414.4
400,14,40,396.6
400,14,42,415.5
400,14,44,397.4
400,14,46,376.6
400,14,48,401.3
400,14,50,383.9
400,14,52,406.8
400,14,54,385.0
400,14,56,405.5
400,14,58,392.4
400,14,60,411.1
400,14,62,397.7
400,14,64,405.2
400,14,66,391.9
400,14,68,410.9
400,14,70,398.2
400,14,72,380.0
400,14,74,401.3
400,14,76,383.9
400,14,78,402.4
400,14,80,389.4
400,14,82,401.1
400,14,84,392.3
400,14,86,402.1
400,14,88,393.3
400,14,90,396.3
400,14,92,392.8
400,14,94,375.6
400,14,96,398.2
400,14,98,385.3
400,14,100,392.5
400,14,102,384.0
400,14,104,393.4
400,14,106,384.9
400,14,108,383.5
400,14,110,379.2
400,14,112,388.7
400,14,114,389.7
400,14,116,381.2
400,14,118,384.0
400,14,120,375.7
400,14,122,385.0
400,14,124,376.6
400,14,126,375.3
400,14,128,371.1
400,14,130,367.2
400,14,132,381.2
400,14,134,373.0
400,14,136,375.7
400,14,138,367.6
400,14,140,376.7
400,14,142,368.5
400,14,144,371.1
400,14,146,363.2
400,14,148,363.0
400,14,150,373.1
400,14,152,365.1
400,14,154,367.7
400,14,156,359.7
400,14,158,364.8
400,14,160,360.6
400,14,162,352.8
400,14,164,355.3
400,14,166,347.7
400,14,168,356.1
400,14,170,345.3
400,14,172,351.0
400,14,174,348.6
400,14,176,351.8
400,14,178,352.9
400,14,180,345.4
400,16,0,417.6
400,16,2,386.9
400,16,4,416.5
400,16,6,389.7
400,16,8,417.6
400,16,10,394.9
400,16,12,416.5
400,16,14,398.5
400,16,16,398.8
400,16,18,409.0
400,16,20,397.4
400,16,22,412.2
400,16,24,386.3
400,16,26,413.3
400,16,28,387.2
400,16,30,416.5
400,16,32,390.3
400,16,34,417.6
400,16,36,395.7
400,16,38,416.5
400,16,40,398.9
400,16,42,417.6
400,16,44,404.7
400,16,46,416.5
400,16,48,403.6
400,16,50,394.1
400,16,52,408.9
400,16,54,391.6
400,16,56,405.5
400,16,58,394.6
400,16,60,413.3
400,16,62,400.0
400,16,64,407.5
400,16,66,398.7
400,16,68,413.3
400,16,70,400.4
400,16,72,411.9
400,16,74,403.6
400,16,76,413.0
400,16,78,404.6
400,16,80,391.7
400,16,82,403.3
400,16,84,394.6
400,16,86,409.0
400,16,88,395.6
400,16,90,403.1
400,16,92,395.1
400,16,94,404.0
400,16,96,400.4
400,16,98,387.6
400,16,100,392.5
400,16,102,386.3
400,16,104,400.2
400,16,106,391.4
400,16,108,394.4
400,16,110,385.8
400,16,112,395.3
400,16,114,391.9
400,16,116,383.6
400,16,118,390.6
400,16,120,382.2
400,16,122,391.5
400,16,124,383.1
400,16,126,385.9
400,16,128,377.5
400,16,130,386.7
400,16,132,387.9
400,16,134,381.2
400,16,136,382.2
400,16,138,373.9
400,16,140,383.1
400,16,142,374.8
400,16,144,377.6
400,16,146,369.4
400,16,148,378.5
400,16,150,379.4
400,16,152,371.3
400,16,154,374.0
400,16,156,365.9
400,16,158,374.9
400,16,160,366.8
400,16,162,362.0
400,16,164,361.4
400,16,166,370.3
400,16,168,371.4
400,16,170,363.4
400,16,172,357.0
400,16,174,358.1
400,16,176,366.7
400,16,178,358.9
400,16,180,358.0
400,18,0,419.8
400,18,2,389.2
400,18,4,418.7
400,18,6,392.0
400,18,8,419.8
400,18,10,400.8
400,18,12,418.7
400,18,14,401.1
400,18,16,419.8
400,18,18,415.5
400,18,20,399.8
400,18,22,414.4
400,18,24,400.6
400,18,26,419.8
400,18,28,393.9
400,18,30,418.7
400,18,32,392.5
400,18,34,419.8
400,18,36,402.2
400,18,38,418.7
400,18,40,401.1
400,18,42,419.8
400,18,44,406.9
400,18,46,418.7
400,18,48,410.1
400,18,50,415.0
400,18,52,411.1
400,18,54,393.9
400,18,56,409.8
400,18,58,397.0
400,18,60,415.5
400,18,62,402.2
400,18,64,414.3
400,18,66,400.9
400,18,68,415.4
400,18,70,402.7
400,18,72,414.1
400,18,74,405.8
400,18,76,415.2
400,18,78,406.8
400,18,80,414.0
400,18,82,405.6
400,18,84,396.9
400,18,86,411.2
400,18,88,397.9
400,18,90,410.0
400,18,92,397.4
400,18,94,410.9
400,18,96,402.7
400,18,98,405.0
400,18,100,392.5
400,18,102,406.0
400,18,104,402.5
400,18,106,393.7
400,18,108,401.1
400,18,110,392.5
400,18,112,402.2
400,18,114,394.2
400,18,116,396.3
400,18,118,397.4
400,18,120,397.3
400,18,122,398.3
400,18,124,389.7
400,18,126,392.5
400,18,128,384.0
400,18,130,393.5
400,18,132,390.2
400,18,134,387.7
400,18,136,388.8
400,18,138,388.7
400,18,140,389.8
400,18,142,381.3
400,18,144,384.1
400,18,146,375.8
400,18,148,385.0
400,18,150,386.0
400,18,152,377.7
400,18,154,380.4
400,18,156,372.1
400,18,158,381.4
400,18,160,373.1
400,18,162,375.7
400,18,164,367.7
400,18,166,376.7
400,18,168,377.7
400,18,170,371.3
400,18,172,372.3
400,18,174,369.8
400,18,176,373.2
400,18,178,365.1
400,18,180,367.9
400,20,0,421.9
400,20,2,398.1
400,20,4,420.8
400,20,6,397.5
400,20,8,421.9
400,20,10,404.5
400,20,12,420.8
400,20,14,416.5
400,20,16,421.9
400,20,18,417.6
400,20,20,420.8
400,20,22,420.8
400,20,24,421.9
400,20,26,421.9
400,20,28,401.5
400,20,30,420.8
400,20,32,399.2
400,20,34,421.9
400,20,36,404.5
400,20,38,420.8
400,20,40,403.4
400,20,42,421.9
400,20,44,413.4
400,20,46,420.8
400,20,48,412.3
400,20,50,417.2
400,20,52,413.4
400,20,54,420.8
400,20,56,416.5
400,20,58,421.9
400,20,60,417.6
400,20,62,404.4
400,20,64,416.5
400,20,66,403.2
400,20,68,417.6
400,20,70,404.9
400,20,72,416.2
400,20,74,408.0
400,20,76,417.6
400,20,78,408.9
400,20,80,416.1
400,20,82,407.8
400,20,84,412.5
400,20,86,413.4
400,20,88,404.5
400,20,90,412.2
400,20,92,403.3
400,20,94,413.3
400,20,96,404.9
400,20,98,412.0
400,20,100,399.2
400,20,102,412.9
400,20,104,404.6
400,20,106,406.9
400,20,108,408.0
400,20,110,407.9
400,20,112,404.4
400,20,114,400.1
400,20,116,403.1
400,20,118,399.6
400,20,120,404.1
400,20,122,400.5
400,20,124,398.2
400,20,126,399.3
400,20,128,399.2
400,20,130,400.2
400,20,132,392.5
400,20,134,394.4
400,20,136,395.5
400,20,138,395.4
400,20,140,396.5
400,20,142,387.8
400,20,144,390.7
400,20,146,390.6
400,20,148,391.6
400,20,150,388.4
400,20,152,385.9
400,20,154,386.9
400,20,156,386.9
400,20,158,387.9
400,20,160,379.5
400,20,162,382.3
400,20,164,382.2
400,20,166,383.2
400,20,168,384.2
400,20,170,377.6
400,20,172,378.7
400,20,174,378.5
400,20,176,379.5
400,20,178,374.1
400,20,180,374.2
400,22,0,424.0
400,22,2,404.7
400,22,4,423.0
400,22,6,403.8
400,22,8,424.0
400,22,10,419.8
400,22,12,423.0
400,22,14,418.7
400,22,16,424.0
400,22,18,424.0
400,22,20,423.0
400,22,22,423.0
400,22,24,424.0
400,22,26,424.0
400,22,28,403.8
400,22,30,423.0
400,22,32,405.6
400,22,34,424.0
400,22,36,406.7
400,22,38,423.0
400,22,40,410.2
400,22,42,424.0
400,22,44,415.5
400,22,46,423.0
400,22,48,414.4
400,22,50,421.9
400,22,52,419.8
400,22,54,423.0
400,22,56,418.7
400,22,58,424.0
400,22,60,419.6
400,22,62,423.0
400,22,64,418.7
400,22,66,424.0
400,22,68,419.5
400,22,70,411.3
400,22,72,418.4
400,22,74,410.2
400,22,76,419.7
400,22,78,409.1
400,22,80,418.6
400,22,82,414.4
400,22,84,414.8
400,22,86,415.5
400,22,88,413.6
400,22,90,414.4
400,22,92,419.3
400,22,94,415.5
400,22,96,407.1
400,22,98,414.2
400,22,100,405.8
400,22,102,415.1
400,22,104,406.8
400,22,106,414.0
400,22,108,410.2
400,22,110,415.0
400,22,112,411.1
400,22,114,409.0
400,22,116,410.0
400,22,118,410.0
400,22,120,411.0
400,22,122,402.8
400,22,124,405.0
400,22,126,401.5
400,22,128,406.0
400,22,130,407.1
400,22,132,398.3
400,22,134,401.2
400,22,136,401.1
400,22,138,402.2
400,22,140,396.5
400,22,142,396.3
400,22,144,397.4
400,22,146,397.3
400,22,148,398.4
400,22,150,391.5
400,22,152,392.6
400,22,154,393.6
400,22,156,393.5
400,22,158,394.6
400,22,160,387.8
400,22,162,388.9
400,22,164,388.7
400,22,166,389.8
400,22,168,386.5
400,22,170,384.1
400,22,172,385.2
400,22,174,385.0
400,22,176,386.1
400,22,178,379.4
400,22,180,380.6
400,24,0,426.1
400,24,2,406.9
400,24,4,425.1
400,24,6,420.8
400,24,8,426.1
400,24,10,426.1
400,24,12,425.1
400,24,14,425.1
400,24,16,426.1
400,24,18,426.1
400,24,20,425.1
400,24,22,425.1
400,24,24,426.1
400,24,26,426.1
400,24,28,420.3
400,24,30,425.1
400,24,32,426.1
400,24,34,426.1
400,24,36,413.5
400,24,38,425.1
400,24,40,416.6
400,24,42,426.1
400,24,44,417.7
400,24,46,425.1
400,24,48,416.6
400,24,50,426.1
400,24,52,421.9
400,24,54,425.1
400,24,56,420.8
400,24,58,426.1
400,24,60,421.9
400,24,62,425.1
400,24,64,420.8
400,24,66,424.0
400,24,68,421.6
400,24,70,413.5
400,24,72,420.8
400,24,74,412.4
400,24,76,421.9
400,24,78,413.5
400,24,80,420.8
400,24,82,416.6
400,24,84,414.8
400,24,86,417.6
400,24,88,415.7
400,24,90,416.6
400,24,92,421.4
400,24,94,417.6
400,24,96,420.3
400,24,98,414.2
400,24,100,426.1
400,24,102,417.3
400,24,104,409.0
400,24,106,416.2
400,24,108,412.4
400,24,110,417.2
400,24,112,413.3
400,24,114,416.0
400,24,116,412.3
400,24,118,417.0
400,24,120,413.2
400,24,122,405.0
400,24,124,412.1
400,24,126,412.0
400,24,128,413.0
400,24,130,409.3
400,24,132,407.0
400,24,134,408.0
400,24,136,408.0
400,24,138,409.1
400,24,140,402.1
400,24,142,403.2
400,24,144,403.0
400,24,146,404.1
400,24,148,405.2
400,24,150,398.2
400,24,152,399.3
400,24,154,395.9
400,24,156,400.3
400,24,158,396.8
400,24,160,394.5
400,24,162,395.5
400,24,164,395.4
400,24,166,396.5
400,24,168,389.7
400,24,170,390.7
400,24,172,390.5
400,24,174,391.6
400,24,176,388.4
400,24,178,387.1
400,24,180,387.2
400,26,0,428.3
400,26,2,423.4
400,26,4,427.2
400,26,6,423.0
400,26,8,428.3
400,26,10,428.3
400,26,12,427.2
400,26,14,427.2
400,26,16,428.3
400,26,18,428.3
400,26,20,427.2
400,26,22,427.2
400,26,24,428.3
400,26,26,428.3
400,26,28,427.2
400,26,30,427.2
400,26,32,428.3
400,26,34,428.3
400,26,36,427.2
400,26,38,427.2
400,26,40,428.3
400,26,42,428.3
400,26,44,424.0
400,26,46,427.2
400,26,48,423.0
400,26,50,428.3
400,26,52,424.0
400,26,54,427.2
400,26,56,423.0
400,26,58,428.3
400,26,60,424.0
400,26,62,427.2
400,26,64,423.0
400,26,66,424.0
400,26,68,424.0
400,26,70,422.4
400,26,72,423.0
400,26,74,423.5
400,26,76,424.0
400,26,78,419.8
400,26,80,420.8
400,26,82,418.8
400,26,84,419.3
400,26,86,417.7
400,26,88,418.3
400,26,90,418.7
400,26,92,421.4
400,26,94,419.6
400,26,96,420.3
400,26,98,414.2
400,26,100,428.3
400,26,102,419.4
400,26,104,427.2
400,26,106,418.3
400,26,108,428.3
400,26,110,417.2
400,26,112,415.6
400,26,114,418.1
400,26,116,414.5
400,26,118,419.1
400,26,120,415.3
400,26,122,418.0
400,26,124,414.2
400,26,126,419.1
400,26,128,415.2
400,26,130,409.3
400,26,132,414.0
400,26,134,414.0
400,26,136,415.0
400,26,138,411.3
400,26,140,409.0
400,26,142,410.0
400,26,144,410.0
400,26,146,411.0
400,26,148,407.4
400,26,150,405.1
400,26,152,406.1
400,26,154,406.1
400,26,156,402.5
400,26,158,400.2
400,26,160,401.2
400,26,162,402.2
400,26,164,402.2
400,26,166,403.2
400,26,168,396.4
400,26,170,397.5
400,26,172,397.4
400,26,174,398.4
400,26,176,394.9
400,26,178,393.7
400,26,180,393.8
400,28,0,430.3
400,28,2,430.3
400,28,4,429.3
400,28,6,429.3
400,28,8,430.3
400,28,10,430.3
400,28,12,429.3
400,28,14,429.3
400,28,16,430.3
400,28,18,430.3
400,28,20,429.3
400,28,22,429.3
400,28,24,430.3
400,28,26,430.3
400,28,28,429.3
400,28,30,429.3
400,28,32,430.3
400,28,34,430.3
400,28,36,429.3
400,28,38,429.3
400,28,40,430.3
400,28,42,430.3
400,28,44,429.3
400,28,46,429.3
400,28,48,430.3
400,28,50,430.3
400,28,52,426.1
400,28,54,429.3
400,28,56,425.1
400,28,58,430.3
400,28,60,426.1
400,28,62,429.3
400,28,64,425.1
400,28,66,430.3
400,28,68,426.1
400,28,70,429.3
400,28,72,425.1
400,28,74,425.6
400,28,76,426.1
400,28,78,424.5
400,28,80,425.1
400,28,82,425.6
400,28,84,424.0
400,28,86,422.0
400,28,88,423.0
400,28,90,420.9
400,28,92,430.3
400,28,94,419.8
400,28,96,429.3
400,28,98,420.5
400,28,100,430.3
400,28,102,421.6
400,28,104,429.3
400,28,106,418.3
400,28,108,430.3
400,28,110,421.4
400,28,112,429.3
400,28,114,418.1
400,28,116,430.3
400,28,118,421.3
400,28,120,417.5
400,28,122,420.2
400,28,124,414.2
400,28,126,419.1
400,28,128,417.3
400,28,130,420.0
400,28,132,414.0
400,28,134,421.1
400,28,136,417.2
400,28,138,411.3
400,28,140,416.1
400,28,142,412.2
400,28,144,417.0
400,28,146,411.0
400,28,148,411.0
400,28,150,412.1
400,28,152,412.0
400,28,154,413.0
400,28,156,406.0
400,28,158,407.0
400,28,160,408.1
400,28,162,408.1
400,28,164,409.1
400,28,166,405.4
400,28,168,403.2
400,28,170,403.2
400,28,172,404.1
400,28,174,405.2
400,28,176,401.5
400,28,178,400.4
400,28,180,400.4
400,30,0,432.4
400,30,2,432.4
400,30,4,431.4
400,30,6,431.4
400,30,8,432.4
400,30,10,432.4
400,30,12,431.4
400,30,14,431.4
400,30,16,432.4
400,30,18,432.4
400,30,20,431.4
400,30,22,431.4
400,30,24,432.4
400,30,26,432.4
400,30,28,431.4
400,30,30,431.4
400,30,32,432.4
400,30,34,432.4
400,30,36,431.4
400,30,38,431.4
400,30,40,432.4
400,30,42,432.4
400,30,44,431.4
400,30,46,431.4
400,30,48,432.4
400,30,50,432.4
400,30,52,431.4
400,30,54,431.4
400,30,56,432.4
400,30,58,432.4
400,30,60,428.3
400,30,62,431.4
400,30,64,427.2
400,30,66,432.4
400,30,68,428.3
400,30,70,431.4
400,30,72,427.2
400,30,74,430.3
400,30,76,428.3
400,30,78,431.4
400,30,80,427.2
400,30,82,427.7
400,30,84,432.4
400,30,86,426.6
400,30,88,431.4
400,30,90,427.6
400,30,92,432.4
400,30,94,424.1
400,30,96,431.4
400,30,98,423.0
400,30,100,432.4
400,30,102,423.6
400,30,104,431.4
400,30,106,422.5
400,30,108,432.4
400,30,110,421.4
400,30,112,431.4
400,30,114,422.3
400,30,116,432.4
400,30,118,423.4
400,30,120,431.4
400,30,122,422.3
400,30,124,432.4
400,30,126,423.2
400,30,128,419.5
400,30,130,422.4
400,30,132,418.3
400,30,134,423.4
400,30,136,419.4
400,30,138,422.2
400,30,140,416.1
400,30,142,423.1
400,30,144,419.2
400,30,146,415.3
400,30,148,418.1
400,30,150,418.1
400,30,152,419.1
400,30,154,415.2
400,30,156,413.1
400,30,158,414.1
400,30,160,414.0
400,30,162,415.1
400,30,164,411.3
400,30,166,409.0
400,30,168,410.1
400,30,170,410.0
400,30,172,411.1
400,30,174,407.4
400,30,176,405.1
400,30,178,407.4
400,30,180,406.3
400,32,0,434.5
400,32,2,434.5
400,32,4,433.5
400,32,6,433.5
400,32,8,434.5
400,32,10,434.5
400,32,12,433.5
400,32,14,434.5
400,32,16,434.5
400,32,18,434.5
400,32,20,433.5
400,32,22,434.5
400,32,24,434.5
400,32,26,434.5
400,32,28,433.5
400,32,30,433.5
400,32,32,434.5
400,32,34,434.5
400,32,36,433.5
400,32,38,433.5
400,32,40,434.5
400,32,42,434.5
400,32,44,433.5
400,32,46,433.5
400,32,48,434.5
400,32,50,434.5
400,32,52,433.5
400,32,54,433.5
400,32,56,434.5
400,32,58,434.5
400,32,60,433.5
400,32,62,433.5
400,32,64,429.6
400,32,66,434.5
400,32,68,434.5
400,32,70,433.5
400,32,72,433.5
400,32,74,434.5
400,32,76,434.5
400,32,78,433.5
400,32,80,433.5
400,32,82,432.4
400,32,84,434.5
400,32,86,433.5
400,32,88,433.5
400,32,90,429.7
400,32,92,434.5
400,32,94,428.6
400,32,96,433.5
400,32,98,429.7
400,32,100,434.5
400,32,102,426.2
400,32,104,433.5
400,32,106,425.2
400,32,108,434.5
400,32,110,425.5
400,32,112,433.5
400,32,114,424.4
400,32,116,434.5
400,32,118,425.5
400,32,120,433.5
400,32,122,422.3
400,32,124,434.5
400,32,126,425.4
400,32,128,433.5
400,32,130,424.5
400,32,132,429.6
400,32,134,430.3
400,32,136,419.4
400,32,138,429.3
400,32,140,416.1
400,32,142,430.3
400,32,144,421.3
400,32,146,424.1
400,32,148,420.2
400,32,150,425.2
400,32,152,421.4
400,32,154,419.1
400,32,156,420.1
400,32,158,420.1
400,32,160,421.2
400,32,162,417.2
400,32,164,413.5
400,32,166,416.0
400,32,168,416.0
400,32,170,417.1
400,32,172,413.2
400,32,174,411.1
400,32,176,412.2
400,32,178,412.0
400,32,180,413.2
400,34,0,436.6
400,34,2,436.6
400,34,4,435.5
400,34,6,436.6
400,34,8,436.6
400,34,10,436.6
400,34,12,435.5
400,34,14,436.6
400,34,16,436.6
400,34,18,436.6
400,34,20,435.5
400,34,22,436.6
400,34,24,436.6
400,34,26,436.6
400,34,28,435.5
400,34,30,436.6
400,34,32,436.6
400,34,34,436.6
400,34,36,435.5
400,34,38,435.5
400,34,40,436.6
400,34,42,436.6
400,34,44,435.5
400,34,46,435.5
400,34,48,436.6
400,34,50,436.6
400,34,52,436.6
400,34,54,435.5
400,34,56,436.6
400,34,58,436.6
400,34,60,436.6
400,34,62,435.5
400,34,64,435.5
400,34,66,436.6
400,34,68,436.6
400,34,70,435.5
400,34,72,436.6
400,34,74,436.6
400,34,76,436.6
400,34,78,435.5
400,34,80,435.5
400,34,82,436.6
400,34,84,436.6
400,34,86,435.5
400,34,88,435.5
400,34,90,436.6
400,34,92,436.6
400,34,94,430.8
400,34,96,435.5
400,34,98,431.8
400,34,100,434.5
400,34,102,430.7
400,34,104,435.5
400,34,106,431.8
400,34,108,436.6
400,34,110,428.1
400,34,112,435.5
400,34,114,436.6
400,34,116,436.6
400,34,118,432.4
400,34,120,435.5
400,34,122,426.5
400,34,124,436.6
400,34,126,432.4
400,34,128,435.5
400,34,130,431.4
400,34,132,431.7
400,34,134,432.4
400,34,136,430.7
400,34,138,431.4
400,34,140,431.7
400,34,142,432.4
400,34,144,423.4
400,34,146,426.5
400,34,148,422.4
400,34,150,427.6
400,34,152,428.3
400,34,154,426.3
400,34,156,427.3
400,34,158,427.3
400,34,160,428.3
400,34,162,421.1
400,34,164,422.1
400,34,166,423.2
400,34,168,423.2
400,34,170,424.2
400,34,172,415.4
400,34,174,418.1
400,34,176,418.1
400,34,178,419.2
400,34,180,420.2
400,36,0,438.6
400,36,2,438.6
400,36,4,437.6
400,36,6,438.6
400,36,8,438.6
400,36,10,438.6
400,36,12,437.6
400,36,14,438.6
400,36,16,438.6
400,36,18,438.6
400,36,20,437.6
400,36,22,438.6
400,36,24,438.6
400,36,26,438.6
400,36,28,438.6
400,36,30,438.6
400,36,32,438.6
400,36,34,438.6
400,36,36,438.6
400,36,38,437.6
400,36,40,438.6
400,36,42,438.6
400,36,44,438.6
400,36,46,437.6
400,36,48,438.6
400,36,50,438.6
400,36,52,438.6
400,36,54,437.6
400,36,56,438.6
400,36,58,438.6
400,36,60,438.6
400,36,62,437.6
400,36,64,438.6
400,36,66,438.6
400,36,68,438.6
400,36,70,437.6
400,36,72,438.6
400,36,74,438.6
400,36,76,438.6
400,36,78,437.6
400,36,80,438.6
400,36,82,438.6
400,36,84,438.6
400,36,86,437.6
400,36,88,438.6
400,36,90,438.6
400,36,92,438.6
400,36,94,437.6
400,36,96,437.6
400,36,98,438.6
400,36,100,438.6
400,36,102,437.6
400,36,104,437.6
400,36,106,436.6
400,36,108,436.6
400,36,110,434.5
400,36,112,437.6
400,36,114,438.6
400,36,116,438.6
400,36,118,437.6
400,36,120,437.6
400,36,122,438.6
400,36,124,438.6
400,36,126,434.5
400,36,128,437.6
400,36,130,433.5
400,36,132,438.6
400,36,134,434.5
400,36,136,432.7
400,36,138,433.5
400,36,140,433.8
400,36,142,434.5
400,36,144,432.7
400,36,146,433.5
400,36,148,433.8
400,36,150,429.7
400,36,152,430.4
400,36,154,428.6
400,36,156,429.4
400,36,158,429.7
400,36,160,430.4
400,36,162,428.4
400,36,164,429.4
400,36,166,429.4
400,36,168,430.4
400,36,170,426.4
400,36,172,424.2
400,36,174,425.3
400,36,176,425.3
400,36,178,426.4
400,36,180,422.3
400,38,0,440.7
400,38,2,440.7
400,38,4,439.7
400,38,6,440.7
400,38,8,440.7
400,38,10,440.7
400,38,12,440.7
400,38,14,440.7
400,38,16,440.7
400,38,18,440.7
400,38,20,440.7
400,38,22,440.7
400,38,24,440.7
400,38,26,440.7
400,38,28,439.7
400,38,30,440.7
400,38,32,440.7
400,38,34,440.7
400,38,36,440.7
400,38,38,439.7
400,38,40,440.7
400,38,42,440.7
400,38,44,440.7
400,38,46,440.7
400,38,48,440.7
400,38,50,440.7
400,38,52,440.7
400,38,54,440.7
400,38,56,440.7
400,38,58,440.7
400,38,60,440.7
400,38,62,439.7
400,38,64,440.7
400,38,66,440.7
400,38,68,440.7
400,38,70,439.7
400,38,72,440.7
400,38,74,440.7
400,38,76,440.7
400,38,78,439.7
400,38,80,440.7
400,38,82,440.7
400,38,84,440.7
400,38,86,439.7
400,38,88,440.7
400,38,90,440.7
400,38,92,440.7
400,38,94,439.7
400,38,96,439.7
400,38,98,440.7
400,38,100,440.7
400,38,102,439.7
400,38,104,439.7
400,38,106,438.6
400,38,108,440.7
400,38,110,437.6
400,38,112,439.7
400,38,114,440.7
400,38,116,438.6
400,38,118,439.7
400,38,120,439.7
400,38,122,440.7
400,38,124,440.7
400,38,126,436.6
400,38,128,439.7
400,38,130,435.8
400,38,132,440.7
400,38,134,436.6
400,38,136,434.8
400,38,138,435.5
400,38,140,435.9
400,38,142,436.6
400,38,144,434.8
400,38,146,435.5
400,38,148,435.9
400,38,150,436.6
400,38,152,432.5
400,38,154,430.7
400,38,156,431.5
400,38,158,431.8
400,38,160,432.5
400,38,162,430.7
400,38,164,435.7
400,38,166,431.8
400,38,168,432.5
400,38,170,430.5
400,38,172,431.5
400,38,174,431.5
400,38,176,432.5
400,38,178,428.5
400,38,180,426.4
400,40,0,442.7
400,40,2,442.7
400,40,4,442.7
400,40,6,442.7
400,40,8,442.7
400,40,10,442.7
400,40,12,442.7
400,40,14,442.7
400,40,16,442.7
400,40,18,442.7
400,40,20,442.7
400,40,22,442.7
400,40,24,442.7
400,40,26,442.7
400,40,28,441.7
400,40,30,442.7
400,40,32,442.7
400,40,34,442.7
400,40,36,442.7
400,40,38,442.7
400,40,40,442.7
400,40,42,442.7
400,40,44,442.7
400,40,46,442.7
400,40,48,442.7
400,40,50,442.7
400,40,52,442.7
400,40,54,442.7
400,40,56,442.7
400,40,58,442.7
400,40,60,442.7
400,40,62,442.7
400,40,64,442.7
400,40,66,442.7
400,40,68,442.7
400,40,70,442.7
400,40,72,442.7
400,40,74,442.7
400,40,76,442.7
400,40,78,441.7
400,40,80,442.7
400,40,82,442.7
400,40,84,442.7
400,40,86,441.7
400,40,88,442.7
400,40,90,442.7
400,40,92,442.7
400,40,94,441.7
400,40,96,442.7
400,40,98,442.7
400,40,100,442.7
400,40,102,441.7
400,40,104,441.7
400,40,106,442.7
400,40,108,442.7
400,40,110,441.7
400,40,112,442.7
400,40,114,442.7
400,40,116,442.7
400,40,118,441.7
400,40,120,441.7
400,40,122,442.7
400,40,124,440.7
400,40,126,438.6
400,40,128,441.7
400,40,130,437.9
400,40,132,442.7
400,40,134,438.6
400,40,136,441.7
400,40,138,437.9
400,40,140,437.9
400,40,142,438.6
400,40,144,436.9
400,40,146,442.7
400,40,148,437.9
400,40,150,438.6
400,40,152,434.6
400,40,154,432.8
400,40,156,433.5
400,40,158,433.8
400,40,160,434.6
400,40,162,432.8
400,40,164,437.8
400,40,166,433.8
400,40,168,436.8
400,40,170,432.8
400,40,172,437.8
400,40,174,433.8
400,40,176,434.6
400,40,178,433.7
400,40,180,428.6
400,42,0,444.7
400,42,2,444.7
400,42,4,444.7
400,42,6,444.7
400,42,8,444.7
400,42,10,444.7
400,42,12,444.7
400,42,14,444.7
400,42,16,444.7
400,42,18,444.7
400,42,20,444.7
400,42,22,444.7
400,42,24,444.7
400,42,26,444.7
400,42,28,444.7
400,42,30,444.7
400,42,32,444.7
400,42,34,444.7
400,42,36,444.7
400,42,38,444.7
400,42,40,444.7
400,42,42,444.7
400,42,44,444.7
400,42,46,444.7
400,42,48,444.7
400,42,50,444.7
400,42,52,444.7
400,42,54,444.7
400,42,56,444.7
400,42,58,444.7
400,42,60,444.7
400,42,62,444.7
400,42,64,444.7
400,42,66,444.7
400,42,68,444.7
400,42,70,444.7
400,42,72,444.7
400,42,74,444.7
400,42,76,444.7
400,42,78,444.7
400,42,80,444.7
400,42,82,444.7
400,42,84,444.7
400,42,86,443.7
400,42,88,444.7
400,42,90,444.7
400,42,92,444.7
400,42,94,443.7
400,42,96,444.7
400,42,98,444.7
400,42,100,444.7
400,42,102,443.7
400,42,104,444.7
400,42,106,444.7
400,42,108,444.7
400,42,110,443.7
400,42,112,444.7
400,42,114,444.7
400,42,116,444.7
400,42,118,443.7
400,42,120,443.7
400,42,122,444.7
400,42,124,444.7
400,42,126,443.7
400,42,128,443.7
400,42,130,442.7
400,42,132,444.7
400,42,134,441.7
400,42,136,443.7
400,42,138,439.9
400,42,140,444.7
400,42,142,440.7
400,42,144,438.9
400,42,146,444.7
400,42,148,440.0
400,42,150,443.7
400,42,152,438.9
400,42,154,439.8
400,42,156,435.6
400,42,158,435.9
400,42,160,434.6
400,42,162,434.9
400,42,164,437.8
400,42,166,435.9
400,42,168,436.8
400,42,170,435.8
400,42,172,439.9
400,42,174,435.9
400,42,176,438.9
400,42,178,435.8
400,42,180,440.1
400,44,0,446.8
400,44,2,446.8
400,44,4,446.8
400,44,6,446.8
400,44,8,446.8
400,44,10,446.8
400,44,12,446.8
400,44,14,446.8
400,44,16,446.8
400,44,18,446.8
400,44,20,446.8
400,44,22,446.8
400,44,24,446.8
400,44,26,446.8
400,44,28,446.8
400,44,30,446.8
400,44,32,446.8
400,44,34,446.8
400,44,36,446.8
400,44,38,446.8
400,44,40,446.8
400,44,42,446.8
400,44,44,446.8
400,44,46,446.8
400,44,48,446.8
400,44,50,446.8
400,44,52,446.8
400,44,54,446.8
400,44,56,446.8
400,44,58,446.8
400,44,60,446.8
400,44,62,446.8
400,44,64,446.8
400,44,66,446.8
400,44,68,446.8
400,44,70,446.8
400,44,72,446.8
400,44,74,446.8
400,44,76,446.8
400,44,78,446.8
400,44,80,446.8
400,44,82,446.8
400,44,84,446.8
400,44,86,446.8
400,44,88,446.8
400,44,90,446.8
400,44,92,446.8
400,44,94,446.8
400,44,96,446.8
400,44,98,446.8
400,44,100,446.8
400,44,102,445.8
400,44,104,446.8
400,44,106,446.8
400,44,108,446.8
400,44,110,445.8
400,44,112,446.8
400,44,114,446.8
400,44,116,446.8
400,44,118,445.8
400,44,120,446.8
400,44,122,446.8
400,44,124,446.8
400,44,126,445.8
400,44,128,446.8
400,44,130,446.8
400,44,132,446.8
400,44,134,445.8
400,44,136,446.8
400,44,138,444.7
400,44,140,446.8
400,44,142,442.7
400,44,144,441.7
400,44,146,446.8
400,44,148,442.0
400,44,150,445.8
400,44,152,441.0
400,44,154,441.8
400,44,156,438.1
400,44,158,442.7
400,44,160,436.7
400,44,162,442.0
400,44,164,441.8
400,44,166,438.0
400,44,168,441.7
400,44,170,446.8
400,44,172,442.7
400,44,174,438.0
400,44,176,441.1
400,44,178,437.9
400,44,180,442.1
400,46,0,448.8
400,46,2,448.8
400,46,4,448.8
400,46,6,448.8
400,46,8,448.8
400,46,10,448.8
400,46,12,448.8
400,46,14,448.8
400,46,16,448.8
400,46,18,448.8
400,46,20,448.8
400,46,22,448.8
400,46,24,448.8
400,46,26,448.8
400,46,28,448.8
400,46,30,448.8
400,46,32,448.8
400,46,34,448.8
400,46,36,448.8
400,46,38,448.8
400,46,40,448.8
400,46,42,448.8
400,46,44,448.8
400,46,46,448.8
400,46,48,448.8
400,46,50,448.8
400,46,52,448.8
400,46,54,448.8
400,46,56,448.8
400,46,58,448.8
400,46,60,448.8
400,46,62,448.8
400,46,64,448.8
400,46,66,448.8
400,46,68,448.8
400,46,70,448.8
400,46,72,448.8
400,46,74,448.8
400,46,76,448.8
400,46,78,448.8
400,46,80,448.8
400,46,82,448.8
400,46,84,448.8
400,46,86,448.8
400,46,88,448.8
400,46,90,448.8
400,46,92,448.8
400,46,94,448.8
400,46,96,448.8
400,46,98,448.8
400,46,100,448.8
400,46,102,448.8
400,46,104,448.8
400,46,106,448.8
400,46,108,448.8
400,46,110,448.8
400,46,112,448.8
400,46,114,448.8
400,46,116,448.8
400,46,118,447.8
400,46,120,448.8
400,46,122,448.8
400,46,124,448.8
400,46,126,447.8
400,46,128,448.8
400,46,130,448.8
400,46,132,448.8
400,46,134,447.8
400,46,136,448.8
400,46,138,448.8
400,46,140,448.8
400,46,142,447.8
400,46,144,447.8
400,46,146,446.8
400,46,148,444.7
400,46,150,447.8
400,46,152,443.0
400,46,154,444.7
400,46,156,444.0
400,46,158,444.7
400,46,160,441.7
400,46,162,444.0
400,46,164,444.4
400,46,166,443.0
400,46,168,443.7
400,46,170,448.8
400,46,172,444.7
400,46,174,448.8
400,46,176,443.1
400,46,178,443.7
400,46,180,444.1
400,48,0,450.8
400,48,2,450.8
400,48,4,450.8
400,48,6,450.8
400,48,8,450.8
400,48,10,450.8
400,48,12,450.8
400,48,14,450.8
400,48,16,450.8
400,48,18,450.8
400,48,20,450.8
400,48,22,450.8
400,48,24,450.8
400,48,26,450.8
400,48,28,450.8
400,48,30,450.8
400,48,32,450.8
400,48,34,450.8
400,48,36,450.8
400,48,38,450.8
400,48,40,450.8
400,48,42,450.8
400,48,44,450.8
400,48,46,450.8
400,48,48,450.8
400,48,50,450.8
400,48,52,450.8
400,48,54,450.8
400,48,56,450.8
400,48,58,450.8
400,48,60,450.8
400,48,62,450.8
400,48,64,450.8
400,48,66,450.8
400,48,68,450.8
400,48,70,450.8
400,48,72,450.8
400,48,74,450.8
400,48,76,450.8
400,48,78,450.8
400,48,80,450.8
400,48,82,450.8
400,48,84,450.8
400,48,86,450.8
400,48,88,450.8
400,48,90,450.8
400,48,92,450.8
400,48,94,450.8
400,48,96,450.8
400,48,98,450.8
400,48,100,450.8
400,48,102,450.8
400,48,104,450.8
400,48,106,450.8
400,48,108,450.8
400,48,110,450.8
400,48,112,450.8
400,48,114,450.8
400,48,116,450.8
400,48,118,450.8
400,48,120,450.8
400,48,122,450.8
400,48,124,450.8
400,48,126,450.8
400,48,128,450.8
400,48,130,450.8
400,48,132,450.8
400,48,134,449.8
400,48,136,450.8
400,48,138,450.8
400,48,140,450.8
400,48,142,449.8
400,48,144,450.8
400,48,146,448.8
400,48,148,450.8
400,48,150,449.8
400,48,152,445.9
400,48,154,450.8
400,48,156,449.8
400,48,158,446.8
400,48,160,445.7
400,48,162,446.8
400,48,164,446.4
400,48,166,446.8
400,48,168,445.7
400,48,170,449.8
400,48,172,446.7
400,48,174,450.8
400,48,176,445.1
400,48,178,445.7
400,48,180,446.2
400,50,0,452.8
400,50,2,452.8
400,50,4,452.8
400,50,6,452.8
400,50,8,452.8
400,50,10,452.8
400,50,12,452.8
400,50,14,452.8
400,50,16,452.8
400,50,18,452.8
400,50,20,452.8
400,50,22,452.8
400,50,24,452.8
400,50,26,452.8
400,50,28,452.8
400,50,30,452.8
400,50,32,452.8
400,50,34,452.8
400,50,36,452.8
400,50,38,452.8
400,50,40,452.8
400,50,42,452.8
400,50,44,452.8
400,50,46,452.8
400,50,48,452.8
400,50,50,452.8
400,50,52,452.8
400,50,54,452.8
400,50,56,452.8
400,50,58,452.8
400,50,60,452.8
400,50,62,452.8
400,50,64,452.8
400,50,66,452.8
400,50,68,452.8
400,50,70,452.8
400,50,72,452.8
400,50,74,452.8
400,50,76,452.8
400,50,78,452.8
400,50,80,452.8
400,50,82,452.8
400,50,84,452.8
400,50,86,452.8
400,50,88,452.8
400,50,90,452.8
400,50,92,452.8
400,50,94,452.8
400,50,96,452.8
400,50,98,452.8
400,50,100,452.8
400,50,102,452.8
400,50,104,452.8
400,50,106,452.8
400,50,108,452.8
400,50,110,452.8
400,50,112,452.8
400,50,114,452.8
400,50,116,452.8
400,50,118,452.8
400,50,120,452.8
400,50,122,452.8
400,50,124,452.8
400,50,126,452.8
400,50,128,452.8
400,50,130,452.8
400,50,132,452.8
400,50,134,452.8
400,50,136,452.8
400,50,138,452.8
400,50,140,452.8
400,50,142,452.8
400,50,144,452.8
400,50,146,452.8
400,50,148,452.8
400,50,150,451.8
400,50,152,452.8
400,50,154,452.8
400,50,156,451.8
400,50,158,449.8
400,50,160,447.7
400,50,162,450.8
400,50,164,448.4
400,50,166,448.8
400,50,168,447.7
400,50,170,451.8
400,50,172,448.8
400,50,174,451.8
400,50,176,452.8
400,50,178,447.8
400,50,180,448.0
400,52,0,454.8
400,52,2,454.8
400,52,4,454.8
400,52,6,454.8
400,52,8,454.8
400,52,10,454.8
400,52,12,454.8
400,52,14,454.8
400,52,16,454.8
400,52,18,454.8
400,52,20,454.8
400,52,22,454.8
400,52,24,454.8
400,52,26,454.8
400,52,28,454.8
400,52,30,454.8
400,52,32,454.8
400,52,34,454.8
400,52,36,454.8
400,52,38,454.8
400,52,40,454.8
400,52,42,454.8
400,52,44,454.8
400,52,46,454.8
400,52,48,454.8
400,52,50,454.8
400,52,52,454.8
400,52,54,454.8
400,52,56,454.8
400,52,58,454.8
400,52,60,454.8
400,52,62,454.8
400,52,64,454.8
400,52,66,454.8
400,52,68,454.8
400,52,70,454.8
400,52,72,454.8
400,52,74,454.8
400,52,76,454.8
400,52,78,454.8
400,52,80,454.8
400,52,82,454.8
400,52,84,454.8
400,52,86,454.8
400,52,88,454.8
400,52,90,454.8
400,52,92,454.8
400,52,94,454.8
400,52,96,454.8
400,52,98,454.8
400,52,100,454.8
400,52,102,454.8
400,52,104,454.8
400,52,106,454.8
400,52,108,454.8
400,52,110,454.8
400,52,112,454.8
400,52,114,454.8
400,52,116,454.8
400,52,118,454.8
400,52,120,454.8
400,52,122,454.8
400,52,124,454.8
400,52,126,454.8
400,52,128,454.8
400,52,130,454.8
400,52,132,454.8
400,52,134,454.8
400,52,136,454.8
400,52,138,454.8
400,52,140,454.8
400,52,142,454.8
400,52,144,454.8
400,52,146,454.8
400,52,148,454.8
400,52,150,453.8
400,52,152,454.8
400,52,154,454.8
400,52,156,453.8
400,52,158,454.8
400,52,160,454.8
400,52,162,454.8
400,52,164,453.8
400,52,166,453.8
400,52,168,452.8
400,52,170,453.8
400,52,172,453.8
400,52,174,453.8
400,52,176,454.8
400,52,178,450.8
400,52,180,450.0
400,54,0,456.7
400,54,2,456.7
400,54,4,456.7
400,54,6,456.7
400,54,8,456.7
400,54,10,456.7
400,54,12,456.7
400,54,14,456.7
400,54,16,456.7
400,54,18,456.7
400,54,20,456.7
400,54,22,456.7
400,54,24,456.7
400,54,26,456.7
400,54,28,456.7
400,54,30,456.7
400,54,32,456.7
400,54,34,456.7
400,54,36,456.7
400,54,38,456.7
400,54,40,456.7
400,54,42,456.7
400,54,44,456.7
400,54,46,456.7
400,54,48,456.7
400,54,50,456.7
400,54,52,456.7
400,54,54,456.7
400,54,56,456.7
400,54,58,456.7
400,54,60,456.7
400,54,62,456.7
400,54,64,456.7
400,54,66,456.7
400,54,68,456.7
400,54,70,456.7
400,54,72,456.7
400,54,74,456.7
400,54,76,456.7
400,54,78,456.7
400,54,80,456.7
400,54,82,456.7
400,54,84,456.7
400,54,86,456.7
400,54,88,456.7
400,54,90,456.7
400,54,92,456.7
400,54,94,456.7
400,54,96,456.7
400,54,98,456.7
400,54,100,456.7
400,54,102,456.7
400,54,104,456.7
400,54,106,456.7
400,54,108,456.7
400,54,110,456.7
400,54,112,456.7
400,54,114,456.7
400,54,116,456.7
400,54,118,456.7
400,54,120,456.7
400,54,122,456.7
400,54,124,456.7
400,54,126,456.7
400,54,128,456.7
400,54,130,456.7
400,54,132,456.7
400,54,134,456.7
400,54,136,456.7
400,54,138,456.7
400,54,140,456.7
400,54,142,456.7
400,54,144,456.7
400,54,146,456.7
400,54,148,456.7
400,54,150,455.7
400,54,152,456.7
400,54,154,456.7
400,54,156,456.7
400,54,158,456.7
400,54,160,456.7
400,54,162,456.7
400,54,164,455.7
400,54,166,456.7
400,54,168,456.7
400,54,170,456.7
400,54,172,455.7
400,54,174,456.7
400,54,176,456.7
400,54,178,456.7
400,54,180,453.8
400,56,0,458.7
400,56,2,458.7
400,56,4,458.7
400,56,6,458.7
400,56,8,458.7
400,56,10,458.7
400,56,12,458.7
400,56,14,458.7
400,56,16,458.7
400,56,18,458.7
400,56,20,458.7
400,56,22,458.7
400,56,24,458.7
400,56,26,458.7
400,56,28,458.7
400,56,30,458.7
400,56,32,458.7
400,56,34,458.7
400,56,36,458.7
400,56,38,458.7
400,56,40,458.7
400,56,42,458.7
400,56,44,458.7
400,56,46,458.7
400,56,48,458.7
400,56,50,458.7
400,56,52,458.7
400,56,54,458.7
400,56,56,458.7
400,56,58,458.7
400,56,60,458.7
400,56,62,458.7
400,56,64,458.7
400,56,66,458.7
400,56,68,458.7
400,56,70,458.7
400,56,72,458.7
400,56,74,458.7
400,56,76,458.7
400,56,78,458.7
400,56,80,458.7
400,56,82,458.7
400,56,84,458.7
400,56,86,458.7
400,56,88,458.7
400,56,90,458.7
400,56,92,458.7
400,56,94,458.7
400,56,96,458.7
400,56,98,458.7
400,56,100,458.7
400,56,102,458.7
400,56,104,458.7
400,56,106,458.7
400,56,108,458.7
400,56,110,458.7
400,56,112,458.7
400,56,114,458.7
400,56,116,458.7
400,56,118,458.7
400,56,120,458.7
400,56,122,458.7
400,56,124,458.7
400,56,126,458.7
400,56,128,458.7
400,56,130,458.7
400,56,132,458.7
400,56,134,458.7
400,56,136,458.7
400,56,138,458.7
400,56,140,458.7
400,56,142,458.7
400,56,144,458.7
400,56,146,458.7
400,56,148,458.7
400,56,150,457.7
400,56,152,458.7
400,56,154,458.7
400,56,156,458.7
400,56,158,458.7
400,56,160,458.7
400,56,162,458.7
400,56,164,457.7
400,56,166,458.7
400,56,168,458.7
400,56,170,458.7
400,56,172,457.7
400,56,174,458.7
400,56,176,458.7
400,56,178,458.7
400,56,180,457.7
400,58,0,460.7
400,58,2,460.7
400,58,4,460.7
400,58,6,460.7
400,58,8,460.7
400,58,10,460.7
400,58,12,460.7
400,58,14,460.7
400,58,16,460.7
400,58,18,460.7
400,58,20,460.7
400,58,22,460.7
400,58,24,460.7
400,58,26,460.7
400,58,28,460.7
400,58,30,460.7
400,58,32,460.7
400,58,34,460.7
400,58,36,460.7
400,58,38,460.7
400,58,40,460.7
400,58,42,460.7
400,58,44,460.7
400,58,46,460.7
400,58,48,460.7
400,58,50,460.7
400,58,52,460.7
400,58,54,460.7
400,58,56,460.7
400,58,58,460.7
400,58,60,460.7
400,58,62,460.7
400,58,64,460.7
400,58,66,460.7
400,58,68,460.7
400,58,70,460.7
400,58,72,460.7
400,58,74,460.7
400,58,76,460.7
400,58,78,460.7
400,58,80,460.7
400,58,82,460.7
400,58,84,460.7
400,58,86,460.7
400,58,88,460.7
400,58,90,460.7
400,58,92,460.7
400,58,94,460.7
400,58,96,460.7
400,58,98,460.7
400,58,100,460.7
400,58,102,460.7
400,58,104,460.7
400,58,106,460.7
400,58,108,460.7
400,58,110,460.7
400,58,112,460.7
400,58,114,460.7
400,58,116,460.7
400,58,118,460.7
400,58,120,460.7
400,58,122,460.7
400,58,124,460.7
400,58,126,460.7
400,58,128,460.7
400,58,130,460.7
400,58,132,460.7
400,58,134,460.7
400,58,136,460.7
400,58,138,460.7
400,58,140,460.7
400,58,142,460.7
400,58,144,460.7
400,58,146,460.7
400,58,148,460.7
400,58,150,459.7
400,58,152,460.7
400,58,154,460.7
400,58,156,460.7
400,58,158,460.7
400,58,160,460.7
400,58,162,460.7
400,58,164,460.7
400,58,166,460.7
400,58,168,460.7
400,58,170,460.7
400,58,172,459.7
400,58,174,460.7
400,58,176,460.7
400,58,178,460.7
400,58,180,459.7
400,60,0,462.6
400,60,2,462.6
400,60,4,462.6
400,60,6,462.6
400,60,8,462.6
400,60,10,462.6
400,60,12,462.6
400,60,14,462.6
400,60,16,462.6
400,60,18,462.6
400,60,20,462.6
400,60,22,462.6
400,60,24,462.6
400,60,26,462.6
400,60,28,462.6
400,60,30,462.6
400,60,32,462.6
400,60,34,462.6
400,60,36,462.6
400,60,38,462.6
400,60,40,462.6
400,60,42,462.6
400,60,44,462.6
400,60,46,462.6
400,60,48,462.6
400,60,50,462.6
400,60,52,462.6
400,60,54,462.6
400,60,56,462.6
400,60,58,462.6
400,60,60,462.6
400,60,62,462.6
400,60,64,462.6
400,60,66,462.6
400,60,68,462.6
400,60,70,462.6
400,60,72,462.6
400,60,74,462.6
400,60,76,462.6
400,60,78,462.6
400,60,80,462.6
400,60,82,462.6
400,60,84,462.6
400,60,86,462.6
400,60,88,462.6
400,60,90,462.6
400,60,92,462.6
400,60,94,462.6
400,60,96,462.6
400,60,98,462.6
400,60,100,462.6
400,60,102,462.6
400,60,104,462.6
400,60,106,462.6
400,60,108,462.6
400,60,110,462.6
400,60,112,462.6
400,60,114,462.6
400,60,116,462.6
400,60,118,462.6
400,60,120,462.6
400,60,122,462.6
400,60,124,462.6
400,60,126,462.6
400,60,128,462.6
400,60,130,462.6
400,60,132,462.6
400,60,134,462.6
400,60,136,462.6
400,60,138,462.6
400,60,140,462.6
400,60,142,462.6
400,60,144,462.6
400,60,146,462.6
400,60,148,462.6
400,60,150,462.6
400,60,152,462.6
400,60,154,462.6
400,60,156,462.6
400,60,158,462.6
400,60,160,462.6
400,60,162,462.6
400,60,164,462.6
400,60,166,462.6
400,60,168,462.6
400,60,170,462.6
400,60,172,462.6
400,60,174,462.6
400,60,176,462.6
400,60,178,462.6
400,60,180,462.6
400,62,0,464.5
400,62,2,464.5
400,62,4,464.5
400,62,6,464.5
400,62,8,464.5
400,62,10,464.5
400,62,12,464.5
400,62,14,464.5
400,62,16,464.5
400,62,18,464.5
400,62,20,464.5
400,62,22,464.5
400,62,24,464.5
400,62,26,464.5
400,62,28,464.5
400,62,30,464.5
400,62,32,464.5
400,62,34,464.5
400,62,36,464.5
400,62,38,464.5
400,62,40,464.5
400,62,42,464.5
400,62,44,464.5
400,62,46,464.5
400,62,48,464.5
400,62,50,464.5
400,62,52,464.5
400,62,54,464.5
400,62,56,464.5
400,62,58,464.5
400,62,60,464.5
400,62,62,464.5
400,62,64,464.5
400,62,66,464.5
400,62,68,464.5
400,62,70,464.5
400,62,72,464.5
400,62,74,464.5
400,62,76,464.5
400,62,78,464.5
400,62,80,464.5
400,62,82,464.5
400,62,84,464.5
400,62,86,464.5
400,62,88,464.5
400,62,90,464.5
400,62,92,464.5
400,62,94,464.5
400,62,96,464.5
400,62,98,464.5
400,62,100,464.5
400,62,102,464.5
400,62,104,464.5
400,62,106,464.5
400,62,108,464.5
400,62,110,464.5
400,62,112,464.5
400,62,114,464.5
400,62,116,464.5
400,62,118,464.5
400,62,120,464.5
400,62,122,464.5
400,62,124,464.5
400,62,126,464.5
400,62,128,464.5
400,62,130,464.5
400,62,132,464.5
400,62,134,464.5
400,62,136,464.5
400,62,138,464.5
400,62,140,464.5
400,62,142,464.5
400,62,144,464.5
400,62,146,464.5
400,62,148,464.5
400,62,150,464.5
400,62,152,464.5
400,62,154,464.5
400,62,156,464.5
400,62,158,464.5
400,62,160,464.5
400,62,162,464.5
400,62,164,464.5
400,62,166,464.5
400,62,168,464.5
400,62,170,464.5
400,62,172,464.5
400,62,174,464.5
400,62,176,464.5
400,62,178,464.5
400,62,180,464.5
400,64,0,466.5
400,64,2,466.5
400,64,4,466.5
400,64,6,466.5
400,64,8,466.5
400,64,10,466.5
400,64,12,466.5
400,64,14,466.5
400,64,16,466.5
400,64,18,466.5
400,64,20,466.5
400,64,22,466.5
400,64,24,466.5
400,64,26,466.5
400,64,28,466.5
400,64,30,466.5
400,64,32,466.5
400,64,34,466.5
400,64,36,466.5
400,64,38,466.5
400,64,40,466.5
400,64,42,466.5
400,64,44,466.5
400,64,46,466.5
400,64,48,466.5
400,64,50,466.5
400,64,52,466.5
400,64,54,466.5
400,64,56,466.5
400,64,58,466.5
400,64,60,466.5
400,64,62,466.5
400,64,64,466.5
400,64,66,466.5
400,64,68,466.5
400,64,70,466.5
400,64,72,466.5
400,64,74,466.5
400,64,76,466.5
400,64,78,466.5
400,64,80,466.5
400,64,82,466.5
400,64,84,466.5
400,64,86,466.5
400,64,88,466.5
400,64,90,466.5
400,64,92,466.5
400,64,94,466.5
400,64,96,466.5
400,64,98,466.5
400,64,100,466.5
400,64,102,466.5
400,64,104,466.5
400,64,106,466.5
400,64,108,466.5
400,64,110,466.5
400,64,112,466.5
400,64,114,466.5
400,64,116,466.5
400,64,118,466.5
400,64,120,466.5
400,64,122,466.5
400,64,124,466.5
400,64,126,466.5
400,64,128,466.5
400,64,130,466.5
400,64,132,466.5
400,64,134,466.5
400,64,136,466.5
400,64,138,466.5
400,64,140,466.5
400,64,142,466.5
400,64,144,466.5
400,64,146,466.5
400,64,148,466.5
400,64,150,466.5
400,64,152,466.5
400,64,154,466.5
400,64,156,466.5
400,64,158,466.5
400,64,160,466.5
400,64,162,466.5
400,64,164,466.5
400,64,166,466.5
400,64,168,466.5
400,64,170,466.5
400,64,172,466.5
400,64,174,466.5
400,64,176,466.5
400,64,178,466.5
400,64,180,466.5
400,66,0,468.4
400,66,2,468.4
400,66,4,468.4
400,66,6,468.4
400,66,8,468.4
400,66,10,468.4
400,66,12,468.4
400,66,14,468.4
400,66,16,468.4
400,66,18,468.4
400,66,20,468.4
400,66,22,468.4
400,66,24,468.4
400,66,26,468.4
400,66,28,468.4
400,66,30,468.4
400,66,32,468.4
400,66,34,468.4
400,66,36,468.4
400,66,38,468.4
400,66,40,468.4
400,66,42,468.4
400,66,44,468.4
400,66,46,468.4
400,66,48,468.4
400,66,50,468.4
400,66,52,468.4
400,66,54,468.4
400,66,56,468.4
400,66,58,468.4
400,66,60,468.4
400,66,62,468.4
400,66,64,468.4
400,66,66,468.4
400,66,68,468.4
400,66,70,468.4
400,66,72,468.4
400,66,74,468.4
400,66,76,468.4
400,66,78,468.4
400,66,80,468.4
400,66,82,468.4
400,66,84,468.4
400,66,86,468.4
400,66,88,468.4
400,66,90,468.4
400,66,92,468.4
400,66,94,468.4
400,66,96,468.4
400,66,98,468.4
400,66,100,468.4
400,66,102,468.4
400,66,104,468.4
400,66,106,468.4
400,66,108,468.4
400,66,110,468.4
400,66,112,468.4
400,66,114,468.4
400,66,116,468.4
400,66,118,468.4
400,66,120,468.4
400,66,122,468.4
400,66,124,468.4
400,66,126,468.4
400,66,128,468.4
400,66,130,468.4
400,66,132,468.4
400,66,134,468.4
400,66,136,468.4
400,66,138,468.4
400,66,140,468.4
400,66,142,468.4
400,66,144,468.4
400,66,146,468.4
400,66,148,468.4
400,66,150,468.4
400,66,152,468.4
400,66,154,468.4
400,66,156,468.4
400,66,158,468.4
400,66,160,468.4
400,66,162,468.4
400,66,164,468.4
400,66,166,468.4
400,66,168,468.4
400,66,170,468.4
400,66,172,468.4
400,66,174,468.4
400,66,176,468.4
400,66,178,468.4
400,66,180,468.4
400,68,0,470.3
400,68,2,470.3
400,68,4,470.3
400,68,6,470.3
400,68,8,470.3
400,68,10,470.3
400,68,12,470.3
400,68,14,470.3
400,68,16,470.3
400,68,18,470.3
400,68,20,470.3
400,68,22,470.3
400,68,24,470.3
400,68,26,470.3
400,68,28,470.3
400,68,30,470.3
400,68,32,470.3
400,68,34,470.3
400,68,36,470.3
400,68,38,470.3
400,68,40,470.3
400,68,42,470.3
400,68,44,470.3
400,68,46,470.3
400,68,48,470.3
400,68,50,470.3
400,68,52,470.3
400,68,54,470.3
400,68,56,470.3
400,68,58,470.3
400,68,60,470.3
400,68,62,470.3
400,68,64,470.3
400,68,66,470.3
400,68,68,470.3
400,68,70,470.3
400,68,72,470.3
400,68,74,470.3
400,68,76,470.3
400,68,78,470.3
400,68,80,470.3
400,68,82,470.3
400,68,84,470.3
400,68,86,470.3
400,68,88,470.3
400,68,90,470.3
400,68,92,470.3
400,68,94,470.3
400,68,96,470.3
400,68,98,470.3
400,68,100,470.3
400,68,102,470.3
400,68,104,470.3
400,68,106,470.3
400,68,108,470.3
400,68,110,470.3
400,68,112,470.3
400,68,114,470.3
400,68,116,470.3
400,68,118,470.3
400,68,120,470.3
400,68,122,470.3
400,68,124,470.3
400,68,126,470.3
400,68,128,470.3
400,68,130,470.3
400,68,132,470.3
400,68,134,470.3
400,68,136,470.3
400,68,138,470.3
400,68,140,470.3
400,68,142,470.3
400,68,144,470.3
400,68,146,470.3
400,68,148,470.3
400,68,150,470.3
400,68,152,470.3
400,68,154,470.3
400,68,156,470.3
400,68,158,470.3
400,68,160,470.3
400,68,162,470.3
400,68,164,470.3
400,68,166,470.3
400,68,168,470.3
400,68,170,470.3
400,68,172,470.3
400,68,174,470.3
400,68,176,470.3
400,68,178,470.3
400,68,180,470.3
400,70,0,472.2
400,70,2,472.2
400,70,4,472.2
400,70,6,472.2
400,70,8,472.2
400,70,10,472.2
400,70,12,472.2
400,70,14,472.2
400,70,16,472.2
400,70,18,472.2
400,70,20,472.2
400,70,22,472.2
400,70,24,472.2
400,70,26,472.2
400,70,28,472.2
400,70,30,472.2
400,70,32,472.2
400,70,34,472.2
400,70,36,472.2
400,70,38,472.2
400,70,40,472.2
400,70,42,472.2
400,70,44,472.2
400,70,46,472.2
400,70,48,472.2
400,70,50,472.2
400,70,52,472.2
400,70,54,472.2
400,70,56,472.2
400,70,58,472.2
400,70,60,472.2
400,70,62,472.2
400,70,64,472.2
400,70,66,472.2
400,70,68,472.2
400,70,70,472.2
400,70,72,472.2
400,70,74,472.2
400,70,76,472.2
400,70,78,472.2
400,70,80,472.2
400,70,82,472.2
400,70,84,472.2
400,70,86,472.2
400,70,88,472.2
400,70,90,472.2
400,70,92,472.2
400,70,94,472.2
400,70,96,472.2
400,70,98,472.2
400,70,100,472.2
400,70,102,472.2
400,70,104,472.2
400,70,106,472.2
400,70,108,472.2
400,70,110,472.2
400,70,112,472.2
400,70,114,472.2
400,70,116,472.2
400,70,118,472.2
400,70,120,472.2
400,70,122,472.2
400,70,124,472.2
400,70,126,472.2
400,70,128,472.2
400,70,130,472.2
400,70,132,472.2
400,70,134,472.2
400,70,136,472.2
400,70,138,472.2
400,70,140,472.2
400,70,142,472.2
400,70,144,472.2
400,70,146,472.2
400,70,148,472.2
400,70,150,472.2
400,70,152,472.2
400,70,154,472.2
400,70,156,472.2
400,70,158,472.2
400,70,160,472.2
400,70,162,472.2
400,70,164,472.2
400,70,166,472.2
400,70,168,472.2
400,70,170,472.2
400,70,172,472.2
400,70,174,472.2
400,70,176,472.2
400,70,178,472.2
400,70,180,472.2
400,72,0,474.1
400,72,2,474.1
400,72,4,474.1
400,72,6,474.1
400,72,8,474.1
400,72,10,474.1
400,72,12,474.1
400,72,14,474.1
400,72,16,474.1
400,72,18,474.1
400,72,20,474.1
400,72,22,474.1
400,72,24,474.1
400,72,26,474.1
400,72,28,474.1
400,72,30,474.1
400,72,32,474.1
400,72,34,474.1
400,72,36,474.1
400,72,38,474.1
400,72,40,474.1
400,72,42,474.1
400,72,44,474.1
400,72,46,474.1
400,72,48,474.1
400,72,50,474.1
400,72,52,474.1
400,72,54,474.1
400,72,56,474.1
400,72,58,474.1
400,72,60,474.1
400,72,62,474.1
400,72,64,474.1
400,72,66,474.1
400,72,68,474.1
400,72,70,474.1
400,72,72,474.1
400,72,74,474.1
400,72,76,474.1
400,72,78,474.1
400,72,80,474.1
400,72,82,474.1
400,72,84,474.1
400,72,86,474.1
400,72,88,474.1
400,72,90,474.1
400,72,92,474.1
400,72,94,474.1
400,72,96,474.1
400,72,98,474.1
400,72,100,474.1
400,72,102,474.1
400,72,104,474.1
400,72,106,474.1
400,72,108,474.1
400,72,110,474.1
400,72,112,474.1
400,72,114,474.1
400,72,116,474.1
400,72,118,474.1
400,72,120,474.1
400,72,122,474.1
400,72,124,474.1
400,72,126,474.1
400,72,128,474.1
400,72,130,474.1
400,72,132,474.1
400,72,134,474.1
400,72,136,474.1
400,72,138,474.1
400,72,140,474.1
400,72,142,474.1
400,72,144,474.1
400,72,146,474.1
400,72,148,474.1
400,72,150,474.1
400,72,152,474.1
400,72,154,474.1
400,72,156,474.1
400,72,158,474.1
400,72,160,474.1
400,72,162,474.1
400,72,164,474.1
400,72,166,474.1
400,72,168,474.1
400,72,170,474.1
400,72,172,474.1
400,72,174,474.1
400,72,176,474.1
400,72,178,474.1
400,72,180,474.1
400,74,0,476.0
400,74,2,476.0
400,74,4,476.0
400,74,6,476.0
400,74,8,476.0
400,74,10,476.0
400,74,12,476.0
400,74,14,476.0
400,74,16,476.0
400,74,18,476.0
400,74,20,476.0
400,74,22,476.0
400,74,24,476.0
400,74,26,476.0
400,74,28,476.0
400,74,30,476.0
400,74,32,476.0
400,74,34,476.0
400,74,36,476.0
400,74,38,476.0
400,74,40,476.0
400,74,42,476.0
400,74,44,476.0
400,74,46,476.0
400,74,48,476.0
400,74,50,476.0
400,74,52,476.0
400,74,54,476.0
400,74,56,476.0
400,74,58,476.0
400,74,60,476.0
400,74,62,476.0
400,74,64,476.0
400,74,66,476.0
400,74,68,476.0
400,74,70,476.0
400,74,72,476.0
400,74,74,476.0
400,74,76,476.0
400,74,78,476.0
400,74,80,476.0
400,74,82,476.0
400,74,84,476.0
400,74,86,476.0
400,74,88,476.0
400,74,90,476.0
400,74,92,476.0
400,74,94,476.0
400,74,96,476.0
400,74,98,476.0
400,74,100,476.0
400,74,102,476.0
400,74,104,476.0
400,74,106,476.0
400,74,108,476.0
400,74,110,476.0
400,74,112,476.0
400,74,114,476.0
400,74,116,476.0
400,74,118,476.0
400,74,120,476.0
400,74,122,476.0
400,74,124,476.0
400,74,126,476.0
400,74,128,476.0
400,74,130,476.0
400,74,132,476.0
400,74,134,476.0
400,74,136,476.0
400,74,138,476.0
400,74,140,476.0
400,74,142,476.0
400,74,144,476.0
400,74,146,476.0
400,74,148,476.0
400,74,150,476.0
400,74,152,476.0
400,74,154,476.0
400,74,156,476.0
400,74,158,476.0
400,74,160,476.0
400,74,162,476.0
400,74,164,476.0
400,74,166,476.0
400,74,168,476.0
400,74,170,476.0
400,74,172,476.0
400,74,174,476.0
400,74,176,476.0
400,74,178,476.0
400,74,180,476.0
400,76,0,477.9
400,76,2,477.9
400,76,4,477.9
400,76,6,477.9
400,76,8,477.9
400,76,10,477.9
400,76,12,477.9
400,76,14,477.9
400,76,16,477.9
400,76,18,477.9
400,76,20,477.9
400,76,22,477.9
400,76,24,477.9
400,76,26,477.9
400,76,28,477.9
400,76,30,477.9
400,76,32,477.9
400,76,34,477.9
400,76,36,477.9
400,76,38,477.9
400,76,40,477.9
400,76,42,477.9
400,76,44,477.9
400,76,46,477.9
400,76,48,477.9
400,76,50,477.9
400,76,52,477.9
400,76,54,477.9
400,76,56,477.9
400,76,58,477.9
400,76,60,477.9
400,76,62,477.9
400,76,64,477.9
400,76,66,477.9
400,76,68,477.9
400,76,70,477.9
400,76,72,477.9
400,76,74,477.9
400,76,76,477.9
400,76,78,477.9
400,76,80,477.9
400,76,82,477.9
400,76,84,477.9
400,76,86,477.9
400,76,88,477.9
400,76,90,477.9
400,76,92,477.9
400,76,94,477.9
400,76,96,477.9
400,76,98,477.9
400,76,100,477.9
400,76,102,477.9
400,76,104,477.9
400,76,106,477.9
400,76,108,477.9
400,76,110,477.9
400,76,112,477.9
400,76,114,477.9
400,76,116,477.9
400,76,118,477.9
400,76,120,477.9
400,76,122,477.9
400,76,124,477.9
400,76,126,477.9
400,76,128,477.9
400,76,130,477.9
400,76,132,477.9
400,76,134,477.9
400,76,136,477.9
400,76,138,477.9
400,76,140,477.9
400,76,142,477.9
400,76,144,477.9
400,76,146,477.9
400,76,148,477.9
400,76,150,477.9
400,76,152,477.9
400,76,154,477.9
400,76,156,477.9
400,76,158,477.9
400,76,160,477.9
400,76,162,477.9
400,76,164,477.9
400,76,166,477.9
400,76,168,477.9
400,76,170,477.9
400,76,172,477.9
400,76,174,477.9
400,76,176,477.9
400,76,178,477.9
400,76,180,477.9
400,78,0,479.8
400,78,2,479.8
400,78,4,479.8
400,78,6,479.8
400,78,8,479.8
400,78,10,479.8
400,78,12,479.8
400,78,14,479.8
400,78,16,479.8
400,78,18,479.8
400,78,20,479.8
400,78,22,479.8
400,78,24,479.8
400,78,26,479.8
400,78,28,479.8
400,78,30,479.8
400,78,32,479.8
400,78,34,479.8
400,78,36,479.8
400,78,38,479.8
400,78,40,479.8
400,78,42,479.8
400,78,44,479.8
400,78,46,479.8
400,78,48,479.8
400,78,50,479.8
400,78,52,479.8
400,78,54,479.8
400,78,56,479.8
400,78,58,479.8
400,78,60,479.8
400,78,62,479.8
400,78,64,479.8
400,78,66,479.8
400,78,68,479.8
400,78,70,479.8
400,78,72,479.8
400,78,74,479.8
400,78,76,479.8
400,78,78,479.8
400,78,80,479.8
400,78,82,479.8
400,78,84,479.8
400,78,86,479.8
400,78,88,479.8
400,78,90,479.8
400,78,92,479.8
400,78,94,479.8
400,78,96,479.8
400,78,98,479.8
400,78,100,479.8
400,78,102,479.8
400,78,104,479.8
400,78,106,479.8
400,78,108,479.8
400,78,110,479.8
400,78,112,479.8
400,78,114,479.8
400,78,116,479.8
400,78,118,479.8
400,78,120,479.8
400,78,122,479.8
400,78,124,479.8
400,78,126,479.8
400,78,128,479.8
400,78,130,479.8
400,78,132,479.8
400,78,134,479.8
400,78,136,479.8
400,78,138,479.8
400,78,140,479.8
400,78,142,479.8
400,78,144,479.8
400,78,146,479.8
400,78,148,479.8
400,78,150,479.8
400,78,152,479.8
400,78,154,479.8
400,78,156,479.8
400,78,158,479.8
400,78,160,479.8
400,78,162,479.8
400,78,164,479.8
400,78,166,479.8
400,78,168,479.8
400,78,170,479.8
400,78,172,479.8
400,78,174,479.8
400,78,176,479.8
400,78,178,479.8
400,78,180,479.8
400,80,0,481.7
400,80,2,481.7
400,80,4,481.7
400,80,6,481.7
400,80,8,481.7
400,80,10,481.7
400,80,12,481.7
400,80,14,481.7
400,80,16,481.7
400,80,18,481.7
400,80,20,481.7
400,80,22,481.7
400,80,24,481.7
400,80,26,481.7
400,80,28,481.7
400,80,30,481.7
400,80,32,481.7
400,80,34,481.7
400,80,36,481.7
400,80,38,481.7
400,80,40,481.7
400,80,42,481.7
400,80,44,481.7
400,80,46,481.7
400,80,48,481.7
400,80,50,481.7
400,80,52,481.7
400,80,54,481.7
400,80,56,481.7
400,80,58,481.7
400,80,60,481.7
400,80,62,481.7
400,80,64,481.7
400,80,66,481.7
400,80,68,481.7
400,80,70,481.7
400,80,72,481.7
400,80,74,481.7
400,80,76,481.7
400,80,78,481.7
400,80,80,481.7
400,80,82,481.7
400,80,84,481.7
400,80,86,481.7
400,80,88,481.7
400,80,90,481.7
400,80,92,481.7
400,80,94,481.7
400,80,96,481.7
400,80,98,481.7
400,80,100,481.7
400,80,102,481.7
400,80,104,481.7
400,80,106,481.7
400,80,108,481.7
400,80,110,481.7
400,80,112,481.7
400,80,114,481.7
400,80,116,481.7
400,80,118,481.7
400,80,120,481.7
400,80,122,481.7
400,80,124,481.7
400,80,126,481.7
400,80,128,481.7
400,80,130,481.7
400,80,132,481.7
400,80,134,481.7
400,80,136,481.7
400,80,138,481.7
400,80,140,481.7
400,80,142,481.7
400,80,144,481.7
400,80,146,481.7
400,80,148,481.7
400,80,150,481.7
400,80,152,481.7
400,80,154,481.7
400,80,156,481.7
400,80,158,481.7
400,80,160,481.7
400,80,162,481.7
400,80,164,481.7
400,80,166,481.7
400,80,168,481.7
400,80,170,481.7
400,80,172,481.7
400,80,174,481.7
400,80,176,481.7
400,80,178,481.7
400,80,180,481.7
400,82,0,483.5
400,82,2,483.5
400,82,4,483.5
400,82,6,483.5
400,82,8,483.5
400,82,10,483.5
400,82,12,483.5
400,82,14,483.5
400,82,16,483.5
400,82,18,483.5
400,82,20,483.5
400,82,22,483.5
400,82,24,483.5
400,82,26,483.5
400,82,28,483.5
400,82,30,483.5
400,82,32,483.5
400,82,34,483.5
400,82,36,483.5
400,82,38,483.5
400,82,40,483.5
400,82,42,483.5
400,82,44,483.5
400,82,46,483.5
400,82,48,483.5
400,82,50,483.5
400,82,52,483.5
400,82,54,483.5
400,82,56,483.5
400,82,58,483.5
400,82,60,483.5
400,82,62,483.5
400,82,64,483.5
400,82,66,483.5
400,82,68,483.5
400,82,70,483.5
400,82,72,483.5
400,82,74,483.5
400,82,76,483.5
400,82,78,483.5
400,82,80,483.5
400,82,82,483.5
400,82,84,483.5
400,82,86,483.5
400,82,88,483.5
400,82,90,483.5
400,82,92,483.5
400,82,94,483.5
400,82,96,483.5
400,82,98,483.5
400,82,100,483.5
400,82,102,483.5
400,82,104,483.5
400,82,106,483.5
400,82,108,483.5
400,82,110,483.5
400,82,112,483.5
400,82,114,483.5
400,82,116,483.5
400,82,118,483.5
400,82,120,483.5
400,82,122,483.5
400,82,124,483.5
400,82,126,483.5
400,82,128,483.5
400,82,130,483.5
400,82,132,483.5
400,82,134,483.5
400,82,136,483.5
400,82,138,483.5
400,82,140,483.5
400,82,142,483.5
400,82,144,483.5
400,82,146,483.5
400,82,148,483.5
400,82,150,483.5
400,82,152,483.5
400,82,154,483.5
400,82,156,483.5
400,82,158,483.5
400,82,160,483.5
400,82,162,483.5
400,82,164,483.5
400,82,166,483.5
400,82,168,483.5
400,82,170,483.5
400,82,172,483.5
400,82,174,483.5
400,82,176,483.5
400,82,178,483.5
400,82,180,483.5
400,84,0,485.4
400,84,2,485.4
400,84,4,485.4
400,84,6,485.4
400,84,8,485.4
400,84,10,485.4
400,84,12,485.4
400,84,14,485.4
400,84,16,485.4
400,84,18,485.4
400,84,20,485.4
400,84,22,485.4
400,84,24,485.4
400,84,26,485.4
400,84,28,485.4
400,84,30,485.4
400,84,32,485.4
400,84,34,485.4
400,84,36,485.4
400,84,38,485.4
400,84,40,485.4
400,84,42,485.4
400,84,44,485.4
400,84,46,485.4
400,84,48,485.4
400,84,50,485.4
400,84,52,485.4
400,84,54,485.4
400,84,56,485.4
400,84,58,485.4
400,84,60,485.4
400,84,62,485.4
400,84,64,485.4
400,84,66,485.4
400,84,68,485.4
400,84,70,485.4
400,84,72,485.4
400,84,74,485.4
400,84,76,485.4
400,84,78,485.4
400,84,80,485.4
400,84,82,485.4
400,84,84,485.4
400,84,86,485.4
400,84,88,485.4
400,84,90,485.4
400,84,92,485.4
400,84,94,485.4
400,84,96,485.4
400,84,98,485.4
400,84,100,485.4
400,84,102,485.4
400,84,104,485.4
400,84,106,485.4
400,84,108,485.4
400,84,110,485.4
400,84,112,485.4
400,84,114,485.4
400,84,116,485.4
400,84,118,485.4
400,84,120,485.4
400,84,122,485.4
400,84,124,485.4
400,84,126,485.4
400,84,128,485.4
400,84,130,485.4
400,84,132,485.4
400,84,134,485.4
400,84,136,485.4
400,84,138,485.4
400,84,140,485.4
400,84,142,485.4
400,84,144,485.4
400,84,146,485.4
400,84,148,485.4
400,84,150,485.4
400,84,152,485.4
400,84,154,485.4
400,84,156,485.4
400,84,158,485.4
400,84,160,485.4
400,84,162,485.4
400,84,164,485.4
400,84,166,485.4
400,84,168,485.4
400,84,170,485.4
400,84,172,485.4
400,84,174,485.4
400,84,176,485.4
400,84,178,485.4
400,84,180,485.4
400,86,0,487.2
400,86,2,487.2
400,86,4,487.2
400,86,6,487.2
400,86,8,487.2
400,86,10,487.2
400,86,12,487.2
400,86,14,487.2
400,86,16,487.2
400,86,18,487.2
400,86,20,487.2
400,86,22,487.2
400,86,24,487.2
400,86,26,487.2
400,86,28,487.2
400,86,30,487.2
400,86,32,487.2
400,86,34,487.2
400,86,36,487.2
400,86,38,487.2
400,86,40,487.2
400,86,42,487.2
400,86,44,487.2
400,86,46,487.2
400,86,48,487.2
400,86,50,487.2
400,86,52,487.2
400,86,54,487.2
400,86,56,487.2
400,86,58,487.2
400,86,60,487.2
400,86,62,487.2
400,86,64,487.2
400,86,66,487.2
400,86,68,487.2
400,86,70,487.2
400,86,72,487.2
400,86,74,487.2
400,86,76,487.2
400,86,78,487.2
400,86,80,487.2
400,86,82,487.2
400,86,84,487.2
400,86,86,487.2
400,86,88,487.2
400,86,90,487.2
400,86,92,487.2
400,86,94,487.2
400,86,96,487.2
400,86,98,487.2
400,86,100,487.2
400,86,102,487.2
400,86,104,487.2
400,86,106,487.2
400,86,108,487.2
400,86,110,487.2
400,86,112,487.2
400,86,114,487.2
400,86,116,487.2
400,86,118,487.2
400,86,120,487.2
400,86,122,487.2
400,86,124,487.2
400,86,126,487.2
400,86,128,487.2
400,86,130,487.2
400,86,132,487.2
400,86,134,487.2
400,86,136,487.2
400,86,138,487.2
400,86,140,487.2
400,86,142,487.2
400,86,144,487.2
400,86,146,487.2
400,86,148,487.2
400,86,150,487.2
400,86,152,487.2
400,86,154,487.2
400,86,156,487.2
400,86,158,487.2
400,86,160,487.2
400,86,162,487.2
400,86,164,487.2
400,86,166,487.2
400,86,168,487.2
400,86,170,487.2
400,86,172,487.2
400,86,174,487.2
400,86,176,487.2
400,86,178,487.2
400,86,180,487.2
400,88,0,489.1
400,88,2,489.1
400,88,4,489.1
400,88,6,489.1
400,88,8,489.1
400,88,10,489.1
400,88,12,489.1
400,88,14,489.1
400,88,16,489.1
400,88,18,489.1
400,88,20,489.1
400,88,22,489.1
400,88,24,489.1
400,88,26,489.1
400,88,28,489.1
400,88,30,489.1
400,88,32,489.1
400,88,34,489.1
400,88,36,489.1
400,88,38,489.1
400,88,40,489.1
400,88,42,489.1
400,88,44,489.1
400,88,46,489.1
400,88,48,489.1
400,88,50,489.1
400,88,52,489.1
400,88,54,489.1
400,88,56,489.1
400,88,58,489.1
400,88,60,489.1
400,88,62,489.1
400,88,64,489.1
400,88,66,489.1
400,88,68,489.1
400,88,70,489.1
400,88,72,489.1
400,88,74,489.1
400,88,76,489.1
400,88,78,489.1
400,88,80,489.1
400,88,82,489.1
400,88,84,489.1
400,88,86,489.1
400,88,88,489.1
400,88,90,489.1
400,88,92,489.1
400,88,94,489.1
400,88,96,489.1
400,88,98,489.1
400,88,100,489.1
400,88,102,489.1
400,88,104,489.1
400,88,106,489.1
400,88,108,489.1
400,88,110,489.1
400,88,112,489.1
400,88,114,489.1
400,88,116,489.1
400,88,118,489.1
400,88,120,489.1
400,88,122,489.1
400,88,124,489.1
400,88,126,489.1
400,88,128,489.1
400,88,130,489.1
400,88,132,489.1
400,88,134,489.1
400,88,136,489.1
400,88,138,489.1
400,88,140,489.1
400,88,142,489.1
400,88,144,489.1
400,88,146,489.1
400,88,148,489.1
400,88,150,489.1
400,88,152,489.1
400,88,154,489.1
400,88,156,489.1
400,88,158,489.1
400,88,160,489.1
400,88,162,489.1
400,88,164,489.1
400,88,166,489.1
400,88,168,489.1
400,88,170,489.1
400,88,172,489.1
400,88,174,489.1
400,88,176,489.1
400,88,178,489.1
400,88,180,489.1
400,90,0,490.9
400,90,2,490.9
400,90,4,490.9
400,90,6,490.9
400,90,8,490.9
400,90,10,490.9
400,90,12,490.9
400,90,14,490.9
400,90,16,490.9
400,90,18,490.9
400,90,20,490.9
400,90,22,490.9
400,90,24,490.9
400,90,26,490.9
400,90,28,490.9
400,90,30,490.9
400,90,32,490.9
400,90,34,490.9
400,90,36,490.9
400,90,38,490.9
400,90,40,490.9
400,90,42,490.9
400,90,44,490.9
400,90,46,490.9
400,90,48,490.9
400,90,50,490.9
400,90,52,490.9
400,90,54,490.9
400,90,56,490.9
400,90,58,490.9
400,90,60,490.9
400,90,62,490.9
400,90,64,490.9
400,90,66,490.9
400,90,68,490.9
400,90,70,490.9
400,90,72,490.9
400,90,74,490.9
400,90,76,490.9
400,90,78,490.9
400,90,80,490.9
400,90,82,490.9
400,90,84,490.9
400,90,86,490.9
400,90,88,490.9
400,90,90,490.9
400,90,92,490.9
400,90,94,490.9
400,90,96,490.9
400,90,98,490.9
400,90,100,490.9
400,90,102,490.9
400,90,104,490.9
400,90,106,490.9
400,90,108,490.9
400,90,110,490.9
400,90,112,490.9
400,90,114,490.9
400,90,116,490.9
400,90,118,490.9
400,90,120,490.9
400,90,122,490.9
400,90,124,490.9
400,90,126,490.9
400,90,128,490.9
400,90,130,490.9
400,90,132,490.9
400,90,134,490.9
400,90,136,490.9
400,90,138,490.9
400,90,140,490.9
400,90,142,490.9
400,90,144,490.9
400,90,146,490.9
400,90,148,490.9
400,90,150,490.9
400,90,152,490.9
400,90,154,490.9
400,90,156,490.9
400,90,158,490.9
400,90,160,490.9
400,90,162,490.9
400,90,164,490.9
400,90,166,490.9
400,90,168,490.9
400,90,170,490.9
400,90,172,490.9
400,90,174,490.9
400,90,176,490.9
400,90,178,490.9
400,90,180,490.9
-400,2,0,402.2
-400,2,2,97.9
-400,2,4,47.7
-400,2,6,231.7
-400,2,8,30.3
-400,2,10,343.1
-400,2,12,34.5
-400,2,14,39.9
-400,2,16,129.9
-400,2,18,355.7
-400,2,20,195.2
-400,2,22,382.8
-400,2,24,-1.0
-400,2,26,393.3
-400,2,28,319.2
-400,2,30,-1.0
-400,2,32,54.6
-400,2,34,143.3
-400,2,36,359.5
-400,2,38,322.3
-400,2,40,34.4
-400,2,42,32.0
-400,2,44,366.4
-400,2,46,288.0
-400,2,48,30.0
-400,2,50,135.1
-400,2,52,30.1
-400,2,54,343.3
-400,2,56,242.5
-400,2,58,31.4
-400,2,60,151.4
-400,2,62,213.4
-400,2,64,-1.0
-400,2,66,-1.0
-400,2,68,50.4
-400,2,70,77.4
-400,2,72,-1.0
-400,2,74,275.6
-400,2,76,241.0
-400,2,78,81.9
-400,2,80,150.1
-400,2,82,32.0
-400,2,84,258.3
-400,2,86,258.9
-400,2,88,30.7
-400,2,90,49.0
-400,2,92,117.5
-400,2,94,231.5
-400,2,96,69.4
-400,2,98,-1.0
-400,2,100,151.4
-400,2,102,192.4
-400,2,104,44.0
-400,2,106,195.8
-400,2,108,38.0
-400,2,110,63.9
-400,2,112,118.5
-400,2,114,30.0
-400,2,116,-1.0
-400,2,118,-1.0
-400,2,120,154.3
-400,2,122,154.9
-400,2,124,69.4
-400,2,126,52.6
-400,2,128,128.7
-400,2,130,38.1
-400,2,132,130.9
-400,2,134,-1.0
-400,2,136,31.0
-400,2,138,30.0
-400,2,140,111.3
-400,2,142,-1.0
-400,2,144,69.9
-400,2,146,70.6
-400,2,148,45.3
-400,2,150,97.9
-400,2,152,-1.0
-400,2,154,67.9
-400,2,156,83.8
-400,2,158,74.1
-400,2,160,74.4
-400,2,162,44.3
-400,2,164,-1.0
-400,2,166,-1.0
-400,2,168,52.1
-400,2,170,67.8
-400,2,172,-1.0
-400,2,174,49.4
-400,2,176,30.0
-400,2,178,-1.0
-400,2,180,51.9
-400,4,0,404.5
-400,4,2,326.2
-400,4,4,376.4
-400,4,6,322.9
-400,4,8,364.6
-400,4,10,357.5
-400,4,12,328.5
-400,4,14,344.5
-400,4,16,337.4
-400,4,18,386.1
-400,4,20,345.7
-400,4,22,385.1
-400,4,24,288.7
-400,4,26,400.0
-400,4,28,357.7
-400,4,30,310.7
-400,4,32,360.7
-400,4,34,305.2
-400,4,36,364.5
-400,4,38,330.1
-400,4,40,367.4
-400,4,42,323.2
-400,4,44,382.0
-400,4,46,362.2
-400,4,48,376.4
-400,4,50,356.9
-400,4,52,386.7
-400,4,54,357.9
-400,4,56,324.6
-400,4,58,352.7
-400,4,60,309.5
-400,4,62,364.7
-400,4,64,345.9
-400,4,66,321.5
-400,4,68,340.7
-400,4,70,309.1
-400,4,72,350.2
-400,4,74,324.0
-400,4,76,328.5
-400,4,78,319.3
-400,4,80,348.1
-400,4,82,330.2
-400,4,84,307.0
-400,4,86,285.5
-400,4,88,295.0
-400,4,90,326.2
-400,4,92,317.1
-400,4,94,304.1
-400,4,96,261.2
-400,4,98,276.7
-400,4,100,315.1
-400,4,102,293.1
-400,4,104,285.0
-400,4,106,258.8
-400,4,108,259.4
-400,4,110,295.5
-400,4,112,283.4
-400,4,114,260.7
-400,4,116,250.1
-400,4,118,252.3
-400,4,120,277.0
-400,4,122,265.6
-400,4,124,258.3
-400,4,126,247.8
-400,4,128,236.5
-400,4,130,259.6
-400,4,132,249.0
-400,4,134,238.7
-400,4,136,232.4
-400,4,138,211.2
-400,4,140,222.6
-400,4,142,233.4
-400,4,144,223.9
-400,4,146,208.7
-400,4,148,209.1
-400,4,150,190.2
-400,4,152,209.5
-400,4,154,209.9
-400,4,156,201.7
-400,4,158,187.9
-400,4,160,177.6
-400,4,162,187.7
-400,4,164,188.5
-400,4,166,189.1
-400,4,168,181.6
-400,4,170,171.9
-400,4,172,161.2
-400,4,174,168.9
-400,4,176,159.8
-400,4,178,170.4
-400,4,180,161.3
-400,6,0,406.7
-400,6,2,355.8
-400,6,4,405.6
-400,6,6,358.4
-400,6,8,379.7
-400,6,10,363.4
-400,6,12,353.3
-400,6,14,374.5
-400,6,16,351.6
-400,6,18,388.3
-400,6,20,356.3
-400,6,22,392.2
-400,6,24,359.0
-400,6,26,402.2
-400,6,28,363.9
-400,6,30,401.1
-400,6,32,361.8
-400,6,34,358.5
-400,6,36,380.0
-400,6,38,360.5
-400,6,40,387.4
-400,6,42,355.3
-400,6,44,388.4
-400,6,46,364.7
-400,6,48,392.3
-400,6,50,363.2
-400,6,52,393.4
-400,6,54,371.0
-400,6,56,344.1
-400,6,58,370.0
-400,6,60,339.2
-400,6,62,380.1
-400,6,64,360.6
-400,6,66,374.7
-400,6,68,355.4
-400,6,70,384.7
-400,6,72,356.2
-400,6,74,348.5
-400,6,76,353.2
-400,6,78,343.3
-400,6,80,362.8
-400,6,82,352.8
-400,6,84,357.6
-400,6,86,347.6
-400,6,88,367.5
-400,6,90,350.7
-400,6,92,322.6
-400,6,94,345.5
-400,6,96,327.9
-400,6,98,355.0
-400,6,100,336.9
-400,6,102,319.7
-400,6,104,323.9
-400,6,106,342.2
-400,6,108,334.8
-400,6,110,325.6
-400,6,112,321.9
-400,6,114,313.0
-400,6,116,330.7
-400,6,118,321.6
-400,6,120,312.8
-400,6,122,299.9
-400,6,124,293.4
-400,6,126,319.6
-400,6,128,310.9
-400,6,130,295.1
-400,6,132,286.9
-400,6,134,282.0
-400,6,136,299.6
-400,6,138,291.4
-400,6,140,283.4
-400,6,142,280.2
-400,6,144,266.1
-400,6,146,289.5
-400,6,148,281.8
-400,6,150,274.1
-400,6,152,262.8
-400,6,154,255.8
-400,6,156,271.4
-400,6,158,264.1
-400,6,160,261.2
-400,6,162,254.2
-400,6,164,247.3
-400,6,166,254.5
-400,6,168,247.6
-400,6,170,248.4
-400,6,172,238.3
-400,6,174,232.1
-400,6,176,238.6
-400,6,178,239.4
-400,6,180,233.0
-400,8,0,408.9
-400,8,2,361.7
-400,8,4,407.8
-400,8,6,368.3
-400,8,8,390.2
-400,8,10,382.2
-400,8,12,376.7
-400,8,14,385.2
-400,8,16,373.8
-400,8,18,391.4
-400,8,20,362.2
-400,8,22,394.3
-400,8,24,364.9
-400,8,26,404.5
-400,8,28,373.7
-400,8,30,407.8
-400,8,32,372.7
-400,8,34,408.9
-400,8,36,386.6
-400,8,38,363.0
-400,8,40,389.7
-400,8,42,365.4
-400,8,44,391.4
-400,8,46,367.2
-400,8,48,394.6
-400,8,50,368.2
-400,8,52,400.1
-400,8,54,378.2
-400,8,56,394.4
-400,8,58,372.8
-400,8,60,365.9
-400,8,62,386.7
-400,8,64,366.7
-400,8,66,381.1
-400,8,68,361.3
-400,8,70,391.4
-400,8,72,373.7
-400,8,74,385.9
-400,8,76,368.3
-400,8,78,369.5
-400,8,80,378.2
-400,8,82,358.9
-400,8,84,372.9
-400,8,86,355.9
-400,8,88,373.7
-400,8,90,365.5
-400,8,92,368.3
-400,8,94,360.3
-400,8,96,378.5
-400,8,98,361.2
-400,8,100,353.2
-400,8,102,355.9
-400,8,104,339.8
-400,8,106,365.5
-400,8,108,349.1
-400,8,110,351.5
-400,8,112,344.0
-400,8,114,361.3
-400,8,116,353.5
-400,8,118,343.7
-400,8,120,339.8
-400,8,122,332.4
-400,8,124,349.2
-400,8,126,341.6
-400,8,128,332.2
-400,8,130,328.4
-400,8,132,319.4
-400,8,134,337.5
-400,8,136,330.1
-400,8,138,321.1
-400,8,140,317.5
-400,8,142,315.3
-400,8,144,326.1
-400,8,146,317.2
-400,8,148,310.3
-400,8,150,301.8
-400,8,152,304.8
-400,8,154,315.3
-400,8,156,306.6
-400,8,158,298.1
-400,8,160,287.7
-400,8,162,303.8
-400,8,164,297.3
-400,8,166,296.4
-400,8,168,288.2
-400,8,170,280.5
-400,8,172,284.6
-400,8,174,285.7
-400,8,176,279.6
-400,8,178,278.8
-400,8,180,271.2
-400,10,0,408.9
-400,10,2,372.0
-400,10,4,410.0
-400,10,6,379.2
-400,10,8,411.1
-400,10,10,384.6
-400,10,12,391.2
-400,10,14,391.5
-400,10,16,376.1
-400,10,18,393.6
-400,10,20,371.9
-400,10,22,396.7
-400,10,24,366.9
-400,10,26,406.7
-400,10,28,376.1
-400,10,30,410.0
-400,10,32,379.3
-400,10,34,411.1
-400,10,36,388.9
-400,10,38,410.0
-400,10,40,392.0
-400,10,42,367.9
-400,10,44,393.6
-400,10,46,371.8
-400,10,48,396.8
-400,10,50,374.2
-400,10,52,402.3
-400,10,54,384.7
-400,10,56,401.0
-400,10,58,379.3
-400,10,60,402.1
-400,10,62,393.2
-400,10,64,371.9
-400,10,66,387.6
-400,10,68,366.5
-400,10,70,393.6
-400,10,72,376.4
-400,10,74,392.5
-400,10,76,374.6
-400,10,78,393.4
-400,10,80,384.8
-400,10,82,365.0
-400,10,84,379.3
-400,10,86,359.8
-400,10,88,376.6
-400,10,90,371.8
-400,10,92,383.9
-400,10,94,366.3
-400,10,96,385.0
-400,10,98,376.5
-400,10,100,359.3
-400,10,102,371.1
-400,10,104,354.1
-400,10,106,371.8
-400,10,108,363.9
-400,10,110,366.6
-400,10,112,358.7
-400,10,114,376.6
-400,10,116,359.4
-400,10,118,371.2
-400,10,120,362.9
-400,10,122,346.7
-400,10,124,363.9
-400,10,126,356.1
-400,10,128,350.0
-400,10,130,350.8
-400,10,132,359.5
-400,10,134,351.8
-400,10,136,344.3
-400,10,138,346.5
-400,10,140,339.1
-400,10,142,356.1
-400,10,144,339.8
-400,10,146,334.2
-400,10,148,335.0
-400,10,150,343.3
-400,10,152,335.9
-400,10,154,336.7
-400,10,156,327.5
-400,10,158,323.8
-400,10,160,331.7
-400,10,162,332.5
-400,10,164,325.5
-400,10,166,316.5
-400,10,168,312.9
-400,10,170,320.6
-400,10,172,321.6
-400,10,174,314.6
-400,10,176,306.1
-400,10,178,311.1
-400,10,180,310.2
-400,12,0,413.3
-400,12,2,378.5
-400,12,4,412.2
-400,12,6,381.6
-400,12,8,413.3
-400,12,10,390.3
-400,12,12,393.4
-400,12,14,393.8
-400,12,16,394.4
-400,12,18,395.9
-400,12,20,374.3
-400,12,22,407.8
-400,12,24,377.4
-400,12,26,408.9
-400,12,28,378.5
-400,12,30,412.2
-400,12,32,385.8
-400,12,34,413.3
-400,12,36,391.2
-400,12,38,412.2
-400,12,40,394.3
-400,12,42,413.3
-400,12,44,395.9
-400,12,46,374.2
-400,12,48,403.4
-400,12,50,377.5
-400,12,52,404.6
-400,12,54,387.0
-400,12,56,407.8
-400,12,58,385.7
-400,12,60,408.9
-400,12,62,395.5
-400,12,64,403.0
-400,12,66,390.4
-400,12,68,373.0
-400,12,70,395.9
-400,12,72,382.9
-400,12,74,399.1
-400,12,76,377.5
-400,12,78,400.2
-400,12,80,391.3
-400,12,82,394.3
-400,12,84,385.8
-400,12,86,395.3
-400,12,88,386.7
-400,12,90,374.2
-400,12,92,390.5
-400,12,94,369.3
-400,12,96,391.5
-400,12,98,383.0
-400,12,100,376.5
-400,12,102,377.5
-400,12,104,386.7
-400,12,106,374.7
-400,12,108,370.2
-400,12,110,382.0
-400,12,112,364.7
-400,12,114,383.1
-400,12,116,374.8
-400,12,118,373.6
-400,12,120,369.4
-400,12,122,370.6
-400,12,124,370.1
-400,12,126,362.2
-400,12,128,364.7
-400,12,130,356.9
-400,12,132,374.8
-400,12,134,366.6
-400,12,136,369.4
-400,12,138,361.3
-400,12,140,366.5
-400,12,142,362.3
-400,12,144,354.4
-400,12,146,357.0
-400,12,148,349.3
-400,12,150,357.8
-400,12,152,350.1
-400,12,154,352.7
-400,12,156,345.0
-400,12,158,341.7
-400,12,160,354.5
-400,12,162,346.9
-400,12,164,340.7
-400,12,166,341.7
-400,12,168,350.0
-400,12,170,342.6
-400,12,172,335.2
-400,12,174,329.4
-400,12,176,322.4
-400,12,178,338.5
-400,12,180,331.3
-400,14,0,415.5
-400,14,2,380.9
-400,14,4,414.4
-400,14,6,383.9
-400,14,8,415.5
-400,14,10,392.4
-400,14,12,414.4
-400,14,14,396.3
-400,14,16,396.6
-400,14,18,401.7
-400,14,20,379.7
-400,14,22,410.0
-400,14,24,383.9
-400,14,26,415.5
-400,14,28,389.3
-400,14,30,414.4
-400,14,32,388.1
-400,14,34,415.5
-400,14,36,393.5
-400,14,38,414.4
-400,14,40,396.6
-400,14,42,415.5
-400,14,44,398.2
-400,14,46,379.6
-400,14,48,405.7
-400,14,50,384.0
-400,14,52,406.8
-400,14,54,389.4
-400,14,56,410.0
-400,14,58,392.4
-400,14,60,411.1
-400,14,62,397.7
-400,14,64,410.0
-400,14,66,392.7
-400,14,68,410.9
-400,14,70,398.2
-400,14,72,385.2
-400,14,74,401.3
-400,14,76,383.9
-400,14,78,402.4
-400,14,80,393.6
-400,14,82,401.1
-400,14,84,392.4
-400,14,86,402.0
-400,14,88,393.3
-400,14,90,396.2
-400,14,92,392.8
-400,14,94,375.8
-400,14,96,398.2
-400,14,98,389.4
-400,14,100,392.4
-400,14,102,384.0
-400,14,104,393.5
-400,14,106,384.9
-400,14,108,387.5
-400,14,110,388.6
-400,14,112,388.7
-400,14,114,389.7
-400,14,116,381.2
-400,14,118,376.0
-400,14,120,375.6
-400,14,122,384.8
-400,14,124,376.6
-400,14,126,370.1
-400,14,128,371.0
-400,14,130,380.3
-400,14,132,381.3
-400,14,134,372.9
-400,14,136,371.9
-400,14,138,367.5
-400,14,140,369.0
-400,14,142,368.4
-400,14,144,360.4
-400,14,146,363.1
-400,14,148,355.1
-400,14,150,373.1
-400,14,152,365.1
-400,14,154,367.7
-400,14,156,359.7
-400,14,158,356.7
-400,14,160,354.5
-400,14,162,352.8
-400,14,164,355.3
-400,14,166,347.7
-400,14,168,356.2
-400,14,170,357.1
-400,14,172,351.0
-400,14,174,351.9
-400,14,176,348.4
-400,14,178,352.8
-400,14,180,347.0
-400,16,0,417.6
-400,16,2,386.8
-400,16,4,416.5
-400,16,6,389.3
-400,16,8,417.6
-400,16,10,398.9
-400,16,12,416.5
-400,16,14,398.9
-400,16,16,417.6
-400,16,18,413.3
-400,16,20,397.6
-400,16,22,412.2
-400,16,24,398.5
-400,16,26,417.6
-400,16,28,391.6
-400,16,30,416.5
-400,16,32,390.4
-400,16,34,417.6
-400,16,36,400.0
-400,16,38,416.5
-400,16,40,398.9
-400,16,42,417.6
-400,16,44,400.4
-400,16,46,416.5
-400,16,48,407.9
-400,16,50,417.6
-400,16,52,409.0
-400,16,54,391.7
-400,16,56,412.2
-400,16,58,394.6
-400,16,60,413.3
-400,16,62,400.0
-400,16,64,412.2
-400,16,66,398.7
-400,16,68,413.1
-400,16,70,400.4
-400,16,72,412.0
-400,16,74,403.6
-400,16,76,412.9
-400,16,78,404.6
-400,16,80,395.9
-400,16,82,407.9
-400,16,84,394.7
-400,16,86,409.0
-400,16,88,400.0
-400,16,90,403.1
-400,16,92,395.1
-400,16,94,404.1
-400,16,96,400.4
-400,16,98,391.7
-400,16,100,399.1
-400,16,102,390.6
-400,16,104,400.2
-400,16,106,391.4
-400,16,108,394.4
-400,16,110,390.9
-400,16,112,395.2
-400,16,114,396.2
-400,16,116,389.6
-400,16,118,390.6
-400,16,120,382.2
-400,16,122,391.6
-400,16,124,382.9
-400,16,126,385.9
-400,16,128,377.5
-400,16,130,386.8
-400,16,132,387.9
-400,16,134,381.2
-400,16,136,382.1
-400,16,138,373.8
-400,16,140,383.0
-400,16,142,374.8
-400,16,144,377.4
-400,16,146,369.4
-400,16,148,378.4
-400,16,150,379.4
-400,16,152,371.3
-400,16,154,373.8
-400,16,156,365.8
-400,16,158,365.8
-400,16,160,366.8
-400,16,162,362.0
-400,16,164,361.4
-400,16,166,362.3
-400,16,168,371.4
-400,16,170,363.2
-400,16,172,355.7
-400,16,174,358.0
-400,16,176,357.9
-400,16,178,358.8
-400,16,180,358.0
-400,18,0,419.8
-400,18,2,391.9
-400,18,4,418.7
-400,18,6,395.2
-400,18,8,419.8
-400,18,10,401.2
-400,18,12,418.7
-400,18,14,401.1
-400,18,16,419.8
-400,18,18,415.0
-400,18,20,399.8
-400,18,22,418.7
-400,18,24,400.7
-400,18,26,419.8
-400,18,28,393.9
-400,18,30,418.7
-400,18,32,392.6
-400,18,34,419.8
-400,18,36,402.2
-400,18,38,418.7
-400,18,40,401.6
-400,18,42,419.8
-400,18,44,411.2
-400,18,46,418.7
-400,18,48,410.1
-400,18,50,419.8
-400,18,52,409.0
-400,18,54,398.0
-400,18,56,414.4
-400,18,58,396.9
-400,18,60,415.5
-400,18,62,402.2
-400,18,64,414.4
-400,18,66,401.6
-400,18,68,415.3
-400,18,70,406.9
-400,18,72,414.2
-400,18,74,405.8
-400,18,76,415.3
-400,18,78,406.8
-400,18,80,414.0
-400,18,82,410.1
-400,18,84,415.0
-400,18,86,411.2
-400,18,88,402.2
-400,18,90,409.8
-400,18,92,401.1
-400,18,94,410.9
-400,18,96,402.7
-400,18,98,405.0
-400,18,100,401.3
-400,18,102,406.1
-400,18,104,406.9
-400,18,106,398.1
-400,18,108,401.1
-400,18,110,393.2
-400,18,112,402.1
-400,18,114,398.5
-400,18,116,396.3
-400,18,118,397.4
-400,18,120,397.2
-400,18,122,398.3
-400,18,124,389.6
-400,18,126,392.5
-400,18,128,384.9
-400,18,130,393.5
-400,18,132,394.3
-400,18,134,387.8
-400,18,136,388.8
-400,18,138,388.7
-400,18,140,389.7
-400,18,142,381.1
-400,18,144,384.1
-400,18,146,375.6
-400,18,148,385.0
-400,18,150,386.0
-400,18,152,379.2
-400,18,154,380.4
-400,18,156,380.4
-400,18,158,381.3
-400,18,160,373.0
-400,18,162,366.5
-400,18,164,376.7
-400,18,166,376.7
-400,18,168,377.7
-400,18,170,371.1
-400,18,172,372.3
-400,18,174,371.9
-400,18,176,369.1
-400,18,178,365.1
-400,18,180,367.8
-400,20,0,421.9
-400,20,2,398.4
-400,20,4,420.8
-400,20,6,401.8
-400,20,8,421.9
-400,20,10,404.5
-400,20,12,420.8
-400,20,14,407.7
-400,20,16,421.9
-400,20,18,421.9
-400,20,20,416.1
-400,20,22,420.8
-400,20,24,417.2
-400,20,26,421.9
-400,20,28,401.7
-400,20,30,420.8
-400,20,32,403.4
-400,20,34,421.9
-400,20,36,404.5
-400,20,38,420.8
-400,20,40,408.0
-400,20,42,421.9
-400,20,44,413.4
-400,20,46,420.8
-400,20,48,412.3
-400,20,50,421.9
-400,20,52,417.6
-400,20,54,420.8
-400,20,56,416.5
-400,20,58,421.9
-400,20,60,417.6
-400,20,62,404.5
-400,20,64,414.4
-400,20,66,403.8
-400,20,68,417.4
-400,20,70,409.1
-400,20,72,416.3
-400,20,74,408.0
-400,20,76,417.4
-400,20,78,409.0
-400,20,80,416.3
-400,20,82,412.3
-400,20,84,417.2
-400,20,86,413.4
-400,20,88,404.5
-400,20,90,412.0
-400,20,92,403.8
-400,20,94,413.1
-400,20,96,404.9
-400,20,98,412.0
-400,20,100,403.6
-400,20,102,412.9
-400,20,104,409.1
-400,20,106,406.9
-400,20,108,408.0
-400,20,110,408.0
-400,20,112,408.9
-400,20,114,400.7
-400,20,116,403.1
-400,20,118,399.6
-400,20,120,404.0
-400,20,122,400.5
-400,20,124,398.1
-400,20,126,399.3
-400,20,128,399.2
-400,20,130,400.0
-400,20,132,396.6
-400,20,134,394.4
-400,20,136,395.5
-400,20,138,395.3
-400,20,140,396.4
-400,20,142,389.5
-400,20,144,390.7
-400,20,146,390.6
-400,20,148,391.6
-400,20,150,392.5
-400,20,152,385.8
-400,20,154,386.9
-400,20,156,386.7
-400,20,158,387.9
-400,20,160,381.2
-400,20,162,382.2
-400,20,164,383.1
-400,20,166,383.1
-400,20,168,384.1
-400,20,170,377.6
-400,20,172,378.7
-400,20,174,378.5
-400,20,176,379.4
-400,20,178,371.3
-400,20,180,374.0
-400,22,0,424.0
-400,22,2,404.8
-400,22,4,423.0
-400,22,6,404.0
-400,22,8,424.0
-400,22,10,419.8
-400,22,12,423.0
-400,22,14,418.7
-400,22,16,424.0
-400,22,18,424.0
-400,22,20,418.2
-400,22,22,423.0
-400,22,24,424.0
-400,22,26,424.0
-400,22,28,403.9
-400,22,30,423.0
-400,22,32,405.6
-400,22,34,424.0
-400,22,36,406.7
-400,22,38,423.0
-400,22,40,414.4
-400,22,42,424.0
-400,22,44,415.5
-400,22,46,423.0
-400,22,48,414.4
-400,22,50,424.0
-400,22,52,419.8
-400,22,54,423.0
-400,22,56,418.7
-400,22,58,424.0
-400,22,60,419.8
-400,22,62,423.0
-400,22,64,416.5
-400,22,66,424.0
-400,22,68,419.6
-400,22,70,411.3
-400,22,72,418.5
-400,22,74,410.2
-400,22,76,419.6
-400,22,78,415.5
-400,22,80,418.5
-400,22,82,414.4
-400,22,84,419.3
-400,22,86,415.5
-400,22,88,423.0
-400,22,90,414.2
-400,22,92,424.0
-400,22,94,415.3
-400,22,96,407.1
-400,22,98,414.2
-400,22,100,406.0
-400,22,102,415.1
-400,22,104,411.3
-400,22,106,414.0
-400,22,108,410.2
-400,22,110,415.0
-400,22,112,411.2
-400,22,114,403.0
-400,22,116,410.0
-400,22,118,401.9
-400,22,120,411.1
-400,22,122,402.8
-400,22,124,405.1
-400,22,126,406.0
-400,22,128,406.0
-400,22,130,407.1
-400,22,132,400.0
-400,22,134,401.2
-400,22,136,401.1
-400,22,138,402.2
-400,22,140,398.6
-400,22,142,396.2
-400,22,144,397.3
-400,22,146,397.2
-400,22,148,398.2
-400,22,150,394.8
-400,22,152,392.6
-400,22,154,393.6
-400,22,156,393.4
-400,22,158,394.5
-400,22,160,387.8
-400,22,162,388.9
-400,22,164,388.7
-400,22,166,389.8
-400,22,168,390.7
-400,22,170,383.9
-400,22,172,385.2
-400,22,174,385.1
-400,22,176,386.1
-400,22,178,380.5
-400,22,180,380.6
-400,24,0,426.1
-400,24,2,421.9
-400,24,4,425.1
-400,24,6,420.8
-400,24,8,426.1
-400,24,10,426.1
-400,24,12,425.1
-400,24,14,425.1
-400,24,16,426.1
-400,24,18,426.1
-400,24,20,425.1
-400,24,22,425.1
-400,24,24,426.1
-400,24,26,426.1
-400,24,28,425.1
-400,24,30,425.1
-400,24,32,426.1
-400,24,34,426.1
-400,24,36,417.7
-400,24,38,425.1
-400,24,40,416.6
-400,24,42,426.1
-400,24,44,421.9
-400,24,46,425.1
-400,24,48,420.8
-400,24,50,426.1
-400,24,52,421.9
-400,24,54,425.1
-400,24,56,420.8
-400,24,58,426.1
-400,24,60,421.9
-400,24,62,425.1
-400,24,64,420.8
-400,24,66,426.1
-400,24,68,421.7
-400,24,70,425.1
-400,24,72,420.6
-400,24,74,412.4
-400,24,76,421.7
-400,24,78,417.7
-400,24,80,420.6
-400,24,82,416.6
-400,24,84,426.1
-400,24,86,417.7
-400,24,88,425.1
-400,24,90,416.4
-400,24,92,426.1
-400,24,94,417.4
-400,24,96,425.1
-400,24,98,416.4
-400,24,100,426.1
-400,24,102,417.2
-400,24,104,413.5
-400,24,106,416.1
-400,24,108,412.4
-400,24,110,417.2
-400,24,112,413.4
-400,24,114,415.9
-400,24,116,412.3
-400,24,118,417.0
-400,24,120,411.1
-400,24,122,408.9
-400,24,124,411.9
-400,24,126,408.2
-400,24,128,413.0
-400,24,130,409.3
-400,24,132,407.1
-400,24,134,403.4
-400,24,136,408.0
-400,24,138,409.0
-400,24,140,400.9
-400,24,142,403.0
-400,24,144,404.1
-400,24,146,404.2
-400,24,148,405.2
-400,24,150,398.2
-400,24,152,399.3
-400,24,154,399.1
-400,24,156,400.2
-400,24,158,396.8
-400,24,160,394.5
-400,24,162,395.5
-400,24,164,395.4
-400,24,166,396.4
-400,24,168,393.0
-400,24,170,390.7
-400,24,172,391.6
-400,24,174,391.6
-400,24,176,392.7
-400,24,178,387.1
-400,24,180,387.2
-400,26,0,428.3
-400,26,2,428.3
-400,26,4,427.2
-400,26,6,427.2
-400,26,8,428.3
-400,26,10,428.3
-400,26,12,427.2
-400,26,14,427.2
-400,26,16,428.3
-400,26,18,428.3
-400,26,20,427.2
-400,26,22,427.2
-400,26,24,428.3
-400,26,26,428.3
-400,26,28,427.2
-400,26,30,427.2
-400,26,32,428.3
-400,26,34,428.3
-400,26,36,427.2
-400,26,38,427.2
-400,26,40,428.3
-400,26,42,428.3
-400,26,44,424.0
-400,26,46,427.2
-400,26,48,423.0
-400,26,50,428.3
-400,26,52,424.0
-400,26,54,427.2
-400,26,56,423.0
-400,26,58,428.3
-400,26,60,424.0
-400,26,62,427.2
-400,26,64,423.0
-400,26,66,428.3
-400,26,68,424.0
-400,26,70,427.2
-400,26,72,423.0
-400,26,74,428.3
-400,26,76,423.8
-400,26,78,419.8
-400,26,80,420.6
-400,26,82,418.8
-400,26,84,428.3
-400,26,86,419.6
-400,26,88,427.2
-400,26,90,418.5
-400,26,92,428.3
-400,26,94,417.4
-400,26,96,427.2
-400,26,98,418.3
-400,26,100,428.3
-400,26,102,419.4
-400,26,104,427.2
-400,26,106,418.3
-400,26,108,428.3
-400,26,110,419.4
-400,26,112,415.6
-400,26,114,418.0
-400,26,116,414.5
-400,26,118,424.0
-400,26,120,415.2
-400,26,122,418.0
-400,26,124,414.1
-400,26,126,418.9
-400,26,128,415.2
-400,26,130,411.5
-400,26,132,414.1
-400,26,134,410.1
-400,26,136,410.3
-400,26,138,411.2
-400,26,140,409.1
-400,26,142,410.1
-400,26,144,410.0
-400,26,146,411.0
-400,26,148,407.4
-400,26,150,405.0
-400,26,152,401.6
-400,26,154,406.1
-400,26,156,407.0
-400,26,158,400.2
-400,26,160,401.1
-400,26,162,402.2
-400,26,164,402.2
-400,26,166,396.4
-400,26,168,396.3
-400,26,170,397.3
-400,26,172,397.4
-400,26,174,398.4
-400,26,176,399.3
-400,26,178,393.8
-400,26,180,393.9
-400,28,0,430.3
-400,28,2,430.3
-400,28,4,429.3
-400,28,6,430.3
-400,28,8,430.3
-400,28,10,430.3
-400,28,12,429.3
-400,28,14,429.3
-400,28,16,430.3
-400,28,18,430.3
-400,28,20,429.3
-400,28,22,429.3
-400,28,24,430.3
-400,28,26,430.3
-400,28,28,429.3
-400,28,30,429.3
-400,28,32,430.3
-400,28,34,430.3
-400,28,36,429.3
-400,28,38,429.3
-400,28,40,430.3
-400,28,42,430.3
-400,28,44,429.3
-400,28,46,429.3
-400,28,48,430.3
-400,28,50,430.3
-400,28,52,426.1
-400,28,54,429.3
-400,28,56,425.1
-400,28,58,430.3
-400,28,60,426.1
-400,28,62,429.3
-400,28,64,425.1
-400,28,66,430.3
-400,28,68,426.1
-400,28,70,429.3
-400,28,72,425.1
-400,28,74,430.3
-400,28,76,430.3
-400,28,78,429.3
-400,28,80,429.3
-400,28,82,430.3
-400,28,84,430.3
-400,28,86,422.0
-400,28,88,429.3
-400,28,90,420.9
-400,28,92,430.3
-400,28,94,421.5
-400,28,96,429.3
-400,28,98,420.4
-400,28,100,430.3
-400,28,102,421.5
-400,28,104,429.3
-400,28,106,420.4
-400,28,108,430.3
-400,28,110,421.3
-400,28,112,429.3
-400,28,114,425.1
-400,28,116,430.3
-400,28,118,426.1
-400,28,120,417.3
-400,28,122,425.1
-400,28,124,416.3
-400,28,126,426.1
-400,28,128,417.3
-400,28,130,420.0
-400,28,132,414.1
-400,28,134,421.0
-400,28,136,412.4
-400,28,138,413.4
-400,28,140,411.4
-400,28,142,412.3
-400,28,144,412.0
-400,28,146,413.2
-400,28,148,411.0
-400,28,150,412.1
-400,28,152,412.0
-400,28,154,413.1
-400,28,156,409.2
-400,28,158,407.0
-400,28,160,408.1
-400,28,162,408.0
-400,28,164,409.2
-400,28,166,402.1
-400,28,168,403.1
-400,28,170,403.0
-400,28,172,404.2
-400,28,174,405.1
-400,28,176,401.5
-400,28,178,400.6
-400,28,180,400.4
-400,30,0,432.4
-400,30,2,432.4
-400,30,4,431.4
-400,30,6,432.4
-400,30,8,432.4
-400,30,10,432.4
-400,30,12,431.4
-400,30,14,432.4
-400,30,16,432.4
-400,30,18,432.4
-400,30,20,431.4
-400,30,22,431.4
-400,30,24,432.4
-400,30,26,432.4
-400,30,28,431.4
-400,30,30,431.4
-400,30,32,432.4
-400,30,34,432.4
-400,30,36,431.4
-400,30,38,431.4
-400,30,40,432.4
-400,30,42,432.4
-400,30,44,431.4
-400,30,46,431.4
-400,30,48,432.4
-400,30,50,432.4
-400,30,52,431.4
-400,30,54,431.4
-400,30,56,432.4
-400,30,58,432.4
-400,30,60,428.3
-400,30,62,431.4
-400,30,64,427.2
-400,30,66,432.4
-400,30,68,432.4
-400,30,70,431.4
-400,30,72,431.4
-400,30,74,432.4
-400,30,76,432.4
-400,30,78,431.4
-400,30,80,431.4
-400,30,82,432.4
-400,30,84,432.4
-400,30,86,431.4
-400,30,88,431.4
-400,30,90,432.4
-400,30,92,432.4
-400,30,94,424.1
-400,30,96,431.4
-400,30,98,423.0
-400,30,100,432.4
-400,30,102,423.6
-400,30,104,431.4
-400,30,106,422.6
-400,30,108,432.4
-400,30,110,428.3
-400,30,112,431.4
-400,30,114,427.2
-400,30,116,432.4
-400,30,118,428.3
-400,30,120,431.4
-400,30,122,427.2
-400,30,124,432.4
-400,30,126,428.3
-400,30,128,419.5
-400,30,130,427.2
-400,30,132,414.1
-400,30,134,428.3
-400,30,136,424.1
-400,30,138,422.1
-400,30,140,423.0
-400,30,142,423.2
-400,30,144,424.1
-400,30,146,417.1
-400,30,148,417.9
-400,30,150,414.2
-400,30,152,419.0
-400,30,154,420.0
-400,30,156,412.9
-400,30,158,414.0
-400,30,160,414.0
-400,30,162,415.1
-400,30,164,411.2
-400,30,166,409.1
-400,30,168,410.1
-400,30,170,409.9
-400,30,172,411.0
-400,30,174,407.4
-400,30,176,405.0
-400,30,178,407.4
-400,30,180,406.4
-400,32,0,434.5
-400,32,2,434.5
-400,32,4,433.5
-400,32,6,434.5
-400,32,8,434.5
-400,32,10,434.5
-400,32,12,433.5
-400,32,14,434.5
-400,32,16,434.5
-400,32,18,434.5
-400,32,20,433.5
-400,32,22,434.5
-400,32,24,434.5
-400,32,26,434.5
-400,32,28,433.5
-400,32,30,433.5
-400,32,32,434.5
-400,32,34,434.5
-400,32,36,433.5
-400,32,38,433.5
-400,32,40,434.5
-400,32,42,434.5
-400,32,44,433.5
-400,32,46,433.5
-400,32,48,434.5
-400,32,50,434.5
-400,32,52,434.5
-400,32,54,433.5
-400,32,56,434.5
-400,32,58,434.5
-400,32,60,434.5
-400,32,62,433.5
-400,32,64,434.5
-400,32,66,434.5
-400,32,68,434.5
-400,32,70,433.5
-400,32,72,433.5
-400,32,74,434.5
-400,32,76,434.5
-400,32,78,433.5
-400,32,80,433.5
-400,32,82,434.5
-400,32,84,434.5
-400,32,86,433.5
-400,32,88,433.5
-400,32,90,434.5
-400,32,92,434.5
-400,32,94,433.5
-400,32,96,433.5
-400,32,98,429.7
-400,32,100,434.5
-400,32,102,426.2
-400,32,104,433.5
-400,32,106,429.3
-400,32,108,434.5
-400,32,110,430.3
-400,32,112,433.5
-400,32,114,429.3
-400,32,116,434.5
-400,32,118,430.3
-400,32,120,433.5
-400,32,122,429.3
-400,32,124,434.5
-400,32,126,430.3
-400,32,128,433.5
-400,32,130,429.3
-400,32,132,434.5
-400,32,134,430.3
-400,32,136,426.2
-400,32,138,429.3
-400,32,140,425.2
-400,32,142,430.3
-400,32,144,426.2
-400,32,146,424.2
-400,32,148,425.2
-400,32,150,425.2
-400,32,152,426.2
-400,32,154,422.1
-400,32,156,420.1
-400,32,158,421.0
-400,32,160,421.1
-400,32,162,422.1
-400,32,164,415.1
-400,32,166,416.1
-400,32,168,417.0
-400,32,170,416.9
-400,32,172,418.0
-400,32,174,411.0
-400,32,176,412.1
-400,32,178,412.1
-400,32,180,413.4
-400,34,0,436.6
-400,34,2,436.6
-400,34,4,435.5
-400,34,6,436.6
-400,34,8,436.6
-400,34,10,436.6
-400,34,12,435.5
-400,34,14,436.6
-400,34,16,436.6
-400,34,18,436.6
-400,34,20,435.5
-400,34,22,436.6
-400,34,24,436.6
-400,34,26,436.6
-400,34,28,435.5
-400,34,30,436.6
-400,34,32,436.6
-400,34,34,436.6
-400,34,36,436.6
-400,34,38,435.5
-400,34,40,436.6
-400,34,42,436.6
-400,34,44,436.6
-400,34,46,435.5
-400,34,48,436.6
-400,34,50,436.6
-400,34,52,436.6
-400,34,54,435.5
-400,34,56,436.6
-400,34,58,436.6
-400,34,60,436.6
-400,34,62,435.5
-400,34,64,436.6
-400,34,66,436.6
-400,34,68,436.6
-400,34,70,435.5
-400,34,72,436.6
-400,34,74,436.6
-400,34,76,436.6
-400,34,78,435.5
-400,34,80,435.5
-400,34,82,436.6
-400,34,84,436.6
-400,34,86,435.5
-400,34,88,435.5
-400,34,90,436.6
-400,34,92,436.6
-400,34,94,435.5
-400,34,96,435.5
-400,34,98,431.8
-400,34,100,436.6
-400,34,102,432.4
-400,34,104,435.5
-400,34,106,431.8
-400,34,108,436.6
-400,34,110,435.5
-400,34,112,435.5
-400,34,114,436.6
-400,34,116,436.6
-400,34,118,432.4
-400,34,120,435.5
-400,34,122,431.4
-400,34,124,436.6
-400,34,126,432.4
-400,34,128,435.5
-400,34,130,431.4
-400,34,132,436.6
-400,34,134,432.4
-400,34,136,435.5
-400,34,138,431.4
-400,34,140,436.6
-400,34,142,432.4
-400,34,144,428.3
-400,34,146,431.4
-400,34,148,427.3
-400,34,150,432.4
-400,34,152,428.3
-400,34,154,426.2
-400,34,156,427.3
-400,34,158,427.3
-400,34,160,428.3
-400,34,162,424.2
-400,34,164,422.2
-400,34,166,423.2
-400,34,168,423.0
-400,34,170,424.2
-400,34,172,420.2
-400,34,174,418.0
-400,34,176,419.1
-400,34,178,419.1
-400,34,180,420.2
-400,36,0,438.6
-400,36,2,438.6
-400,36,4,437.6
-400,36,6,438.6
-400,36,8,438.6
-400,36,10,438.6
-400,36,12,437.6
-400,36,14,438.6
-400,36,16,438.6
-400,36,18,438.6
-400,36,20,438.6
-400,36,22,438.6
-400,36,24,438.6
-400,36,26,438.6
-400,36,28,438.6
-400,36,30,438.6
-400,36,32,438.6
-400,36,34,438.6
-400,36,36,438.6
-400,36,38,438.6
-400,36,40,438.6
-400,36,42,438.6
-400,36,44,438.6
-400,36,46,438.6
-400,36,48,438.6
-400,36,50,438.6
-400,36,52,438.6
-400,36,54,437.6
-400,36,56,438.6
-400,36,58,438.6
-400,36,60,438.6
-400,36,62,437.6
-400,36,64,438.6
-400,36,66,438.6
-400,36,68,438.6
-400,36,70,437.6
-400,36,72,438.6
-400,36,74,438.6
-400,36,76,438.6
-400,36,78,437.6
-400,36,80,437.6
-400,36,82,438.6
-400,36,84,438.6
-400,36,86,437.6
-400,36,88,437.6
-400,36,90,438.6
-400,36,92,438.6
-400,36,94,437.6
-400,36,96,437.6
-400,36,98,438.6
-400,36,100,438.6
-400,36,102,434.5
-400,36,104,437.6
-400,36,106,433.7
-400,36,108,436.6
-400,36,110,437.6
-400,36,112,437.6
-400,36,114,438.6
-400,36,116,438.6
-400,36,118,437.6
-400,36,120,437.6
-400,36,122,438.6
-400,36,124,438.6
-400,36,126,434.5
-400,36,128,437.6
-400,36,130,433.5
-400,36,132,438.6
-400,36,134,434.5
-400,36,136,437.6
-400,36,138,433.5
-400,36,140,438.6
-400,36,142,434.5
-400,36,144,437.6
-400,36,146,433.5
-400,36,148,433.7
-400,36,150,434.5
-400,36,152,430.4
-400,36,154,433.5
-400,36,156,429.4
-400,36,158,434.5
-400,36,160,430.4
-400,36,162,428.3
-400,36,164,429.4
-400,36,166,429.4
-400,36,168,430.4
-400,36,170,426.4
-400,36,172,424.1
-400,36,174,425.3
-400,36,176,425.2
-400,36,178,426.4
-400,36,180,422.3
-400,38,0,440.7
-400,38,2,440.7
-400,38,4,440.7
-400,38,6,440.7
-400,38,8,440.7
-400,38,10,440.7
-400,38,12,440.7
-400,38,14,440.7
-400,38,16,440.7
-400,38,18,440.7
-400,38,20,440.7
-400,38,22,440.7
-400,38,24,440.7
-400,38,26,440.7
-400,38,28,440.7
-400,38,30,440.7
-400,38,32,440.7
-400,38,34,440.7
-400,38,36,440.7
-400,38,38,440.7
-400,38,40,440.7
-400,38,42,440.7
-400,38,44,440.7
-400,38,46,440.7
-400,38,48,440.7
-400,38,50,440.7
-400,38,52,440.7
-400,38,54,440.7
-400,38,56,440.7
-400,38,58,440.7
-400,38,60,440.7
-400,38,62,439.7
-400,38,64,440.7
-400,38,66,440.7
-400,38,68,440.7
-400,38,70,439.7
-400,38,72,440.7
-400,38,74,440.7
-400,38,76,440.7
-400,38,78,439.7
-400,38,80,440.7
-400,38,82,440.7
-400,38,84,440.7
-400,38,86,439.7
-400,38,88,439.7
-400,38,90,440.7
-400,38,92,440.7
-400,38,94,439.7
-400,38,96,439.7
-400,38,98,440.7
-400,38,100,440.7
-400,38,102,439.7
-400,38,104,439.7
-400,38,106,440.7
-400,38,108,440.7
-400,38,110,439.7
-400,38,112,439.7
-400,38,114,440.7
-400,38,116,438.6
-400,38,118,439.7
-400,38,120,439.7
-400,38,122,440.7
-400,38,124,440.7
-400,38,126,439.7
-400,38,128,439.7
-400,38,130,440.7
-400,38,132,440.7
-400,38,134,436.6
-400,38,136,439.7
-400,38,138,435.5
-400,38,140,440.7
-400,38,142,436.6
-400,38,144,439.7
-400,38,146,435.5
-400,38,148,435.8
-400,38,150,436.6
-400,38,152,434.7
-400,38,154,435.5
-400,38,156,431.5
-400,38,158,436.6
-400,38,160,432.5
-400,38,162,435.5
-400,38,164,435.7
-400,38,166,436.6
-400,38,168,432.5
-400,38,170,430.4
-400,38,172,431.5
-400,38,174,431.5
-400,38,176,432.5
-400,38,178,428.5
-400,38,180,426.6
-400,40,0,442.7
-400,40,2,442.7
-400,40,4,442.7
-400,40,6,442.7
-400,40,8,442.7
-400,40,10,442.7
-400,40,12,442.7
-400,40,14,442.7
-400,40,16,442.7
-400,40,18,442.7
-400,40,20,442.7
-400,40,22,442.7
-400,40,24,442.7
-400,40,26,442.7
-400,40,28,442.7
-400,40,30,442.7
-400,40,32,442.7
-400,40,34,442.7
-400,40,36,442.7
-400,40,38,442.7
-400,40,40,442.7
-400,40,42,442.7
-400,40,44,442.7
-400,40,46,442.7
-400,40,48,442.7
-400,40,50,442.7
-400,40,52,442.7
-400,40,54,442.7
-400,40,56,442.7
-400,40,58,442.7
-400,40,60,442.7
-400,40,62,442.7
-400,40,64,442.7
-400,40,66,442.7
-400,40,68,442.7
-400,40,70,442.7
-400,40,72,442.7
-400,40,74,442.7
-400,40,76,442.7
-400,40,78,441.7
-400,40,80,442.7
-400,40,82,442.7
-400,40,84,442.7
-400,40,86,441.7
-400,40,88,442.7
-400,40,90,442.7
-400,40,92,442.7
-400,40,94,441.7
-400,40,96,441.7
-400,40,98,442.7
-400,40,100,442.7
-400,40,102,441.7
-400,40,104,441.7
-400,40,106,442.7
-400,40,108,442.7
-400,40,110,441.7
-400,40,112,442.7
-400,40,114,442.7
-400,40,116,442.7
-400,40,118,441.7
-400,40,120,441.7
-400,40,122,442.7
-400,40,124,442.7
-400,40,126,441.7
-400,40,128,441.7
-400,40,130,442.7
-400,40,132,442.7
-400,40,134,438.6
-400,40,136,441.7
-400,40,138,437.8
-400,40,140,442.7
-400,40,142,438.6
-400,40,144,441.7
-400,40,146,442.7
-400,40,148,437.8
-400,40,150,438.6
-400,40,152,436.8
-400,40,154,437.6
-400,40,156,433.5
-400,40,158,438.6
-400,40,160,434.6
-400,40,162,437.6
-400,40,164,437.8
-400,40,166,438.6
-400,40,168,436.8
-400,40,170,432.5
-400,40,172,437.8
-400,40,174,433.5
-400,40,176,434.6
-400,40,178,433.8
-400,40,180,433.5
-400,42,0,444.7
-400,42,2,444.7
-400,42,4,444.7
-400,42,6,444.7
-400,42,8,444.7
-400,42,10,444.7
-400,42,12,444.7
-400,42,14,444.7
-400,42,16,444.7
-400,42,18,444.7
-400,42,20,444.7
-400,42,22,444.7
-400,42,24,444.7
-400,42,26,444.7
-400,42,28,444.7
-400,42,30,444.7
-400,42,32,444.7
-400,42,34,444.7
-400,42,36,444.7
-400,42,38,444.7
-400,42,40,444.7
-400,42,42,444.7
-400,42,44,444.7
-400,42,46,444.7
-400,42,48,444.7
-400,42,50,444.7
-400,42,52,444.7
-400,42,54,444.7
-400,42,56,444.7
-400,42,58,444.7
-400,42,60,444.7
-400,42,62,444.7
-400,42,64,444.7
-400,42,66,444.7
-400,42,68,444.7
-400,42,70,444.7
-400,42,72,444.7
-400,42,74,444.7
-400,42,76,444.7
-400,42,78,444.7
-400,42,80,444.7
-400,42,82,444.7
-400,42,84,444.7
-400,42,86,444.7
-400,42,88,444.7
-400,42,90,444.7
-400,42,92,444.7
-400,42,94,443.7
-400,42,96,444.7
-400,42,98,444.7
-400,42,100,444.7
-400,42,102,443.7
-400,42,104,444.7
-400,42,106,444.7
-400,42,108,444.7
-400,42,110,443.7
-400,42,112,444.7
-400,42,114,444.7
-400,42,116,444.7
-400,42,118,443.7
-400,42,120,444.7
-400,42,122,444.7
-400,42,124,444.7
-400,42,126,443.7
-400,42,128,443.7
-400,42,130,444.7
-400,42,132,444.7
-400,42,134,443.7
-400,42,136,443.7
-400,42,138,439.8
-400,42,140,444.7
-400,42,142,440.7
-400,42,144,443.7
-400,42,146,444.7
-400,42,148,444.7
-400,42,150,443.7
-400,42,152,438.9
-400,42,154,444.7
-400,42,156,439.9
-400,42,158,440.7
-400,42,160,434.6
-400,42,162,439.7
-400,42,164,437.8
-400,42,166,440.7
-400,42,168,438.8
-400,42,170,435.9
-400,42,172,439.8
-400,42,174,435.6
-400,42,176,438.8
-400,42,178,435.9
-400,42,180,440.0
-400,44,0,446.8
-400,44,2,446.8
-400,44,4,446.8
-400,44,6,446.8
-400,44,8,446.8
-400,44,10,446.8
-400,44,12,446.8
-400,44,14,446.8
-400,44,16,446.8
-400,44,18,446.8
-400,44,20,446.8
-400,44,22,446.8
-400,44,24,446.8
-400,44,26,446.8
-400,44,28,446.8
-400,44,30,446.8
-400,44,32,446.8
-400,44,34,446.8
-400,44,36,446.8
-400,44,38,446.8
-400,44,40,446.8
-400,44,42,446.8
-400,44,44,446.8
-400,44,46,446.8
-400,44,48,446.8
-400,44,50,446.8
-400,44,52,446.8
-400,44,54,446.8
-400,44,56,446.8
-400,44,58,446.8
-400,44,60,446.8
-400,44,62,446.8
-400,44,64,446.8
-400,44,66,446.8
-400,44,68,446.8
-400,44,70,446.8
-400,44,72,446.8
-400,44,74,446.8
-400,44,76,446.8
-400,44,78,446.8
-400,44,80,446.8
-400,44,82,446.8
-400,44,84,446.8
-400,44,86,446.8
-400,44,88,446.8
-400,44,90,446.8
-400,44,92,446.8
-400,44,94,446.8
-400,44,96,446.8
-400,44,98,446.8
-400,44,100,446.8
-400,44,102,445.8
-400,44,104,446.8
-400,44,106,446.8
-400,44,108,446.8
-400,44,110,445.8
-400,44,112,446.8
-400,44,114,446.8
-400,44,116,446.8
-400,44,118,445.8
-400,44,120,446.8
-400,44,122,446.8
-400,44,124,446.8
-400,44,126,445.8
-400,44,128,446.8
-400,44,130,446.8
-400,44,132,446.8
-400,44,134,445.8
-400,44,136,446.8
-400,44,138,444.7
-400,44,140,446.8
-400,44,142,443.7
-400,44,144,445.8
-400,44,146,446.8
-400,44,148,446.8
-400,44,150,445.8
-400,44,152,440.9
-400,44,154,446.8
-400,44,156,439.9
-400,44,158,445.8
-400,44,160,436.8
-400,44,162,441.7
-400,44,164,437.8
-400,44,166,442.7
-400,44,168,440.9
-400,44,170,446.8
-400,44,172,442.4
-400,44,174,437.7
-400,44,176,438.8
-400,44,178,437.9
-400,44,180,442.5
-400,46,0,448.8
-400,46,2,448.8
-400,46,4,448.8
-400,46,6,448.8
-400,46,8,448.8
-400,46,10,448.8
-400,46,12,448.8
-400,46,14,448.8
-400,46,16,448.8
-400,46,18,448.8
-400,46,20,448.8
-400,46,22,448.8
-400,46,24,448.8
-400,46,26,448.8
-400,46,28,448.8
-400,46,30,448.8
-400,46,32,448.8
-400,46,34,448.8
-400,46,36,448.8
-400,46,38,448.8
-400,46,40,448.8
-400,46,42,448.8
-400,46,44,448.8
-400,46,46,448.8
-400,46,48,448.8
-400,46,50,448.8
-400,46,52,448.8
-400,46,54,448.8
-400,46,56,448.8
-400,46,58,448.8
-400,46,60,448.8
-400,46,62,448.8
-400,46,64,448.8
-400,46,66,448.8
-400,46,68,448.8
-400,46,70,448.8
-400,46,72,448.8
-400,46,74,448.8
-400,46,76,448.8
-400,46,78,448.8
-400,46,80,448.8
-400,46,82,448.8
-400,46,84,448.8
-400,46,86,448.8
-400,46,88,448.8
-400,46,90,448.8
-400,46,92,448.8
-400,46,94,448.8
-400,46,96,448.8
-400,46,98,448.8
-400,46,100,448.8
-400,46,102,447.8
-400,46,104,448.8
-400,46,106,448.8
-400,46,108,448.8
-400,46,110,448.8
-400,46,112,448.8
-400,46,114,448.8
-400,46,116,448.8
-400,46,118,447.8
-400,46,120,448.8
-400,46,122,448.8
-400,46,124,448.8
-400,46,126,447.8
-400,46,128,448.8
-400,46,130,448.8
-400,46,132,448.8
-400,46,134,447.8
-400,46,136,448.8
-400,46,138,448.8
-400,46,140,448.8
-400,46,142,447.8
-400,46,144,448.8
-400,46,146,446.8
-400,46,148,448.8
-400,46,150,447.8
-400,46,152,447.8
-400,46,154,448.8
-400,46,156,442.7
-400,46,158,447.8
-400,46,160,441.2
-400,46,162,443.7
-400,46,164,444.4
-400,46,166,444.7
-400,46,168,443.4
-400,46,170,448.8
-400,46,172,444.4
-400,46,174,448.8
-400,46,176,443.6
-400,46,178,448.8
-400,46,180,444.6
-400,48,0,450.8
-400,48,2,450.8
-400,48,4,450.8
-400,48,6,450.8
-400,48,8,450.8
-400,48,10,450.8
-400,48,12,450.8
-400,48,14,450.8
-400,48,16,450.8
-400,48,18,450.8
-400,48,20,450.8
-400,48,22,450.8
-400,48,24,450.8
-400,48,26,450.8
-400,48,28,450.8
-400,48,30,450.8
-400,48,32,450.8
-400,48,34,450.8
-400,48,36,450.8
-400,48,38,450.8
-400,48,40,450.8
-400,48,42,450.8
-400,48,44,450.8
-400,48,46,450.8
-400,48,48,450.8
-400,48,50,450.8
-400,48,52,450.8
-400,48,54,450.8
-400,48,56,450.8
-400,48,58,450.8
-400,48,60,450.8
-400,48,62,450.8
-400,48,64,450.8
-400,48,66,450.8
-400,48,68,450.8
-400,48,70,450.8
-400,48,72,450.8
-400,48,74,450.8
-400,48,76,450.8
-400,48,78,450.8
-400,48,80,450.8
-400,48,82,450.8
-400,48,84,450.8
-400,48,86,450.8
-400,48,88,450.8
-400,48,90,450.8
-400,48,92,450.8
-400,48,94,450.8
-400,48,96,450.8
-400,48,98,450.8
-400,48,100,450.8
-400,48,102,449.8
-400,48,104,450.8
-400,48,106,450.8
-400,48,108,450.8
-400,48,110,450.8
-400,48,112,450.8
-400,48,114,450.8
-400,48,116,450.8
-400,48,118,449.8
-400,48,120,450.8
-400,48,122,450.8
-400,48,124,450.8
-400,48,126,450.8
-400,48,128,450.8
-400,48,130,450.8
-400,48,132,450.8
-400,48,134,449.8
-400,48,136,450.8
-400,48,138,450.8
-400,48,140,450.8
-400,48,142,449.8
-400,48,144,450.8
-400,48,146,448.8
-400,48,148,450.8
-400,48,150,449.8
-400,48,152,449.8
-400,48,154,450.8
-400,48,156,450.8
-400,48,158,449.8
-400,48,160,450.8
-400,48,162,445.8
-400,48,164,446.4
-400,48,166,446.8
-400,48,168,445.4
-400,48,170,449.8
-400,48,172,446.4
-400,48,174,450.8
-400,48,176,445.6
-400,48,178,450.8
-400,48,180,446.6
-400,50,0,452.8
-400,50,2,452.8
-400,50,4,452.8
-400,50,6,452.8
-400,50,8,452.8
-400,50,10,452.8
-400,50,12,452.8
-400,50,14,452.8
-400,50,16,452.8
-400,50,18,452.8
-400,50,20,452.8
-400,50,22,452.8
-400,50,24,452.8
-400,50,26,452.8
-400,50,28,452.8
-400,50,30,452.8
-400,50,32,452.8
-400,50,34,452.8
-400,50,36,452.8
-400,50,38,452.8
-400,50,40,452.8
-400,50,42,452.8
-400,50,44,452.8
-400,50,46,452.8
-400,50,48,452.8
-400,50,50,452.8
-400,50,52,452.8
-400,50,54,452.8
-400,50,56,452.8
-400,50,58,452.8
-400,50,60,452.8
-400,50,62,452.8
-400,50,64,452.8
-400,50,66,452.8
-400,50,68,452.8
-400,50,70,452.8
-400,50,72,452.8
-400,50,74,452.8
-400,50,76,452.8
-400,50,78,452.8
-400,50,80,452.8
-400,50,82,452.8
-400,50,84,452.8
-400,50,86,452.8
-400,50,88,452.8
-400,50,90,452.8
-400,50,92,452.8
-400,50,94,452.8
-400,50,96,452.8
-400,50,98,452.8
-400,50,100,452.8
-400,50,102,452.8
-400,50,104,452.8
-400,50,106,452.8
-400,50,108,452.8
-400,50,110,452.8
-400,50,112,452.8
-400,50,114,452.8
-400,50,116,452.8
-400,50,118,452.8
-400,50,120,452.8
-400,50,122,452.8
-400,50,124,452.8
-400,50,126,452.8
-400,50,128,452.8
-400,50,130,452.8
-400,50,132,452.8
-400,50,134,451.8
-400,50,136,452.8
-400,50,138,452.8
-400,50,140,452.8
-400,50,142,451.8
-400,50,144,452.8
-400,50,146,452.8
-400,50,148,452.8
-400,50,150,451.8
-400,50,152,451.8
-400,50,154,452.8
-400,50,156,452.8
-400,50,158,451.8
-400,50,160,452.8
-400,50,162,450.8
-400,50,164,448.4
-400,50,166,449.8
-400,50,168,447.7
-400,50,170,451.8
-400,50,172,447.8
-400,50,174,452.8
-400,50,176,452.8
-400,50,178,452.8
-400,50,180,448.6
-400,52,0,454.8
-400,52,2,454.8
-400,52,4,454.8
-400,52,6,454.8
-400,52,8,454.8
-400,52,10,454.8
-400,52,12,454.8
-400,52,14,454.8
-400,52,16,454.8
-400,52,18,454.8
-400,52,20,454.8
-400,52,22,454.8
-400,52,24,454.8
-400,52,26,454.8
-400,52,28,454.8
-400,52,30,454.8
-400,52,32,454.8
-400,52,34,454.8
-400,52,36,454.8
-400,52,38,454.8
-400,52,40,454.8
-400,52,42,454.8
-400,52,44,454.8
-400,52,46,454.8
-400,52,48,454.8
-400,52,50,454.8
-400,52,52,454.8
-400,52,54,454.8
-400,52,56,454.8
-400,52,58,454.8
-400,52,60,454.8
-400,52,62,454.8
-400,52,64,454.8
-400,52,66,454.8
-400,52,68,454.8
-400,52,70,454.8
-400,52,72,454.8
-400,52,74,454.8
-400,52,76,454.8
-400,52,78,454.8
-400,52,80,454.8
-400,52,82,454.8
-400,52,84,454.8
-400,52,86,454.8
-400,52,88,454.8
-400,52,90,454.8
-400,52,92,454.8
-400,52,94,454.8
-400,52,96,454.8
-400,52,98,454.8
-400,52,100,454.8
-400,52,102,454.8
-400,52,104,454.8
-400,52,106,454.8
-400,52,108,454.8
-400,52,110,454.8
-400,52,112,454.8
-400,52,114,454.8
-400,52,116,454.8
-400,52,118,454.8
-400,52,120,454.8
-400,52,122,454.8
-400,52,124,454.8
-400,52,126,454.8
-400,52,128,454.8
-400,52,130,454.8
-400,52,132,454.8
-400,52,134,454.8
-400,52,136,454.8
-400,52,138,454.8
-400,52,140,454.8
-400,52,142,453.8
-400,52,144,454.8
-400,52,146,454.8
-400,52,148,454.8
-400,52,150,453.8
-400,52,152,453.8
-400,52,154,454.8
-400,52,156,454.8
-400,52,158,454.8
-400,52,160,454.8
-400,52,162,454.8
-400,52,164,453.8
-400,52,166,451.8
-400,52,168,449.7
-400,52,170,453.8
-400,52,172,453.8
-400,52,174,454.8
-400,52,176,454.8
-400,52,178,454.8
-400,52,180,453.8
-400,54,0,456.7
-400,54,2,456.7
-400,54,4,456.7
-400,54,6,456.7
-400,54,8,456.7
-400,54,10,456.7
-400,54,12,456.7
-400,54,14,456.7
-400,54,16,456.7
-400,54,18,456.7
-400,54,20,456.7
-400,54,22,456.7
-400,54,24,456.7
-400,54,26,456.7
-400,54,28,456.7
-400,54,30,456.7
-400,54,32,456.7
-400,54,34,456.7
-400,54,36,456.7
-400,54,38,456.7
-400,54,40,456.7
-400,54,42,456.7
-400,54,44,456.7
-400,54,46,456.7
-400,54,48,456.7
-400,54,50,456.7
-400,54,52,456.7
-400,54,54,456.7
-400,54,56,456.7
-400,54,58,456.7
-400,54,60,456.7
-400,54,62,456.7
-400,54,64,456.7
-400,54,66,456.7
-400,54,68,456.7
-400,54,70,456.7
-400,54,72,456.7
-400,54,74,456.7
-400,54,76,456.7
-400,54,78,456.7
-400,54,80,456.7
-400,54,82,456.7
-400,54,84,456.7
-400,54,86,456.7
-400,54,88,456.7
-400,54,90,456.7
-400,54,92,456.7
-400,54,94,456.7
-400,54,96,456.7
-400,54,98,456.7
-400,54,100,456.7
-400,54,102,456.7
-400,54,104,456.7
-400,54,106,456.7
-400,54,108,456.7
-400,54,110,456.7
-400,54,112,456.7
-400,54,114,456.7
-400,54,116,456.7
-400,54,118,456.7
-400,54,120,456.7
-400,54,122,456.7
-400,54,124,456.7
-400,54,126,456.7
-400,54,128,456.7
-400,54,130,456.7
-400,54,132,456.7
-400,54,134,456.7
-400,54,136,456.7
-400,54,138,456.7
-400,54,140,456.7
-400,54,142,456.7
-400,54,144,456.7
-400,54,146,456.7
-400,54,148,456.7
-400,54,150,456.7
-400,54,152,456.7
-400,54,154,456.7
-400,54,156,456.7
-400,54,158,456.7
-400,54,160,456.7
-400,54,162,456.7
-400,54,164,455.7
-400,54,166,455.7
-400,54,168,454.8
-400,54,170,456.7
-400,54,172,455.7
-400,54,174,456.7
-400,54,176,456.7
-400,54,178,456.7
-400,54,180,455.7
-400,56,0,458.7
-400,56,2,458.7
-400,56,4,458.7
-400,56,6,458.7
-400,56,8,458.7
-400,56,10,458.7
-400,56,12,458.7
-400,56,14,458.7
-400,56,16,458.7
-400,56,18,458.7
-400,56,20,458.7
-400,56,22,458.7
-400,56,24,458.7
-400,56,26,458.7
-400,56,28,458.7
-400,56,30,458.7
-400,56,32,458.7
-400,56,34,458.7
-400,56,36,458.7
-400,56,38,458.7
-400,56,40,458.7
-400,56,42,458.7
-400,56,44,458.7
-400,56,46,458.7
-400,56,48,458.7
-400,56,50,458.7
-400,56,52,458.7
-400,56,54,458.7
-400,56,56,458.7
-400,56,58,458.7
-400,56,60,458.7
-400,56,62,458.7
-400,56,64,458.7
-400,56,66,458.7
-400,56,68,458.7
-400,56,70,458.7
-400,56,72,458.7
-400,56,74,458.7
-400,56,76,458.7
-400,56,78,458.7
-400,56,80,458.7
-400,56,82,458.7
-400,56,84,458.7
-400,56,86,458.7
-400,56,88,458.7
-400,56,90,458.7
-400,56,92,458.7
-400,56,94,458.7
-400,56,96,458.7
-400,56,98,458.7
-400,56,100,458.7
-400,56,102,458.7
-400,56,104,458.7
-400,56,106,458.7
-400,56,108,458.7
-400,56,110,458.7
-400,56,112,458.7
-400,56,114,458.7
-400,56,116,458.7
-400,56,118,458.7
-400,56,120,458.7
-400,56,122,458.7
-400,56,124,458.7
-400,56,126,458.7
-400,56,128,458.7
-400,56,130,458.7
-400,56,132,458.7
-400,56,134,458.7
-400,56,136,458.7
-400,56,138,458.7
-400,56,140,458.7
-400,56,142,458.7
-400,56,144,458.7
-400,56,146,458.7
-400,56,148,458.7
-400,56,150,458.7
-400,56,152,458.7
-400,56,154,458.7
-400,56,156,458.7
-400,56,158,458.7
-400,56,160,458.7
-400,56,162,458.7
-400,56,164,458.7
-400,56,166,458.7
-400,56,168,458.7
-400,56,170,458.7
-400,56,172,457.7
-400,56,174,458.7
-400,56,176,458.7
-400,56,178,458.7
-400,56,180,457.7
-400,58,0,460.7
-400,58,2,460.7
-400,58,4,460.7
-400,58,6,460.7
-400,58,8,460.7
-400,58,10,460.7
-400,58,12,460.7
-400,58,14,460.7
-400,58,16,460.7
-400,58,18,460.7
-400,58,20,460.7
-400,58,22,460.7
-400,58,24,460.7
-400,58,26,460.7
-400,58,28,460.7
-400,58,30,460.7
-400,58,32,460.7
-400,58,34,460.7
-400,58,36,460.7
-400,58,38,460.7
-400,58,40,460.7
-400,58,42,460.7
-400,58,44,460.7
-400,58,46,460.7
-400,58,48,460.7
-400,58,50,460.7
-400,58,52,460.7
-400,58,54,460.7
-400,58,56,460.7
-400,58,58,460.7
-400,58,60,460.7
-400,58,62,460.7
-400,58,64,460.7
-400,58,66,460.7
-400,58,68,460.7
-400,58,70,460.7
-400,58,72,460.7
-400,58,74,460.7
-400,58,76,460.7
-400,58,78,460.7
-400,58,80,460.7
-400,58,82,460.7
-400,58,84,460.7
-400,58,86,460.7
-400,58,88,460.7
-400,58,90,460.7
-400,58,92,460.7
-400,58,94,460.7
-400,58,96,460.7
-400,58,98,460.7
-400,58,100,460.7
-400,58,102,460.7
-400,58,104,460.7
-400,58,106,460.7
-400,58,108,460.7
-400,58,110,460.7
-400,58,112,460.7
-400,58,114,460.7
-400,58,116,460.7
-400,58,118,460.7
-400,58,120,460.7
-400,58,122,460.7
-400,58,124,460.7
-400,58,126,460.7
-400,58,128,460.7
-400,58,130,460.7
-400,58,132,460.7
-400,58,134,460.7
-400,58,136,460.7
-400,58,138,460.7
-400,58,140,460.7
-400,58,142,460.7
-400,58,144,460.7
-400,58,146,460.7
-400,58,148,460.7
-400,58,150,460.7
-400,58,152,460.7
-400,58,154,460.7
-400,58,156,460.7
-400,58,158,460.7
-400,58,160,460.7
-400,58,162,460.7
-400,58,164,460.7
-400,58,166,460.7
-400,58,168,460.7
-400,58,170,460.7
-400,58,172,459.7
-400,58,174,460.7
-400,58,176,460.7
-400,58,178,460.7
-400,58,180,460.7
-400,60,0,462.6
-400,60,2,462.6
-400,60,4,462.6
-400,60,6,462.6
-400,60,8,462.6
-400,60,10,462.6
-400,60,12,462.6
-400,60,14,462.6
-400,60,16,462.6
-400,60,18,462.6
-400,60,20,462.6
-400,60,22,462.6
-400,60,24,462.6
-400,60,26,462.6
-400,60,28,462.6
-400,60,30,462.6
-400,60,32,462.6
-400,60,34,462.6
-400,60,36,462.6
-400,60,38,462.6
-400,60,40,462.6
-400,60,42,462.6
-400,60,44,462.6
-400,60,46,462.6
-400,60,48,462.6
-400,60,50,462.6
-400,60,52,462.6
-400,60,54,462.6
-400,60,56,462.6
-400,60,58,462.6
-400,60,60,462.6
-400,60,62,462.6
-400,60,64,462.6
-400,60,66,462.6
-400,60,68,462.6
-400,60,70,462.6
-400,60,72,462.6
-400,60,74,462.6
-400,60,76,462.6
-400,60,78,462.6
-400,60,80,462.6
-400,60,82,462.6
-400,60,84,462.6
-400,60,86,462.6
-400,60,88,462.6
-400,60,90,462.6
-400,60,92,462.6
-400,60,94,462.6
-400,60,96,462.6
-400,60,98,462.6
-400,60,100,462.6
-400,60,102,462.6
-400,60,104,462.6
-400,60,106,462.6
-400,60,108,462.6
-400,60,110,462.6
-400,60,112,462.6
-400,60,114,462.6
-400,60,116,462.6
-400,60,118,462.6
-400,60,120,462.6
-400,60,122,462.6
-400,60,124,462.6
-400,60,126,462.6
-400,60,128,462.6
-400,60,130,462.6
-400,60,132,462.6
-400,60,134,462.6
-400,60,136,462.6
-400,60,138,462.6
-400,60,140,462.6
-400,60,142,462.6
-400,60,144,462.6
-400,60,146,462.6
-400,60,148,462.6
-400,60,150,462.6
-400,60,152,462.6
-400,60,154,462.6
-400,60,156,462.6
-400,60,158,462.6
-400,60,160,462.6
-400,60,162,462.6
-400,60,164,462.6
-400,60,166,462.6
-400,60,168,462.6
-400,60,170,462.6
-400,60,172,462.6
-400,60,174,462.6
-400,60,176,462.6
-400,60,178,462.6
-400,60,180,462.6
-400,62,0,464.5
-400,62,2,464.5
-400,62,4,464.5
-400,62,6,464.5
-400,62,8,464.5
-400,62,10,464.5
-400,62,12,464.5
-400,62,14,464.5
-400,62,16,464.5
-400,62,18,464.5
-400,62,20,464.5
-400,62,22,464.5
-400,62,24,464.5
-400,62,26,464.5
-400,62,28,464.5
-400,62,30,464.5
-400,62,32,464.5
-400,62,34,464.5
-400,62,36,464.5
-400,62,38,464.5
-400,62,40,464.5
-400,62,42,464.5
-400,62,44,464.5
-400,62,46,464.5
-400,62,48,464.5
-400,62,50,464.5
-400,62,52,464.5
-400,62,54,464.5
-400,62,56,464.5
-400,62,58,464.5
-400,62,60,464.5
-400,62,62,464.5
-400,62,64,464.5
-400,62,66,464.5
-400,62,68,464.5
-400,62,70,464.5
-400,62,72,464.5
-400,62,74,464.5
-400,62,76,464.5
-400,62,78,464.5
-400,62,80,464.5
-400,62,82,464.5
-400,62,84,464.5
-400,62,86,464.5
-400,62,88,464.5
-400,62,90,464.5
-400,62,92,464.5
-400,62,94,464.5
-400,62,96,464.5
-400,62,98,464.5
-400,62,100,464.5
-400,62,102,464.5
-400,62,104,464.5
-400,62,106,464.5
-400,62,108,464.5
-400,62,110,464.5
-400,62,112,464.5
-400,62,114,464.5
-400,62,116,464.5
-400,62,118,464.5
-400,62,120,464.5
-400,62,122,464.5
-400,62,124,464.5
-400,62,126,464.5
-400,62,128,464.5
-400,62,130,464.5
-400,62,132,464.5
-400,62,134,464.5
-400,62,136,464.5
-400,62,138,464.5
-400,62,140,464.5
-400,62,142,464.5
-400,62,144,464.5
-400,62,146,464.5
-400,62,148,464.5
-400,62,150,464.5
-400,62,152,464.5
-400,62,154,464.5
-400,62,156,464.5
-400,62,158,464.5
-400,62,160,464.5
-400,62,162,464.5
-400,62,164,464.5
-400,62,166,464.5
-400,62,168,464.5
-400,62,170,464.5
-400,62,172,464.5
-400,62,174,464.5
-400,62,176,464.5
-400,62,178,464.5
-400,62,180,464.5
-400,64,0,466.5
-400,64,2,466.5
-400,64,4,466.5
-400,64,6,466.5
-400,64,8,466.5
-400,64,10,466.5
-400,64,12,466.5
-400,64,14,466.5
-400,64,16,466.5
-400,64,18,466.5
-400,64,20,466.5
-400,64,22,466.5
-400,64,24,466.5
-400,64,26,466.5
-400,64,28,466.5
-400,64,30,466.5
-400,64,32,466.5
-400,64,34,466.5
-400,64,36,466.5
-400,64,38,466.5
-400,64,40,466.5
-400,64,42,466.5
-400,64,44,466.5
-400,64,46,466.5
-400,64,48,466.5
-400,64,50,466.5
-400,64,52,466.5
-400,64,54,466.5
-400,64,56,466.5
-400,64,58,466.5
-400,64,60,466.5
-400,64,62,466.5
-400,64,64,466.5
-400,64,66,466.5
-400,64,68,466.5
-400,64,70,466.5
-400,64,72,466.5
-400,64,74,466.5
-400,64,76,466.5
-400,64,78,466.5
-400,64,80,466.5
-400,64,82,466.5
-400,64,84,466.5
-400,64,86,466.5
-400,64,88,466.5
-400,64,90,466.5
-400,64,92,466.5
-400,64,94,466.5
-400,64,96,466.5
-400,64,98,466.5
-400,64,100,466.5
-400,64,102,466.5
-400,64,104,466.5
-400,64,106,466.5
-400,64,108,466.5
-400,64,110,466.5
-400,64,112,466.5
-400,64,114,466.5
-400,64,116,466.5
-400,64,118,466.5
-400,64,120,466.5
-400,64,122,466.5
-400,64,124,466.5
-400,64,126,466.5
-400,64,128,466.5
-400,64,130,466.5
-400,64,132,466.5
-400,64,134,466.5
-400,64,136,466.5
-400,64,138,466.5
-400,64,140,466.5
-400,64,142,466.5
-400,64,144,466.5
-400,64,146,466.5
-400,64,148,466.5
-400,64,150,466.5
-400,64,152,466.5
-400,64,154,466.5
-400,64,156,466.5
-400,64,158,466.5
-400,64,160,466.5
-400,64,162,466.5
-400,64,164,466.5
-400,64,166,466.5
-400,64,168,466.5
-400,64,170,466.5
-400,64,172,466.5
-400,64,174,466.5
-400,64,176,466.5
-400,64,178,466.5
-400,64,180,466.5
-400,66,0,468.4
-400,66,2,468.4
-400,66,4,468.4
-400,66,6,468.4
-400,66,8,468.4
-400,66,10,468.4
-400,66,12,468.4
-400,66,14,468.4
-400,66,16,468.4
-400,66,18,468.4
-400,66,20,468.4
-400,66,22,468.4
-400,66,24,468.4
-400,66,26,468.4
-400,66,28,468.4
-400,66,30,468.4
-400,66,32,468.4
-400,66,34,468.4
-400,66,36,468.4
-400,66,38,468.4
-400,66,40,468.4
-400,66,42,468.4
-400,66,44,468.4
-400,66,46,468.4
-400,66,48,468.4
-400,66,50,468.4
-400,66,52,468.4
-400,66,54,468.4
-400,66,56,468.4
-400,66,58,468.4
-400,66,60,468.4
-400,66,62,468.4
-400,66,64,468.4
-400,66,66,468.4
-400,66,68,468.4
-400,66,70,468.4
-400,66,72,468.4
-400,66,74,468.4
-400,66,76,468.4
-400,66,78,468.4
-400,66,80,468.4
-400,66,82,468.4
-400,66,84,468.4
-400,66,86,468.4
-400,66,88,468.4
-400,66,90,468.4
-400,66,92,468.4
-400,66,94,468.4
-400,66,96,468.4
-400,66,98,468.4
-400,66,100,468.4
-400,66,102,468.4
-400,66,104,468.4
-400,66,106,468.4
-400,66,108,468.4
-400,66,110,468.4
-400,66,112,468.4
-400,66,114,468.4
-400,66,116,468.4
-400,66,118,468.4
-400,66,120,468.4
-400,66,122,468.4
-400,66,124,468.4
-400,66,126,468.4
-400,66,128,468.4
-400,66,130,468.4
-400,66,132,468.4
-400,66,134,468.4
-400,66,136,468.4
-400,66,138,468.4
-400,66,140,468.4
-400,66,142,468.4
-400,66,144,468.4
-400,66,146,468.4
-400,66,148,468.4
-400,66,150,468.4
-400,66,152,468.4
-400,66,154,468.4
-400,66,156,468.4
-400,66,158,468.4
-400,66,160,468.4
-400,66,162,468.4
-400,66,164,468.4
-400,66,166,468.4
-400,66,168,468.4
-400,66,170,468.4
-400,66,172,468.4
-400,66,174,468.4
-400,66,176,468.4
-400,66,178,468.4
-400,66,180,468.4
-400,68,0,470.3
-400,68,2,470.3
-400,68,4,470.3
-400,68,6,470.3
-400,68,8,470.3
-400,68,10,470.3
-400,68,12,470.3
-400,68,14,470.3
-400,68,16,470.3
-400,68,18,470.3
-400,68,20,470.3
-400,68,22,470.3
-400,68,24,470.3
-400,68,26,470.3
-400,68,28,470.3
-400,68,30,470.3
-400,68,32,470.3
-400,68,34,470.3
-400,68,36,470.3
-400,68,38,470.3
-400,68,40,470.3
-400,68,42,470.3
-400,68,44,470.3
-400,68,46,470.3
-400,68,48,470.3
-400,68,50,470.3
-400,68,52,470.3
-400,68,54,470.3
-400,68,56,470.3
-400,68,58,470.3
-400,68,60,470.3
-400,68,62,470.3
-400,68,64,470.3
-400,68,66,470.3
-400,68,68,470.3
-400,68,70,470.3
-400,68,72,470.3
-400,68,74,470.3
-400,68,76,470.3
-400,68,78,470.3
-400,68,80,470.3
-400,68,82,470.3
-400,68,84,470.3
-400,68,86,470.3
-400,68,88,470.3
-400,68,90,470.3
-400,68,92,470.3
-400,68,94,470.3
-400,68,96,470.3
-400,68,98,470.3
-400,68,100,470.3
-400,68,102,470.3
-400,68,104,470.3
-400,68,106,470.3
-400,68,108,470.3
-400,68,110,470.3
-400,68,112,470.3
-400,68,114,470.3
-400,68,116,470.3
-400,68,118,470.3
-400,68,120,470.3
-400,68,122,470.3
-400,68,124,470.3
-400,68,126,470.3
-400,68,128,470.3
-400,68,130,470.3
-400,68,132,470.3
-400,68,134,470.3
-400,68,136,470.3
-400,68,138,470.3
-400,68,140,470.3
-400,68,142,470.3
-400,68,144,470.3
-400,68,146,470.3
-400,68,148,470.3
-400,68,150,470.3
-400,68,152,470.3
-400,68,154,470.3
-400,68,156,470.3
-400,68,158,470.3
-400,68,160,470.3
-400,68,162,470.3
-400,68,164,470.3
-400,68,166,470.3
-400,68,168,470.3
-400,68,170,470.3
-400,68,172,470.3
-400,68,174,470.3
-400,68,176,470.3
-400,68,178,470.3
-400,68,180,470.3
-400,70,0,472.2
-400,70,2,472.2
-400,70,4,472.2
-400,70,6,472.2
-400,70,8,472.2
-400,70,10,472.2
-400,70,12,472.2
-400,70,14,472.2
-400,70,16,472.2
-400,70,18,472.2
-400,70,20,472.2
-400,70,22,472.2
-400,70,24,472.2
-400,70,26,472.2
-400,70,28,472.2
-400,70,30,472.2
-400,70,32,472.2
-400,70,34,472.2
-400,70,36,472.2
-400,70,38,472.2
-400,70,40,472.2
-400,70,42,472.2
-400,70,44,472.2
-400,70,46,472.2
-400,70,48,472.2
-400,70,50,472.2
-400,70,52,472.2
-400,70,54,472.2
-400,70,56,472.2
-400,70,58,472.2
-400,70,60,472.2
-400,70,62,472.2
-400,70,64,472.2
-400,70,66,472.2
-400,70,68,472.2
-400,70,70,472.2
-400,70,72,472.2
-400,70,74,472.2
-400,70,76,472.2
-400,70,78,472.2
-400,70,80,472.2
-400,70,82,472.2
-400,70,84,472.2
-400,70,86,472.2
-400,70,88,472.2
-400,70,90,472.2
-400,70,92,472.2
-400,70,94,472.2
-400,70,96,472.2
-400,70,98,472.2
-400,70,100,472.2
-400,70,102,472.2
-400,70,104,472.2
-400,70,106,472.2
-400,70,108,472.2
-400,70,110,472.2
-400,70,112,472.2
-400,70,114,472.2
-400,70,116,472.2
-400,70,118,472.2
-400,70,120,472.2
-400,70,122,472.2
-400,70,124,472.2
-400,70,126,472.2
-400,70,128,472.2
-400,70,130,472.2
-400,70,132,472.2
-400,70,134,472.2
-400,70,136,472.2
-400,70,138,472.2
-400,70,140,472.2
-400,70,142,472.2
-400,70,144,472.2
-400,70,146,472.2
-400,70,148,472.2
-400,70,150,472.2
-400,70,152,472.2
-400,70,154,472.2
-400,70,156,472.2
-400,70,158,472.2
-400,70,160,472.2
-400,70,162,472.2
-400,70,164,472.2
-400,70,166,472.2
-400,70,168,472.2
-400,70,170,472.2
-400,70,172,472.2
-400,70,174,472.2
-400,70,176,472.2
-400,70,178,472.2
-400,70,180,472.2
-400,72,0,474.1
-400,72,2,474.1
-400,72,4,474.1
-400,72,6,474.1
-400,72,8,474.1
-400,72,10,474.1
-400,72,12,474.1
-400,72,14,474.1
-400,72,16,474.1
-400,72,18,474.1
-400,72,20,474.1
-400,72,22,474.1
-400,72,24,474.1
-400,72,26,474.1
-400,72,28,474.1
-400,72,30,474.1
-400,72,32,474.1
-400,72,34,474.1
-400,72,36,474.1
-400,72,38,474.1
-400,72,40,474.1
-400,72,42,474.1
-400,72,44,474.1
-400,72,46,474.1
-400,72,48,474.1
-400,72,50,474.1
-400,72,52,474.1
-400,72,54,474.1
-400,72,56,474.1
-400,72,58,474.1
-400,72,60,474.1
-400,72,62,474.1
-400,72,64,474.1
-400,72,66,474.1
-400,72,68,474.1
-400,72,70,474.1
-400,72,72,474.1
-400,72,74,474.1
-400,72,76,474.1
-400,72,78,474.1
-400,72,80,474.1
-400,72,82,474.1
-400,72,84,474.1
-400,72,86,474.1
-400,72,88,474.1
-400,72,90,474.1
-400,72,92,474.1
-400,72,94,474.1
-400,72,96,474.1
-400,72,98,474.1
-400,72,100,474.1
-400,72,102,474.1
-400,72,104,474.1
-400,72,106,474.1
-400,72,108,474.1
-400,72,110,474.1
-400,72,112,474.1
-400,72,114,474.1
-400,72,116,474.1
-400,72,118,474.1
-400,72,120,474.1
-400,72,122,474.1
-400,72,124,474.1
-400,72,126,474.1
-400,72,128,474.1
-400,72,130,474.1
-400,72,132,474.1
-400,72,134,474.1
-400,72,136,474.1
-400,72,138,474.1
-400,72,140,474.1
-400,72,142,474.1
-400,72,144,474.1
-400,72,146,474.1
-400,72,148,474.1
-400,72,150,474.1
-400,72,152,474.1
-400,72,154,474.1
-400,72,156,474.1
-400,72,158,474.1
-400,72,160,474.1
-400,72,162,474.1
-400,72,164,474.1
-400,72,166,474.1
-400,72,168,474.1
-400,72,170,474.1
-400,72,172,474.1
-400,72,174,474.1
-400,72,176,474.1
-400,72,178,474.1
-400,72,180,474.1
-400,74,0,476.0
-400,74,2,476.0
-400,74,4,476.0
-400,74,6,476.0
-400,74,8,476.0
-400,74,10,476.0
-400,74,12,476.0
-400,74,14,476.0
-400,74,16,476.0
-400,74,18,476.0
-400,74,20,476.0
-400,74,22,476.0
-400,74,24,476.0
-400,74,26,476.0
-400,74,28,476.0
-400,74,30,476.0
-400,74,32,476.0
-400,74,34,476.0
-400,74,36,476.0
-400,74,38,476.0
-400,74,40,476.0
-400,74,42,476.0
-400,74,44,476.0
-400,74,46,476.0
-400,74,48,476.0
-400,74,50,476.0
-400,74,52,476.0
-400,74,54,476.0
-400,74,56,476.0
-400,74,58,476.0
-400,74,60,476.0
-400,74,62,476.0
-400,74,64,476.0
-400,74,66,476.0
-400,74,68,476.0
-400,74,70,476.0
-400,74,72,476.0
-400,74,74,476.0
-400,74,76,476.0
-400,74,78,476.0
-400,74,80,476.0
-400,74,82,476.0
-400,74,84,476.0
-400,74,86,476.0
-400,74,88,476.0
-400,74,90,476.0
-400,74,92,476.0
-400,74,94,476.0
-400,74,96,476.0
-400,74,98,476.0
-400,74,100,476.0
-400,74,102,476.0
-400,74,104,476.0
-400,74,106,476.0
-400,74,108,476.0
-400,74,110,476.0
-400,74,112,476.0
-400,74,114,476.0
-400,74,116,476.0
-400,74,118,476.0
-400,74,120,476.0
-400,74,122,476.0
-400,74,124,476.0
-400,74,126,476.0
-400,74,128,476.0
-400,74,130,476.0
-400,74,132,476.0
-400,74,134,476.0
-400,74,136,476.0
-400,74,138,476.0
-400,74,140,476.0
-400,74,142,476.0
-400,74,144,476.0
-400,74,146,476.0
-400,74,148,476.0
-400,74,150,476.0
-400,74,152,476.0
-400,74,154,476.0
-400,74,156,476.0
-400,74,158,476.0
-400,74,160,476.0
-400,74,162,476.0
-400,74,164,476.0
-400,74,166,476.0
-400,74,168,476.0
-400,74,170,476.0
-400,74,172,476.0
-400,74,174,476.0
-400,74,176,476.0
-400,74,178,476.0
-400,74,180,476.0
-400,76,0,477.9
-400,76,2,477.9
-400,76,4,477.9
-400,76,6,477.9
-400,76,8,477.9
-400,76,10,477.9
-400,76,12,477.9
-400,76,14,477.9
-400,76,16,477.9
-400,76,18,477.9
-400,76,20,477.9
-400,76,22,477.9
-400,76,24,477.9
-400,76,26,477.9
-400,76,28,477.9
-400,76,30,477.9
-400,76,32,477.9
-400,76,34,477.9
-400,76,36,477.9
-400,76,38,477.9
-400,76,40,477.9
-400,76,42,477.9
-400,76,44,477.9
-400,76,46,477.9
-400,76,48,477.9
-400,76,50,477.9
-400,76,52,477.9
-400,76,54,477.9
-400,76,56,477.9
-400,76,58,477.9
-400,76,60,477.9
-400,76,62,477.9
-400,76,64,477.9
-400,76,66,477.9
-400,76,68,477.9
-400,76,70,477.9
-400,76,72,477.9
-400,76,74,477.9
-400,76,76,477.9
-400,76,78,477.9
-400,76,80,477.9
-400,76,82,477.9
-400,76,84,477.9
-400,76,86,477.9
-400,76,88,477.9
-400,76,90,477.9
-400,76,92,477.9
-400,76,94,477.9
-400,76,96,477.9
-400,76,98,477.9
-400,76,100,477.9
-400,76,102,477.9
-400,76,104,477.9
-400,76,106,477.9
-400,76,108,477.9
-400,76,110,477.9
-400,76,112,477.9
-400,76,114,477.9
-400,76,116,477.9
-400,76,118,477.9
-400,76,120,477.9
-400,76,122,477.9
-400,76,124,477.9
-400,76,126,477.9
-400,76,128,477.9
-400,76,130,477.9
-400,76,132,477.9
-400,76,134,477.9
-400,76,136,477.9
-400,76,138,477.9
-400,76,140,477.9
-400,76,142,477.9
-400,76,144,477.9
-400,76,146,477.9
-400,76,148,477.9
-400,76,150,477.9
-400,76,152,477.9
-400,76,154,477.9
-400,76,156,477.9
-400,76,158,477.9
-400,76,160,477.9
-400,76,162,477.9
-400,76,164,477.9
-400,76,166,477.9
-400,76,168,477.9
-400,76,170,477.9
-400,76,172,477.9
-400,76,174,477.9
-400,76,176,477.9
-400,76,178,477.9
-400,76,180,477.9
-400,78,0,479.8
-400,78,2,479.8
-400,78,4,479.8
-400,78,6,479.8
-400,78,8,479.8
-400,78,10,479.8
-400,78,12,479.8
-400,78,14,479.8
-400,78,16,479.8
-400,78,18,479.8
-400,78,20,479.8
-400,78,22,479.8
-400,78,24,479.8
-400,78,26,479.8
-400,78,28,479.8
-400,78,30,479.8
-400,78,32,479.8
-400,78,34,479.8
-400,78,36,479.8
-400,78,38,479.8
-400,78,40,479.8
-400,78,42,479.8
-400,78,44,479.8
-400,78,46,479.8
-400,78,48,479.8
-400,78,50,479.8
-400,78,52,479.8
-400,78,54,479.8
-400,78,56,479.8
-400,78,58,479.8
-400,78,60,479.8
-400,78,62,479.8
-400,78,64,479.8
-400,78,66,479.8
-400,78,68,479.8
-400,78,70,479.8
-400,78,72,479.8
-400,78,74,479.8
-400,78,76,479.8
-400,78,78,479.8
-400,78,80,479.8
-400,78,82,479.8
-400,78,84,479.8
-400,78,86,479.8
-400,78,88,479.8
-400,78,90,479.8
-400,78,92,479.8
-400,78,94,479.8
-400,78,96,479.8
-400,78,98,479.8
-400,78,100,479.8
-400,78,102,479.8
-400,78,104,479.8
-400,78,106,479.8
-400,78,108,479.8
-400,78,110,479.8
-400,78,112,479.8
-400,78,114,479.8
-400,78,116,479.8
-400,78,118,479.8
-400,78,120,479.8
-400,78,122,479.8
-400,78,124,479.8
-400,78,126,479.8
-400,78,128,479.8
-400,78,130,479.8
-400,78,132,479.8
-400,78,134,479.8
-400,78,136,479.8
-400,78,138,479.8
-400,78,140,479.8
-400,78,142,479.8
-400,78,144,479.8
-400,78,146,479.8
-400,78,148,479.8
-400,78,150,479.8
-400,78,152,479.8
-400,78,154,479.8
-400,78,156,479.8
-400,78,158,479.8
-400,78,160,479.8
-400,78,162,479.8
-400,78,164,479.8
-400,78,166,479.8
-400,78,168,479.8
-400,78,170,479.8
-400,78,172,479.8
-400,78,174,479.8
-400,78,176,479.8
-400,78,178,479.8
-400,78,180,479.8
-400,80,0,-1.0
-400,80,2,-1.0
-400,80,4,-1.0
-400,80,6,-1.0
-400,80,8,-1.0
-400,80,10,-1.0
-400,80,12,-1.0
-400,80,14,-1.0
-400,80,16,-1.0
-400,80,18,-1.0
-400,80,20,-1.0
-400,80,22,-1.0
-400,80,24,-1.0
-400,80,26,-1.0
-400,80,28,-1.0
-400,80,30,-1.0
-400,80,32,-1.0
-400,80,34,-1.0
-400,80,36,-1.0
-400,80,38,-1.0
-400,80,40,-1.0
-400,80,42,-1.0
-400,80,44,-1.0
-400,80,46,-1.0
-400,80,48,-1.0
-400,80,50,-1.0
-400,80,52,-1.0
-400,80,54,-1.0
-400,80,56,-1.0
-400,80,58,-1.0
-400,80,60,-1.0
-400,80,62,-1.0
-400,80,64,-1.0
-400,80,66,-1.0
-400,80,68,-1.0
-400,80,70,-1.0
-400,80,72,-1.0
-400,80,74,-1.0
-400,80,76,-1.0
-400,80,78,-1.0
-400,80,80,-1.0
-400,80,82,-1.0
-400,80,84,-1.0
-400,80,86,-1.0
-400,80,88,-1.0
-400,80,90,-1.0
-400,80,92,-1.0
-400,80,94,-1.0
-400,80,96,-1.0
-400,80,98,-1.0
-400,80,100,-1.0
-400,80,102,-1.0
-400,80,104,-1.0
-400,80,106,-1.0
-400,80,108,-1.0
-400,80,110,-1.0
-400,80,112,-1.0
-400,80,114,-1.0
-400,80,116,-1.0
-400,80,118,-1.0
-400,80,120,-1.0
-400,80,122,-1.0
-400,80,124,-1.0
-400,80,126,-1.0
-400,80,128,-1.0
-400,80,130,-1.0
-400,80,132,-1.0
-400,80,134,-1.0
-400,80,136,-1.0
-400,80,138,-1.0
-400,80,140,-1.0
-400,80,142,-1.0
-400,80,144,-1.0
-400,80,146,-1.0
-400,80,148,-1.0
-400,80,150,-1.0
-400,80,152,-1.0
-400,80,154,-1.0
-400,80,156,-1.0
-400,80,158,-1.0
-400,80,160,-1.0
-400,80,162,-1.0
-400,80,164,-1.0
-400,80,166,-1.0
-400,80,168,-1.0
-400,80,170,-1.0
-400,80,172,-1.0
-400,80,174,-1.0
-400,80,176,-1.0
-400,80,178,-1.0
-400,80,180,-1.0
-400,82,0,-1.0
-400,82,2,-1.0
-400,82,4,-1.0
-400,82,6,-1.0
-400,82,8,-1.0
-400,82,10,-1.0
-400,82,12,-1.0
-400,82,14,-1.0
-400,82,16,-1.0
-400,82,18,-1.0
-400,82,20,-1.0
-400,82,22,-1.0
-400,82,24,-1.0
-400,82,26,-1.0
-400,82,28,-1.0
-400,82,30,-1.0
-400,82,32,-1.0
-400,82,34,-1.0
-400,82,36,-1.0
-400,82,38,-1.0
-400,82,40,-1.0
-400,82,42,-1.0
-400,82,44,-1.0
-400,82,46,-1.0
-400,82,48,-1.0
-400,82,50,-1.0
-400,82,52,-1.0
-400,82,54,-1.0
-400,82,56,-1.0
-400,82,58,-1.0
-400,82,60,-1.0
-400,82,62,-1.0
-400,82,64,-1.0
-400,82,66,-1.0
-400,82,68,-1.0
-400,82,70,-1.0
-400,82,72,-1.0
-400,82,74,-1.0
-400,82,76,-1.0
-400,82,78,-1.0
-400,82,80,-1.0
-400,82,82,-1.0
-400,82,84,-1.0
-400,82,86,-1.0
-400,82,88,-1.0
-400,82,90,-1.0
-400,82,92,-1.0
-400,82,94,-1.0
-400,82,96,-1.0
-400,82,98,-1.0
-400,82,100,-1.0
-400,82,102,-1.0
-400,82,104,-1.0
-400,82,106,-1.0
-400,82,108,-1.0
-400,82,110,-1.0
-400,82,112,-1.0
-400,82,114,-1.0
-400,82,116,-1.0
-400,82,118,-1.0
-400,82,120,-1.0
-400,82,122,-1.0
-400,82,124,-1.0
-400,82,126,-1.0
-400,82,128,-1.0
-400,82,130,-1.0
-400,82,132,-1.0
-400,82,134,-1.0
-400,82,136,-1.0
-400,82,138,-1.0
-400,82,140,-1.0
-400,82,142,-1.0
-400,82,144,-1.0
-400,82,146,-1.0
-400,82,148,-1.0
-400,82,150,-1.0
-400,82,152,-1.0
-400,82,154,-1.0
-400,82,156,-1.0
-400,82,158,-1.0
-400,82,160,-1.0
-400,82,162,-1.0
-400,82,164,-1.0
-400,82,166,-1.0
-400,82,168,-1.0
-400,82,170,-1.0
-400,82,172,-1.0
-400,82,174,-1.0
-400,82,176,-1.0
-400,82,178,-1.0
-400,82,180,-1.0
-400,84,0,-1.0
-400,84,2,-1.0
-400,84,4,-1.0
-400,84,6,-1.0
-400,84,8,-1.0
-400,84,10,-1.0
-400,84,12,-1.0
-400,84,14,-1.0
-400,84,16,-1.0
-400,84,18,-1.0
-400,84,20,-1.0
-400,84,22,-1.0
-400,84,24,-1.0
-400,84,26,-1.0
-400,84,28,-1.0
-400,84,30,-1.0
-400,84,32,-1.0
-400,84,34,-1.0
-400,84,36,-1.0
-400,84,38,-1.0
-400,84,40,-1.0
-400,84,42,-1.0
-400,84,44,-1.0
-400,84,46,-1.0
-400,84,48,-1.0
-400,84,50,-1.0
-400,84,52,-1.0
-400,84,54,-1.0
-400,84,56,-1.0
-400,84,58,-1.0
-400,84,60,-1.0
-400,84,62,-1.0
-400,84,64,-1.0
-400,84,66,-1.0
-400,84,68,-1.0
-400,84,70,-1.0
-400,84,72,-1.0
-400,84,74,-1.0
-400,84,76,-1.0
-400,84,78,-1.0
-400,84,80,-1.0
-400,84,82,-1.0
-400,84,84,-1.0
-400,84,86,-1.0
-400,84,88,-1.0
-400,84,90,-1.0
-400,84,92,-1.0
-400,84,94,-1.0
-400,84,96,-1.0
-400,84,98,-1.0
-400,84,100,-1.0
-400,84,102,-1.0
-400,84,104,-1.0
-400,84,106,-1.0
-400,84,108,-1.0
-400,84,110,-1.0
-400,84,112,-1.0
-400,84,114,-1.0
-400,84,116,-1.0
-400,84,118,-1.0
-400,84,120,-1.0
-400,84,122,-1.0
-400,84,124,-1.0
-400,84,126,-1.0
-400,84,128,-1.0
-400,84,130,-1.0
-400,84,132,-1.0
-400,84,134,-1.0
-400,84,136,-1.0
-400,84,138,-1.0
-400,84,140,-1.0
-400,84,142,-1.0
-400,84,144,-1.0
-400,84,146,-1.0
-400,84,148,-1.0
-400,84,150,-1.0
-400,84,152,-1.0
-400,84,154,-1.0
-400,84,156,-1.0
-400,84,158,-1.0
-400,84,160,-1.0
-400,84,162,-1.0
-400,84,164,-1.0
-400,84,166,-1.0
-400,84,168,-1.0
-400,84,170,-1.0
-400,84,172,-1.0
-400,84,174,-1.0
-400,84,176,-1.0
-400,84,178,-1.0
-400,84,180,-1.0
-400,86,0,-1.0
-400,86,2,-1.0
-400,86,4,-1.0
-400,86,6,-1.0
-400,86,8,-1.0
-400,86,10,-1.0
-400,86,12,-1.0
-400,86,14,-1.0
-400,86,16,-1.0
-400,86,18,-1.0
-400,86,20,-1.0
-400,86,22,-1.0
-400,86,24,-1.0
-400,86,26,-1.0
-400,86,28,-1.0
-400,86,30,-1.0
-400,86,32,-1.0
-400,86,34,-1.0
-400,86,36,-1.0
-400,86,38,-1.0
-400,86,40,-1.0
-400,86,42,-1.0
-400,86,44,-1.0
-400,86,46,-1.0
-400,86,48,-1.0
-400,86,50,-1.0
-400,86,52,-1.0
-400,86,54,-1.0
-400,86,56,-1.0
-400,86,58,-1.0
-400,86,60,-1.0
-400,86,62,-1.0
-400,86,64,-1.0
-400,86,66,-1.0
-400,86,68,-1.0
-400,86,70,-1.0
-400,86,72,-1.0
-400,86,74,-1.0
-400,86,76,-1.0
-400,86,78,-1.0
-400,86,80,-1.0
-400,86,82,-1.0
-400,86,84,-1.0
-400,86,86,-1.0
-400,86,88,-1.0
-400,86,90,-1.0
-400,86,92,-1.0
-400,86,94,-1.0
-400,86,96,-1.0
-400,86,98,-1.0
-400,86,100,-1.0
-400,86,102,-1.0
-400,86,104,-1.0
-400,86,106,-1.0
-400,86,108,-1.0
-400,86,110,-1.0
-400,86,112,-1.0
-400,86,114,-1.0
-400,86,116,-1.0
-400,86,118,-1.0
-400,86,120,-1.0
-400,86,122,-1.0
-400,86,124,-1.0
-400,86,126,-1.0
-400,86,128,-1.0
-400,86,130,-1.0
-400,86,132,-1.0
-400,86,134,-1.0
-400,86,136,-1.0
-400,86,138,-1.0
-400,86,140,-1.0
-400,86,142,-1.0
-400,86,144,-1.0
-400,86,146,-1.0
-400,86,148,-1.0
-400,86,150,-1.0
-400,86,152,-1.0
-400,86,154,-1.0
-400,86,156,-1.0
-400,86,158,-1.0
-400,86,160,-1.0
-400,86,162,-1.0
-400,86,164,-1.0
-400,86,166,-1.0
-400,86,168,-1.0
-400,86,170,-1.0
-400,86,172,-1.0
-400,86,174,-1.0
-400,86,176,-1.0
-400,86,178,-1.0
-400,86,180,-1.0
-400,88,0,-1.0
-400,88,2,-1.0
-400,88,4,-1.0
-400,88,6,-1.0
-400,88,8,-1.0
-400,88,10,-1.0
-400,88,12,-1.0
-400,88,14,-1.0
-400,88,16,-1.0
-400,88,18,-1.0
-400,88,20,-1.0
-400,88,22,-1.0
-400,88,24,-1.0
-400,88,26,-1.0
-400,88,28,-1.0
-400,88,30,-1.0
-400,88,32,-1.0
-400,88,34,-1.0
-400,88,36,-1.0
-400,88,38,-1.0
-400,88,40,-1.0
-400,88,42,-1.0
-400,88,44,-1.0
-400,88,46,-1.0
-400,88,48,-1.0
-400,88,50,-1.0
-400,88,52,-1.0
-400,88,54,-1.0
-400,88,56,-1.0
-400,88,58,-1.0
-400,88,60,-1.0
-400,88,62,-1.0
-400,88,64,-1.0
-400,88,66,-1.0
-400,88,68,-1.0
-400,88,70,-1.0
-400,88,72,-1.0
-400,88,74,-1.0
-400,88,76,-1.0
-400,88,78,-1.0
-400,88,80,-1.0
-400,88,82,-1.0
-400,88,84,-1.0
-400,88,86,-1.0
-400,88,88,-1.0
-400,88,90,-1.0
-400,88,92,-1.0
-400,88,94,-1.0
-400,88,96,-1.0
-400,88,98,-1.0
-400,88,100,-1.0
-400,88,102,-1.0
-400,88,104,-1.0
-400,88,106,-1.0
-400,88,108,-1.0
-400,88,110,-1.0
-400,88,112,-1.0
-400,88,114,-1.0
-400,88,116,-1.0
-400,88,118,-1.0
-400,88,120,-1.0
-400,88,122,-1.0
-400,88,124,-1.0
-400,88,126,-1.0
-400,88,128,-1.0
-400,88,130,-1.0
-400,88,132,-1.0
-400,88,134,-1.0
-400,88,136,-1.0
-400,88,138,-1.0
-400,88,140,-1.0
-400,88,142,-1.0
-400,88,144,-1.0
-400,88,146,-1.0
-400,88,148,-1.0
-400,88,150,-1.0
-400,88,152,-1.0
-400,88,154,-1.0
-400,88,156,-1.0
-400,88,158,-1.0
-400,88,160,-1.0
-400,88,162,-1.0
-400,88,164,-1.0
-400,88,166,-1.0
-400,88,168,-1.0
-400,88,170,-1.0
-400,88,172,-1.0
-400,88,174,-1.0
-400,88,176,-1.0
-400,88,178,-1.0
-400,88,180,-1.0
-400,90,0,-1.0
-400,90,2,-1.0
-400,90,4,-1.0
-400,90,6,-1.0
-400,90,8,-1.0
-400,90,10,-1.0
-400,90,12,-1.0
-400,90,14,-1.0
-400,90,16,-1.0
-400,90,18,-1.0
-400,90,20,-1.0
-400,90,22,-1.0
-400,90,24,-1.0
-400,90,26,-1.0
-400,90,28,-1.0
-400,90,30,-1.0
-400,90,32,-1.0
-400,90,34,-1.0
-400,90,36,-1.0
-400,90,38,-1.0
-400,90,40,-1.0
-400,90,42,-1.0
-400,90,44,-1.0
-400,90,46,-1.0
-400,90,48,-1.0
-400,90,50,-1.0
-400,90,52,-1.0
-400,90,54,-1.0
-400,90,56,-1.0
-400,90,58,-1.0
-400,90,60,-1.0
-400,90,62,-1.0
-400,90,64,-1.0
-400,90,66,-1.0
-400,90,68,-1.0
-400,90,70,-1.0
-400,90,72,-1.0
-400,90,74,-1.0
-400,90,76,-1.0
-400,90,78,-1.0
-400,90,80,-1.0
-400,90,82,-1.0
-400,90,84,-1.0
-400,90,86,-1.0
-400,90,88,-1.0
-400,90,90,-1.0
-400,90,92,-1.0
-400,90,94,-1.0
-400,90,96,-1.0
-400,90,98,-1.0
-400,90,100,-1.0
-400,90,102,-1.0
-400,90,104,-1.0
-400,90,106,-1.0
-400,90,108,-1.0
-400,90,110,-1.0
-400,90,112,-1.0
-400,90,114,-1.0
-400,90,116,-1.0
-400,90,118,-1.0
-400,90,120,-1.0
-400,90,122,-1.0
-400,90,124,-1.0
-400,90,126,-1.0
-400,90,128,-1.0
-400,90,130,-1.0
-400,90,132,-1.0
-400,90,134,-1.0
-400,90,136,-1.0
-400,90,138,-1.0
-400,90,140,-1.0
-400,90,142,-1.0
-400,90,144,-1.0
-400,90,146,-1.0
-400,90,148,-1.0
-400,90,150,-1.0
-400,90,152,-1.0
-400,90,154,-1.0
-400,90,156,-1.0
-400,90,158,-1.0
-400,90,160,-1.0
-400,90,162,-1.0
-400,90,164,-1.0
-400,90,166,-1.0
-400,90,168,-1.0
-400,90,170,-1.0
-400,90,172,-1.0
-400,90,174,-1.0
-400,90,176,-1.0
-400,90,178,-1.0
-400,90,180,-1.0
600,2,0,601.5
600,2,2,78.2
600,2,4,60.0
600,2,6,-1.0
600,2,8,71.1
600,2,10,-1.0
600,2,12,100.7
600,2,14,-1.0
600,2,16,-1.0
600,2,18,531.4
600,2,20,255.8
600,2,22,74.7
600,2,24,212.1
600,2,26,-1.0
600,2,28,-1.0
600,2,30,536.7
600,2,32,567.4
600,2,34,-1.0
600,2,36,48.2
600,2,38,20.9
600,2,40,49.5
600,2,42,74.1
600,2,44,481.9
600,2,46,138.0
600,2,48,-1.0
600,2,50,50.7
600,2,52,476.1
600,2,54,261.3
600,2,56,212.7
600,2,58,361.2
600,2,60,425.2
600,2,62,222.6
600,2,64,123.3
600,2,66,262.8
600,2,68,-1.0
600,2,70,51.0
600,2,72,-1.0
600,2,74,-1.0
600,2,76,34.4
600,2,78,39.1
600,2,80,95.2
600,2,82,260.4
600,2,84,-1.0
600,2,86,220.1
600,2,88,169.3
600,2,90,344.8
600,2,92,-1.0
600,2,94,-1.0
600,2,96,31.6
600,2,98,-1.0
600,2,100,-1.0
600,2,102,55.7
600,2,104,44.9
600,2,106,-1.0
600,2,108,-1.0
600,2,110,-1.0
600,2,112,-1.0
600,2,114,-1.0
600,2,116,-1.0
600,2,118,-1.0
600,2,120,-1.0
600,2,122,-1.0
600,2,124,-1.0
600,2,126,-1.0
600,2,128,31.1
600,2,130,92.2
600,2,132,169.9
600,2,134,31.8
600,2,136,-1.0
600,2,138,-1.0
600,2,140,141.6
600,2,142,79.2
600,2,144,-1.0
600,2,146,34.4
600,2,148,118.3
600,2,150,-1.0
600,2,152,56.2
600,2,154,36.1
600,2,156,-1.0
600,2,158,39.8
600,2,160,-1.0
600,2,162,33.0
600,2,164,-1.0
600,2,166,-1.0
600,2,168,-1.0
600,2,170,-1.0
600,2,172,-1.0
600,2,174,-1.0
600,2,176,-1.0
600,2,178,-1.0
600,2,180,-1.0
600,4,0,603.0
600,4,2,507.6
600,4,4,526.7
600,4,6,568.1
600,4,8,476.1
600,4,10,514.3
600,4,12,575.3
600,4,14,556.1
600,4,16,514.3
600,4,18,536.7
600,4,20,596.2
600,4,22,426.5
600,4,24,524.0
600,4,26,588.8
600,4,28,381.2
600,4,30,538.3
600,4,32,569.0
600,4,34,490.9
600,4,36,538.2
600,4,38,569.0
600,4,40,385.7
600,4,42,532.8
600,4,44,548.3
600,4,46,476.0
600,4,48,533.0
600,4,50,542.9
600,4,52,478.0
600,4,54,513.6
600,4,56,543.0
600,4,58,460.7
600,4,60,508.5
600,4,62,472.6
600,4,64,481.1
600,4,66,508.7
600,4,68,490.9
600,4,70,455.5
600,4,72,475.4
600,4,74,502.6
600,4,76,467.0
600,4,78,440.1
600,4,80,427.8
600,4,82,439.1
600,4,84,485.5
600,4,86,451.1
600,4,88,427.8
600,4,90,412.3
600,4,92,411.4
600,4,94,454.8
600,4,96,369.0
600,4,98,386.8
600,4,100,367.5
600,4,102,438.5
600,4,104,420.2
600,4,106,386.4
600,4,108,370.3
600,4,110,308.1
600,4,112,410.9
600,4,114,393.6
600,4,116,365.9
600,4,118,347.0
600,4,120,289.9
600,4,122,351.7
600,4,124,368.9
600,4,126,342.7
600,4,128,230.3
600,4,130,287.1
600,4,132,329.5
600,4,134,306.2
600,4,136,331.2
600,4,138,276.9
600,4,140,262.6
600,4,142,308.9
600,4,144,296.0
600,4,146,310.4
600,4,148,275.9
600,4,150,205.5
600,4,152,264.5
600,4,154,277.4
600,4,156,265.9
600,4,158,250.8
600,4,160,211.3
600,4,162,247.9
600,4,164,248.7
600,4,166,249.3
600,4,168,250.0
600,4,170,189.7
600,4,172,212.5
600,4,174,200.3
600,4,176,223.5
600,4,178,224.1
600,4,180,211.4
600,6,0,604.5
600,6,2,522.5
600,6,4,528.0
600,6,6,569.6
600,6,8,557.7
600,6,10,533.3
600,6,12,576.8
600,6,14,557.7
600,6,16,533.5
600,6,18,569.8
600,6,20,597.7
600,6,22,533.6
600,6,24,551.5
600,6,26,597.7
600,6,28,509.4
600,6,30,543.6
600,6,32,584.3
600,6,34,528.5
600,6,36,543.8
600,6,38,570.6
600,6,40,528.6
600,6,42,539.7
600,6,44,570.6
600,6,46,540.8
600,6,48,534.7
600,6,50,563.4
600,6,52,525.8
600,6,54,534.4
600,6,56,545.4
600,6,58,570.6
600,6,60,527.8
600,6,62,528.1
600,6,64,551.5
600,6,66,522.7
600,6,68,537.7
600,6,70,551.4
600,6,72,522.7
600,6,74,519.6
600,6,76,531.4
600,6,78,503.8
600,6,80,519.7
600,6,82,492.8
600,6,84,498.9
600,6,86,500.8
600,6,88,526.3
600,6,90,499.0
600,6,92,495.9
600,6,94,467.3
600,6,96,480.9
600,6,98,496.0
600,6,100,470.2
600,6,102,464.6
600,6,104,463.6
600,6,106,490.2
600,6,108,476.3
600,6,110,451.6
600,6,112,435.2
600,6,114,447.8
600,6,116,473.5
600,6,118,448.9
600,6,120,427.6
600,6,122,415.6
600,6,124,419.6
600,6,126,443.6
600,6,128,431.0
600,6,130,413.1
600,6,132,391.8
600,6,134,393.2
600,6,136,415.5
600,6,138,403.9
600,6,140,387.1
600,6,142,376.2
600,6,144,368.3
600,6,146,401.5
600,6,148,361.8
600,6,150,374.0
600,6,152,347.6
600,6,154,345.2
600,6,156,376.1
600,6,158,360.5
600,6,160,350.4
600,6,162,335.9
600,6,164,326.6
600,6,166,352.5
600,6,168,337.9
600,6,170,328.5
600,6,172,314.9
600,6,174,306.1
600,6,176,330.3
600,6,178,316.6
600,6,180,307.9
600,8,0,606.0
600,8,2,559.2
600,8,4,552.3
600,8,6,592.4
600,8,8,559.1
600,8,10,541.3
600,8,12,578.3
600,8,14,559.1
600,8,16,541.5
600,8,18,578.3
600,8,20,605.2
600,8,22,541.7
600,8,24,571.4
600,8,26,599.2
600,8,28,541.8
600,8,30,553.2
600,8,32,584.3
600,8,34,542.0
600,8,36,565.8
600,8,38,572.1
600,8,40,530.3
600,8,42,545.3
600,8,44,572.1
600,8,46,558.6
600,8,48,541.2
600,8,50,572.1
600,8,52,572.2
600,8,54,540.1
600,8,56,565.0
600,8,58,579.4
600,8,60,535.9
600,8,62,559.4
600,8,64,572.2
600,8,66,529.3
600,8,68,559.5
600,8,70,553.0
600,8,72,527.3
600,8,74,539.3
600,8,76,546.2
600,8,78,527.4
600,8,80,534.0
600,8,82,532.9
600,8,84,517.7
600,8,86,534.1
600,8,88,540.7
600,8,90,512.7
600,8,92,514.7
600,8,94,540.9
600,8,96,521.8
600,8,98,509.7
600,8,100,521.3
600,8,102,534.4
600,8,104,509.7
600,8,106,504.1
600,8,108,489.3
600,8,110,491.3
600,8,112,516.2
600,8,114,492.4
600,8,116,486.4
600,8,118,485.4
600,8,120,471.7
600,8,122,498.6
600,8,124,472.8
600,8,126,458.4
600,8,128,468.9
600,8,130,480.8
600,8,132,470.0
600,8,134,454.0
600,8,136,440.2
600,8,138,439.3
600,8,140,464.4
600,8,142,451.3
600,8,144,438.6
600,8,146,420.3
600,8,148,424.4
600,8,150,448.6
600,8,152,425.5
600,8,154,413.5
600,8,156,409.1
600,8,158,419.5
600,8,160,420.4
600,8,162,408.5
600,8,164,397.1
600,8,166,383.4
600,8,168,417.8
600,8,170,406.1
600,8,172,394.7
600,8,174,378.2
600,8,176,367.7
600,8,178,391.4
600,8,180,380.6
600,10,0,607.5
600,10,2,560.9
600,10,4,560.9
600,10,6,593.8
600,10,8,573.1
600,10,10,553.9
600,10,12,579.6
600,10,14,573.1
600,10,16,554.1
600,10,18,579.8
600,10,20,606.7
600,10,22,553.3
600,10,24,579.9
600,10,26,600.7
600,10,28,547.6
600,10,30,572.9
600,10,32,593.3
600,10,34,547.9
600,10,36,567.4
600,10,38,579.1
600,10,40,593.9
600,10,42,567.4
600,10,44,573.7
600,10,46,594.0
600,10,48,553.7
600,10,50,573.7
600,10,52,586.6
600,10,54,553.8
600,10,56,573.7
600,10,58,580.9
600,10,60,554.0
600,10,62,566.6
600,10,64,580.9
600,10,66,554.1
600,10,68,561.1
600,10,70,573.7
600,10,72,529.0
600,10,74,561.1
600,10,76,554.3
600,10,78,529.8
600,10,80,535.7
600,10,82,547.7
600,10,84,541.5
600,10,86,536.4
600,10,88,542.4
600,10,90,554.7
600,10,92,528.8
600,10,94,542.6
600,10,96,554.6
600,10,98,528.9
600,10,100,542.4
600,10,102,549.1
600,10,104,523.8
600,10,106,535.6
600,10,108,549.2
600,10,110,523.9
600,10,112,518.0
600,10,114,529.2
600,10,116,504.9
600,10,118,530.5
600,10,120,511.8
600,10,122,500.4
600,10,124,511.3
600,10,126,524.2
600,10,128,500.1
600,10,130,494.6
600,10,132,492.9
600,10,134,493.9
600,10,136,506.4
600,10,138,492.0
600,10,140,477.8
600,10,142,476.2
600,10,144,488.2
600,10,146,477.3
600,10,148,475.3
600,10,150,460.9
600,10,152,459.9
600,10,154,457.3
600,10,156,472.4
600,10,158,448.1
600,10,160,435.5
600,10,162,444.3
600,10,164,455.6
600,10,166,445.4
600,10,168,432.8
600,10,170,428.4
600,10,172,418.8
600,10,174,440.1
600,10,176,427.7
600,10,178,418.2
600,10,180,413.8
600,12,0,608.9
600,12,2,574.7
600,12,4,562.5
600,12,6,601.3
600,12,8,580.2
600,12,10,567.9
600,12,12,581.0
600,12,14,602.1
600,12,16,555.7
600,12,18,581.5
600,12,20,608.2
600,12,22,556.3
600,12,24,581.4
600,12,26,602.2
600,12,28,554.8
600,12,30,574.5
600,12,32,594.9
600,12,34,561.7
600,12,36,574.5
600,12,38,580.7
600,12,40,601.4
600,12,42,569.0
600,12,44,580.7
600,12,46,595.5
600,12,48,569.0
600,12,50,575.2
600,12,52,595.5
600,12,54,561.9
600,12,56,575.2
600,12,58,588.2
600,12,60,555.6
600,12,62,575.2
600,12,64,582.4
600,12,66,563.4
600,12,68,568.1
600,12,70,582.5
600,12,72,575.5
600,12,74,562.7
600,12,76,575.3
600,12,78,568.4
600,12,80,562.6
600,12,82,569.6
600,12,84,563.2
600,12,86,555.7
600,12,88,556.0
600,12,90,556.3
600,12,92,550.2
600,12,94,549.2
600,12,96,554.6
600,12,98,550.3
600,12,100,543.9
600,12,102,556.1
600,12,104,531.7
600,12,106,543.8
600,12,108,550.9
600,12,110,526.1
600,12,112,537.1
600,12,114,537.3
600,12,116,525.3
600,12,118,532.1
600,12,120,530.7
600,12,122,518.9
600,12,124,519.1
600,12,126,525.9
600,12,128,513.7
600,12,130,512.7
600,12,132,525.6
600,12,134,513.9
600,12,136,508.2
600,12,138,519.2
600,12,140,495.2
600,12,142,507.7
600,12,144,501.6
600,12,146,490.3
600,12,148,489.4
600,12,150,514.2
600,12,152,502.6
600,12,154,485.1
600,12,156,483.5
600,12,158,484.4
600,12,160,496.6
600,12,162,485.5
600,12,164,468.0
600,12,166,467.0
600,12,168,478.9
600,12,170,479.7
600,12,172,469.0
600,12,174,455.8
600,12,176,451.2
600,12,178,462.5
600,12,180,463.6
600,14,0,610.4
600,14,2,575.9
600,14,4,576.2
600,14,6,602.8
600,14,8,581.7
600,14,10,569.5
600,14,12,583.1
600,14,14,609.7
600,14,16,569.5
600,14,18,583.1
600,14,20,609.7
600,14,22,558.0
600,14,24,583.0
600,14,26,603.7
600,14,28,569.5
600,14,30,582.9
600,14,32,596.4
600,14,34,610.4
600,14,36,576.1
600,14,38,582.9
600,14,40,602.9
600,14,42,576.1
600,14,44,582.2
600,14,46,603.0
600,14,48,570.5
600,14,50,582.2
600,14,52,597.1
600,14,54,570.5
600,14,56,576.8
600,14,58,597.1
600,14,60,565.0
600,14,62,576.8
600,14,64,589.8
600,14,66,590.1
600,14,68,576.8
600,14,70,584.1
600,14,72,582.8
600,14,74,569.7
600,14,76,584.1
600,14,78,577.2
600,14,80,564.2
600,14,82,576.9
600,14,84,577.2
600,14,86,564.2
600,14,88,571.2
600,14,90,570.0
600,14,92,557.2
600,14,94,557.5
600,14,96,564.6
600,14,98,552.0
600,14,100,550.7
600,14,102,564.6
600,14,104,551.9
600,14,106,545.4
600,14,108,557.6
600,14,110,545.0
600,14,112,545.4
600,14,114,552.3
600,14,116,539.6
600,14,118,538.6
600,14,120,552.3
600,14,122,539.8
600,14,124,533.3
600,14,126,545.4
600,14,128,521.7
600,14,130,533.5
600,14,132,540.0
600,14,134,534.2
600,14,136,514.1
600,14,138,540.2
600,14,140,515.3
600,14,142,521.6
600,14,144,520.5
600,14,146,514.7
600,14,148,521.7
600,14,150,515.9
600,14,152,504.4
600,14,154,502.9
600,14,156,515.5
600,14,158,509.8
600,14,160,498.5
600,14,162,509.2
600,14,164,497.8
600,14,166,510.3
600,14,168,492.6
600,14,170,481.6
600,14,172,491.9
600,14,174,504.4
600,14,176,493.0
600,14,178,486.4
600,14,180,476.1
600,16,0,611.9
600,16,2,583.3
600,16,4,577.8
600,16,6,611.9
600,16,8,583.1
600,16,10,577.8
600,16,12,590.8
600,16,14,611.1
600,16,16,571.1
600,16,18,584.6
600,16,20,611.1
600,16,22,571.1
600,16,24,584.5
600,16,26,605.2
600,16,28,578.4
600,16,30,584.5
600,16,32,597.9
600,16,34,611.9
600,16,36,577.6
600,16,38,584.3
600,16,40,604.4
600,16,42,577.6
600,16,44,583.8
600,16,46,604.5
600,16,48,577.6
600,16,50,583.8
600,16,52,598.6
600,16,54,605.0
600,16,56,578.4
600,16,58,598.6
600,16,60,597.4
600,16,62,584.0
600,16,64,591.3
600,16,66,591.6
600,16,68,578.4
600,16,70,585.6
600,16,72,591.7
600,16,74,578.4
600,16,76,585.6
600,16,78,584.4
600,16,80,571.2
600,16,82,578.4
600,16,84,578.7
600,16,86,565.8
600,16,88,578.4
600,16,90,578.7
600,16,92,565.8
600,16,94,572.8
600,16,96,571.6
600,16,98,571.9
600,16,100,559.0
600,16,102,566.2
600,16,104,559.4
600,16,106,552.2
600,16,108,566.2
600,16,110,553.4
600,16,112,545.4
600,16,114,559.2
600,16,116,559.4
600,16,118,546.8
600,16,120,553.8
600,16,122,552.5
600,16,124,540.1
600,16,126,553.8
600,16,128,547.3
600,16,130,535.1
600,16,132,547.0
600,16,134,535.8
600,16,136,534.9
600,16,138,541.9
600,16,140,529.4
600,16,142,528.3
600,16,144,541.7
600,16,146,535.4
600,16,148,523.5
600,16,150,535.0
600,16,152,522.2
600,16,154,523.3
600,16,156,517.3
600,16,158,523.7
600,16,160,516.8
600,16,162,529.9
600,16,164,505.5
600,16,166,512.1
600,16,168,510.7
600,16,170,510.8
600,16,172,512.2
600,16,174,506.1
600,16,176,494.8
600,16,178,505.5
600,16,180,505.8
600,18,0,613.4
600,18,2,584.9
600,18,4,580.7
600,18,6,613.4
600,18,8,592.9
600,18,10,579.4
600,18,12,592.3
600,18,14,612.6
600,18,16,572.7
600,18,18,586.2
600,18,20,612.6
600,18,22,585.2
600,18,24,586.1
600,18,26,606.7
600,18,28,580.0
600,18,30,586.0
600,18,32,599.4
600,18,34,613.4
600,18,36,579.2
600,18,38,586.2
600,18,40,605.8
600,18,42,579.2
600,18,44,585.3
600,18,46,606.0
600,18,48,579.2
600,18,50,585.3
600,18,52,600.1
600,18,54,606.5
600,18,56,579.5
600,18,58,600.1
600,18,60,599.0
600,18,62,585.6
600,18,64,592.9
600,18,66,599.2
600,18,68,585.6
600,18,70,587.2
600,18,72,593.3
600,18,74,579.9
600,18,76,587.2
600,18,78,593.4
600,18,80,579.9
600,18,82,580.0
600,18,84,586.0
600,18,86,586.3
600,18,88,580.0
600,18,90,580.3
600,18,92,579.0
600,18,94,574.3
600,18,96,580.4
600,18,98,573.5
600,18,100,574.3
600,18,102,573.2
600,18,104,573.5
600,18,106,567.2
600,18,108,567.7
600,18,110,554.8
600,18,112,553.6
600,18,114,567.7
600,18,116,561.0
600,18,118,561.8
600,18,120,560.7
600,18,122,561.0
600,18,124,561.9
600,18,126,555.4
600,18,128,554.1
600,18,130,541.6
600,18,132,555.2
600,18,134,536.0
600,18,136,536.5
600,18,138,548.5
600,18,140,548.7
600,18,142,536.4
600,18,144,543.0
600,18,146,542.0
600,18,148,529.8
600,18,150,543.2
600,18,152,536.5
600,18,154,525.0
600,18,156,536.5
600,18,158,536.7
600,18,160,524.7
600,18,162,531.6
600,18,164,519.3
600,18,166,518.2
600,18,168,531.3
600,18,170,519.4
600,18,172,513.9
600,18,174,524.8
600,18,176,513.0
600,18,178,513.4
600,18,180,507.6
600,20,0,614.8
600,20,2,587.9
600,20,4,586.3
600,20,6,614.8
600,20,8,600.3
600,20,10,582.3
600,20,12,593.8
600,20,14,614.1
600,20,16,580.9
600,20,18,587.7
600,20,20,614.1
600,20,22,586.7
600,20,24,588.6
600,20,26,608.2
600,20,28,614.8
600,20,30,587.6
600,20,32,600.9
600,20,34,614.8
600,20,36,587.4
600,20,38,587.7
600,20,40,607.2
600,20,42,580.7
600,20,44,587.1
600,20,46,607.5
600,20,48,614.1
600,20,50,586.8
600,20,52,601.6
600,20,54,608.0
600,20,56,586.8
600,20,58,601.6
600,20,60,600.5
600,20,62,587.1
600,20,64,594.4
600,20,66,608.2
600,20,68,587.1
600,20,70,588.7
600,20,72,600.7
600,20,74,601.0
600,20,76,588.7
600,20,78,594.9
600,20,80,593.7
600,20,82,581.5
600,20,84,595.0
600,20,86,587.8
600,20,88,581.5
600,20,90,587.7
600,20,92,587.9
600,20,94,576.0
600,20,96,582.0
600,20,98,580.7
600,20,100,575.9
600,20,102,582.0
600,20,104,575.1
600,20,106,575.9
600,20,108,574.8
600,20,110,575.1
600,20,112,568.8
600,20,114,569.3
600,20,116,567.9
600,20,118,568.9
600,20,120,569.3
600,20,122,562.6
600,20,124,563.5
600,20,126,562.2
600,20,128,562.5
600,20,130,563.5
600,20,132,556.9
600,20,134,555.5
600,20,136,556.5
600,20,138,556.8
600,20,140,550.3
600,20,142,551.1
600,20,144,550.0
600,20,146,550.2
600,20,148,551.2
600,20,150,544.8
600,20,152,543.4
600,20,154,544.4
600,20,156,544.7
600,20,158,538.3
600,20,160,539.0
600,20,162,538.0
600,20,164,525.1
600,20,166,539.2
600,20,168,532.7
600,20,170,531.6
600,20,172,531.7
600,20,174,532.8
600,20,176,514.7
600,20,178,526.6
600,20,180,526.3
600,22,0,616.3
600,22,2,589.5
600,22,4,587.9
600,22,6,616.3
600,22,8,601.7
600,22,10,583.8
600,22,12,608.9
600,22,14,615.5
600,22,16,588.2
600,22,18,589.4
600,22,20,615.5
600,22,22,588.0
600,22,24,590.2
600,22,26,609.7
600,22,28,616.3
600,22,30,590.2
600,22,32,609.7
600,22,34,616.3
600,22,36,588.9
600,22,38,589.2
600,22,40,608.9
600,22,42,581.8
600,22,44,588.6
600,22,46,608.9
600,22,48,615.5
600,22,50,588.6
600,22,52,603.1
600,22,54,609.5
600,22,56,588.3
600,22,58,603.1
600,22,60,609.6
600,22,62,588.6
600,22,64,595.9
600,22,66,609.7
600,22,68,608.6
600,22,70,595.9
600,22,72,602.2
600,22,74,602.6
600,22,76,590.2
600,22,78,602.4
600,22,80,602.7
600,22,82,583.1
600,22,84,596.5
600,22,86,595.3
600,22,88,583.1
600,22,90,596.6
600,22,92,589.5
600,22,94,577.5
600,22,96,589.2
600,22,98,589.6
600,22,100,577.5
600,22,102,583.4
600,22,104,582.3
600,22,106,577.4
600,22,108,583.6
600,22,110,576.6
600,22,112,570.5
600,22,114,576.4
600,22,116,576.7
600,22,118,570.5
600,22,120,570.8
600,22,122,569.5
600,22,124,570.5
600,22,126,570.8
600,22,128,564.1
600,22,130,565.1
600,22,132,563.8
600,22,134,564.0
600,22,136,565.1
600,22,138,558.4
600,22,140,557.1
600,22,142,558.0
600,22,144,558.4
600,22,146,551.6
600,22,148,552.9
600,22,150,551.4
600,22,152,551.7
600,22,154,552.8
600,22,156,546.0
600,22,158,544.9
600,22,160,545.9
600,22,162,546.2
600,22,164,539.5
600,22,166,540.9
600,22,168,539.4
600,22,170,539.7
600,22,172,540.7
600,22,174,534.5
600,22,176,528.8
600,22,178,534.0
600,22,180,534.4
600,24,0,617.7
600,24,2,597.1
600,24,4,589.4
600,24,6,617.7
600,24,8,610.8
600,24,10,585.3
600,24,12,610.4
600,24,14,617.0
600,24,16,589.8
600,24,18,590.9
600,24,20,617.0
600,24,22,603.9
600,24,24,591.7
600,24,26,611.1
600,24,28,617.7
600,24,30,591.7
600,24,32,611.1
600,24,34,617.7
600,24,36,590.5
600,24,38,603.9
600,24,40,610.4
600,24,42,610.8
600,24,44,590.2
600,24,46,610.4
600,24,48,617.0
600,24,50,590.2
600,24,52,604.6
600,24,54,610.9
600,24,56,590.2
600,24,58,604.6
600,24,60,611.1
600,24,62,617.7
600,24,64,597.4
600,24,66,611.1
600,24,68,610.1
600,24,70,597.4
600,24,72,603.8
600,24,74,610.2
600,24,76,591.7
600,24,78,603.9
600,24,80,604.2
600,24,82,591.7
600,24,84,598.0
600,24,86,604.3
600,24,88,584.6
600,24,90,598.1
600,24,92,596.9
600,24,94,597.2
600,24,96,590.8
600,24,98,591.0
600,24,100,589.8
600,24,102,584.9
600,24,104,591.1
600,24,106,583.9
600,24,108,585.1
600,24,110,583.8
600,24,112,584.1
600,24,114,585.1
600,24,116,578.2
600,24,118,576.9
600,24,120,577.9
600,24,122,578.2
600,24,124,572.1
600,24,126,572.4
600,24,128,571.1
600,24,130,572.1
600,24,132,572.4
600,24,134,565.6
600,24,136,566.7
600,24,138,565.3
600,24,140,565.6
600,24,142,566.6
600,24,144,560.0
600,24,146,558.6
600,24,148,559.7
600,24,150,559.9
600,24,152,553.3
600,24,154,554.4
600,24,156,553.0
600,24,158,553.2
600,24,160,554.3
600,24,162,547.8
600,24,164,546.4
600,24,166,547.4
600,24,168,547.7
600,24,170,541.4
600,24,172,542.0
600,24,174,540.9
600,24,176,541.1
600,24,178,542.1
600,24,180,536.1
600,26,0,619.2
600,26,2,598.5
600,26,4,590.9
600,26,6,619.2
600,26,8,618.5
600,26,10,590.7
600,26,12,611.9
600,26,14,618.5
600,26,16,591.3
600,26,18,592.5
600,26,20,618.5
600,26,22,605.3
600,26,24,593.2
600,26,26,612.6
600,26,28,619.2
600,26,30,593.2
600,26,32,612.6
600,26,34,619.2
600,26,36,592.1
600,26,38,605.4
600,26,40,619.2
600,26,42,618.5
600,26,44,599.7
600,26,46,611.9
600,26,48,618.5
600,26,50,591.7
600,26,52,606.1
600,26,54,610.9
600,26,56,591.7
600,26,58,606.1
600,26,60,612.6
600,26,62,619.2
600,26,64,598.9
600,26,66,612.6
600,26,68,611.6
600,26,70,598.9
600,26,72,605.3
600,26,74,611.7
600,26,76,593.3
600,26,78,605.4
600,26,80,611.9
600,26,82,612.2
600,26,84,599.5
600,26,86,605.8
600,26,88,604.7
600,26,90,599.6
600,26,92,606.0
600,26,94,598.7
600,26,96,599.7
600,26,98,598.5
600,26,100,598.8
600,26,102,592.3
600,26,104,592.6
600,26,106,585.6
600,26,108,592.5
600,26,110,592.8
600,26,112,585.7
600,26,114,586.7
600,26,116,585.5
600,26,118,585.7
600,26,120,586.8
600,26,122,579.8
600,26,124,578.5
600,26,126,579.5
600,26,128,579.8
600,26,130,573.7
600,26,132,573.8
600,26,134,572.6
600,26,136,573.7
600,26,138,574.0
600,26,140,567.1
600,26,142,568.2
600,26,144,566.8
600,26,146,567.1
600,26,148,568.2
600,26,150,561.5
600,26,152,560.1
600,26,154,561.1
600,26,156,561.4
600,26,158,554.8
600,26,160,555.9
600,26,162,554.5
600,26,164,554.8
600,26,166,548.7
600,26,168,549.3
600,26,170,547.9
600,26,172,549.0
600,26,174,549.2
600,26,176,550.1
600,26,178,543.8
600,26,180,542.5
600,28,0,620.6
600,28,2,614.1
600,28,4,594.0
600,28,6,620.6
600,28,8,619.9
600,28,10,592.7
600,28,12,613.4
600,28,14,619.9
600,28,16,592.8
600,28,18,607.2
600,28,20,619.9
600,28,22,606.8
600,28,24,594.0
600,28,26,619.9
600,28,28,620.6
600,28,30,594.7
600,28,32,614.1
600,28,34,620.6
600,28,36,613.6
600,28,38,606.8
600,28,40,620.6
600,28,42,619.9
600,28,44,601.2
600,28,46,613.4
600,28,48,619.9
600,28,50,593.2
600,28,52,607.6
600,28,54,619.9
600,28,56,620.6
600,28,58,607.6
600,28,60,614.1
600,28,62,620.6
600,28,64,600.4
600,28,66,614.1
600,28,68,613.0
600,28,70,600.4
600,28,72,606.7
600,28,74,613.3
600,28,76,619.9
600,28,78,606.8
600,28,80,613.4
600,28,82,613.7
600,28,84,601.0
600,28,86,607.3
600,28,88,613.9
600,28,90,601.1
600,28,92,607.6
600,28,94,606.3
600,28,96,601.2
600,28,98,607.6
600,28,100,600.3
600,28,102,593.8
600,28,104,600.1
600,28,106,600.5
600,28,108,594.0
600,28,110,594.3
600,28,112,593.0
600,28,114,594.0
600,28,116,594.4
600,28,118,587.2
600,28,120,588.3
600,28,122,587.0
600,28,124,587.4
600,28,126,588.3
600,28,128,581.4
600,28,130,580.1
600,28,132,581.1
600,28,134,581.4
600,28,136,575.2
600,28,138,575.4
600,28,140,574.2
600,28,142,575.2
600,28,144,575.6
600,28,146,568.7
600,28,148,569.7
600,28,150,568.4
600,28,152,568.7
600,28,154,569.7
600,28,156,563.0
600,28,158,561.7
600,28,160,562.7
600,28,162,563.0
600,28,164,556.2
600,28,166,557.2
600,28,168,556.0
600,28,170,549.5
600,28,172,557.2
600,28,174,550.8
600,28,176,551.8
600,28,178,551.8
600,28,180,550.8
600,30,0,622.1
600,30,2,615.5
600,30,4,601.3
600,30,6,622.1
600,30,8,621.4
600,30,10,594.2
600,30,12,622.1
600,30,14,621.4
600,30,16,600.6
600,30,18,614.8
600,30,20,621.4
600,30,22,622.1
600,30,24,595.5
600,30,26,621.4
600,30,28,622.1
600,30,30,596.3
600,30,32,615.5
600,30,34,622.1
600,30,36,621.4
600,30,38,608.3
600,30,40,622.1
600,30,42,621.4
600,30,44,602.6
600,30,46,614.8
600,30,48,621.4
600,30,50,594.7
600,30,52,614.8
600,30,54,621.4
600,30,56,622.1
600,30,58,609.1
600,30,60,615.5
600,30,62,622.1
600,30,64,601.9
600,30,66,615.5
600,30,68,614.4
600,30,70,601.9
600,30,72,608.3
600,30,74,614.8
600,30,76,621.4
600,30,78,608.3
600,30,80,614.8
600,30,82,615.2
600,30,84,602.5
600,30,86,608.7
600,30,88,615.3
600,30,90,602.6
600,30,92,609.0
600,30,94,615.5
600,30,96,608.1
600,30,98,609.1
600,30,100,608.0
600,30,102,608.3
600,30,104,601.6
600,30,106,602.0
600,30,108,600.7
600,30,110,601.7
600,30,112,602.1
600,30,114,595.5
600,30,116,595.9
600,30,118,594.7
600,30,120,595.0
600,30,122,588.6
600,30,124,588.9
600,30,126,589.8
600,30,128,588.7
600,30,130,588.9
600,30,132,590.0
600,30,134,582.9
600,30,136,581.6
600,30,138,582.6
600,30,140,583.0
600,30,142,576.8
600,30,144,577.1
600,30,146,575.8
600,30,148,576.8
600,30,150,577.1
600,30,152,570.2
600,30,154,571.3
600,30,156,570.0
600,30,158,570.2
600,30,160,571.3
600,30,162,564.5
600,30,164,563.1
600,30,166,564.2
600,30,168,564.5
600,30,170,558.4
600,30,172,558.8
600,30,174,557.6
600,30,176,558.5
600,30,178,558.8
600,30,180,552.4
600,32,0,623.5
600,32,2,617.0
600,32,4,602.8
600,32,6,623.5
600,32,8,622.8
600,32,10,595.7
600,32,12,623.5
600,32,14,622.8
600,32,16,609.6
600,32,18,616.3
600,32,20,622.8
600,32,22,623.5
600,32,24,610.5
600,32,26,622.8
600,32,28,623.5
600,32,30,597.8
600,32,32,617.0
600,32,34,623.5
600,32,36,622.8
600,32,38,609.8
600,32,40,623.5
600,32,42,622.8
600,32,44,609.8
600,32,46,616.3
600,32,48,622.8
600,32,50,604.1
600,32,52,616.3
600,32,54,622.8
600,32,56,623.5
600,32,58,610.5
600,32,60,617.0
600,32,62,623.5
600,32,64,610.5
600,32,66,617.0
600,32,68,616.1
600,32,70,622.8
600,32,72,609.8
600,32,74,616.2
600,32,76,622.8
600,32,78,609.8
600,32,80,616.3
600,32,82,616.6
600,32,84,604.1
600,32,86,610.2
600,32,88,617.0
600,32,90,623.5
600,32,92,610.5
600,32,94,617.0
600,32,96,615.8
600,32,98,610.5
600,32,100,609.5
600,32,102,609.8
600,32,104,603.1
600,32,106,609.7
600,32,108,609.9
600,32,110,603.3
600,32,112,603.6
600,32,114,597.0
600,32,116,603.4
600,32,118,603.7
600,32,120,596.5
600,32,122,597.5
600,32,124,596.3
600,32,126,596.6
600,32,128,597.6
600,32,130,590.4
600,32,132,591.5
600,32,134,590.3
600,32,136,590.6
600,32,138,584.2
600,32,140,584.5
600,32,142,583.3
600,32,144,583.5
600,32,146,584.5
600,32,148,578.3
600,32,150,578.7
600,32,152,577.4
600,32,154,578.3
600,32,156,578.7
600,32,158,571.8
600,32,160,572.9
600,32,162,571.5
600,32,164,571.8
600,32,166,572.9
600,32,168,566.0
600,32,170,564.7
600,32,172,565.8
600,32,174,566.0
600,32,176,560.5
600,32,178,560.5
600,32,180,559.2
600,34,0,625.0
600,34,2,624.3
600,34,4,618.5
600,34,6,625.0
600,34,8,624.3
600,34,10,597.3
600,34,12,625.0
600,34,14,624.3
600,34,16,625.0
600,34,18,617.7
600,34,20,624.3
600,34,22,625.0
600,34,24,612.0
600,34,26,624.3
600,34,28,625.0
600,34,30,617.9
600,34,32,618.5
600,34,34,625.0
600,34,36,624.3
600,34,38,618.5
600,34,40,625.0
600,34,42,624.3
600,34,44,611.3
600,34,46,617.7
600,34,48,624.3
600,34,50,617.2
600,34,52,617.7
600,34,54,624.3
600,34,56,625.0
600,34,58,612.0
600,34,60,618.5
600,34,62,625.0
600,34,64,612.0
600,34,66,618.5
600,34,68,617.7
600,34,70,624.3
600,34,72,611.3
600,34,74,617.7
600,34,76,624.3
600,34,78,611.3
600,34,80,617.7
600,34,82,618.1
600,34,84,625.0
600,34,86,611.7
600,34,88,618.4
600,34,90,625.0
600,34,92,612.0
600,34,94,618.5
600,34,96,617.3
600,34,98,612.0
600,34,100,610.9
600,34,102,617.5
600,34,104,604.6
600,34,106,611.1
600,34,108,611.5
600,34,110,610.3
600,34,112,611.3
600,34,114,603.9
600,34,116,604.9
600,34,118,605.2
600,34,120,604.1
600,34,122,599.0
600,34,124,597.8
600,34,126,598.1
600,34,128,599.1
600,34,130,598.0
600,34,132,598.2
600,34,134,599.3
600,34,136,592.1
600,34,138,585.7
600,34,140,591.8
600,34,142,592.2
600,34,144,585.8
600,34,146,586.1
600,34,148,584.8
600,34,150,585.2
600,34,152,586.2
600,34,154,579.9
600,34,156,580.3
600,34,158,578.9
600,34,160,579.2
600,34,162,580.3
600,34,164,573.4
600,34,166,574.5
600,34,168,573.1
600,34,170,573.4
600,34,172,574.5
600,34,174,567.6
600,34,176,566.3
600,34,178,567.3
600,34,180,567.7
600,36,0,626.4
600,36,2,625.7
600,36,4,619.9
600,36,6,626.4
600,36,8,625.7
600,36,10,612.4
600,36,12,626.4
600,36,14,625.7
600,36,16,626.4
600,36,18,626.4
600,36,20,625.7
600,36,22,626.4
600,36,24,613.5
600,36,26,625.7
600,36,28,626.4
600,36,30,625.7
600,36,32,619.9
600,36,34,626.4
600,36,36,625.7
600,36,38,619.9
600,36,40,626.4
600,36,42,625.7
600,36,44,612.7
600,36,46,619.2
600,36,48,625.7
600,36,50,618.7
600,36,52,619.2
600,36,54,625.7
600,36,56,626.4
600,36,58,613.5
600,36,60,619.9
600,36,62,626.4
600,36,64,625.7
600,36,66,619.9
600,36,68,626.4
600,36,70,625.7
600,36,72,612.7
600,36,74,619.2
600,36,76,625.7
600,36,78,626.4
600,36,80,619.2
600,36,82,619.5
600,36,84,626.4
600,36,86,613.5
600,36,88,619.9
600,36,90,626.4
600,36,92,613.4
600,36,94,619.9
600,36,96,618.8
600,36,98,613.5
600,36,100,612.4
600,36,102,619.0
600,36,104,619.4
600,36,106,612.7
600,36,108,619.2
600,36,110,611.7
600,36,112,612.7
600,36,114,613.1
600,36,116,611.8
600,36,118,606.7
600,36,120,605.5
600,36,122,605.8
600,36,124,599.3
600,36,126,605.7
600,36,128,606.1
600,36,130,607.1
600,36,132,599.8
600,36,134,600.8
600,36,136,599.5
600,36,138,599.8
600,36,140,593.4
600,36,142,593.7
600,36,144,592.5
600,36,146,593.5
600,36,148,593.8
600,36,150,587.3
600,36,152,587.7
600,36,154,586.5
600,36,156,586.7
600,36,158,587.8
600,36,160,580.8
600,36,162,581.8
600,36,164,580.5
600,36,166,580.8
600,36,168,581.9
600,36,170,574.8
600,36,172,576.0
600,36,174,574.6
600,36,176,575.0
600,36,178,576.0
600,36,180,569.3
600,38,0,627.9
600,38,2,627.1
600,38,4,621.4
600,38,6,627.9
600,38,8,627.1
600,38,10,621.4
600,38,12,627.9
600,38,14,627.1
600,38,16,627.9
600,38,18,627.9
600,38,20,627.1
600,38,22,627.9
600,38,24,620.8
600,38,26,627.1
600,38,28,627.9
600,38,30,627.1
600,38,32,621.4
600,38,34,627.9
600,38,36,627.1
600,38,38,621.4
600,38,40,627.9
600,38,42,627.1
600,38,44,627.9
600,38,46,620.6
600,38,48,627.1
600,38,50,627.9
600,38,52,620.6
600,38,54,627.1
600,38,56,627.9
600,38,58,627.1
600,38,60,621.4
600,38,62,627.9
600,38,64,627.1
600,38,66,621.4
600,38,68,627.9
600,38,70,627.1
600,38,72,614.2
600,38,74,620.6
600,38,76,627.1
600,38,78,627.9
600,38,80,620.6
600,38,82,621.2
600,38,84,627.9
600,38,86,614.9
600,38,88,621.3
600,38,90,627.9
600,38,92,614.9
600,38,94,621.4
600,38,96,620.3
600,38,98,627.1
600,38,100,613.9
600,38,102,620.6
600,38,104,620.8
600,38,106,614.2
600,38,108,620.6
600,38,110,621.2
600,38,112,614.2
600,38,114,614.6
600,38,116,613.5
600,38,118,608.1
600,38,120,614.8
600,38,122,607.3
600,38,124,613.9
600,38,126,614.9
600,38,128,607.5
600,38,130,608.6
600,38,132,607.4
600,38,134,607.7
600,38,136,601.0
600,38,138,601.3
600,38,140,600.1
600,38,142,601.1
600,38,144,601.5
600,38,146,595.0
600,38,148,595.3
600,38,150,594.1
600,38,152,595.1
600,38,154,588.0
600,38,156,589.0
600,38,158,589.3
600,38,160,588.0
600,38,162,589.1
600,38,164,589.4
600,38,166,582.3
600,38,168,583.3
600,38,170,582.1
600,38,172,582.4
600,38,174,583.4
600,38,176,577.7
600,38,178,577.6
600,38,180,576.4
600,40,0,629.3
600,40,2,628.6
600,40,4,628.6
600,40,6,629.3
600,40,8,628.6
600,40,10,622.8
600,40,12,629.3
600,40,14,628.6
600,40,16,629.3
600,40,18,629.3
600,40,20,628.6
600,40,22,629.3
600,40,24,622.8
600,40,26,628.6
600,40,28,629.3
600,40,30,628.6
600,40,32,628.6
600,40,34,629.3
600,40,36,628.6
600,40,38,622.8
600,40,40,629.3
600,40,42,628.6
600,40,44,629.3
600,40,46,629.3
600,40,48,628.6
600,40,50,629.3
600,40,52,622.1
600,40,54,628.6
600,40,56,629.3
600,40,58,628.6
600,40,60,622.8
600,40,62,629.3
600,40,64,628.6
600,40,66,622.8
600,40,68,629.3
600,40,70,628.6
600,40,72,615.7
600,40,74,622.1
600,40,76,628.6
600,40,78,629.3
600,40,80,622.1
600,40,82,622.8
600,40,84,629.3
600,40,86,616.4
600,40,88,622.8
600,40,90,629.3
600,40,92,628.6
600,40,94,622.8
600,40,96,621.7
600,40,98,628.6
600,40,100,615.7
600,40,102,622.1
600,40,104,622.3
600,40,106,615.6
600,40,108,622.1
600,40,110,622.6
600,40,112,629.3
600,40,114,616.0
600,40,116,622.8
600,40,118,621.5
600,40,120,616.3
600,40,122,615.1
600,40,124,615.4
600,40,126,616.4
600,40,128,609.0
600,40,130,615.6
600,40,132,608.9
600,40,134,609.1
600,40,136,608.0
600,40,138,609.0
600,40,140,609.3
600,40,142,602.7
600,40,144,603.0
600,40,146,601.8
600,40,148,602.8
600,40,150,603.2
600,40,152,596.7
600,40,154,596.9
600,40,156,595.8
600,40,158,596.8
600,40,160,597.0
600,40,162,590.6
600,40,164,590.9
600,40,166,589.7
600,40,168,590.0
600,40,170,583.7
600,40,172,584.0
600,40,174,585.0
600,40,176,583.7
600,40,178,584.0
600,40,180,585.1
600,42,0,630.7
600,42,2,630.0
600,42,4,630.0
600,42,6,630.7
600,42,8,630.0
600,42,10,630.7
600,42,12,630.7
600,42,14,630.0
600,42,16,630.7
600,42,18,630.7
600,42,20,630.0
600,42,22,630.7
600,42,24,630.0
600,42,26,630.0
600,42,28,630.7
600,42,30,630.0
600,42,32,630.0
600,42,34,630.7
600,42,36,630.0
600,42,38,630.7
600,42,40,630.7
600,42,42,630.0
600,42,44,630.7
600,42,46,630.7
600,42,48,630.0
600,42,50,630.7
600,42,52,630.0
600,42,54,630.0
600,42,56,630.7
600,42,58,630.0
600,42,60,624.3
600,42,62,630.7
600,42,64,630.0
600,42,66,624.3
600,42,68,630.7
600,42,70,630.0
600,42,72,630.7
600,42,74,623.5
600,42,76,630.0
600,42,78,630.7
600,42,80,623.5
600,42,82,624.3
600,42,84,630.7
600,42,86,630.0
600,42,88,624.3
600,42,90,630.7
600,42,92,630.0
600,42,94,624.3
600,42,96,623.3
600,42,98,630.0
600,42,100,617.1
600,42,102,623.5
600,42,104,623.7
600,42,106,630.7
600,42,108,623.5
600,42,110,622.6
600,42,112,630.7
600,42,114,617.5
600,42,116,624.2
600,42,118,623.1
600,42,120,617.8
600,42,122,616.5
600,42,124,616.9
600,42,126,623.6
600,42,128,616.8
600,42,130,617.1
600,42,132,615.9
600,42,134,610.6
600,42,136,617.2
600,42,138,610.5
600,42,140,610.9
600,42,142,609.7
600,42,144,610.7
600,42,146,611.0
600,42,148,604.3
600,42,150,604.7
600,42,152,603.5
600,42,154,604.5
600,42,156,597.2
600,42,158,598.3
600,42,160,598.5
600,42,162,597.3
600,42,164,592.4
600,42,166,598.6
600,42,168,591.5
600,42,170,592.5
600,42,172,591.3
600,42,174,591.6
600,42,176,592.6
600,42,178,585.5
600,42,180,586.7
600,44,0,632.1
600,44,2,631.4
600,44,4,632.1
600,44,6,632.1
600,44,8,631.4
600,44,10,632.1
600,44,12,632.1
600,44,14,631.4
600,44,16,632.1
600,44,18,632.1
600,44,20,631.4
600,44,22,632.1
600,44,24,631.4
600,44,26,631.4
600,44,28,632.1
600,44,30,631.4
600,44,32,632.1
600,44,34,632.1
600,44,36,631.4
600,44,38,632.1
600,44,40,632.1
600,44,42,631.4
600,44,44,632.1
600,44,46,632.1
600,44,48,631.4
600,44,50,632.1
600,44,52,631.4
600,44,54,631.4
600,44,56,632.1
600,44,58,631.4
600,44,60,625.7
600,44,62,632.1
600,44,64,631.4
600,44,66,625.7
600,44,68,632.1
600,44,70,631.4
600,44,72,632.1
600,44,74,625.0
600,44,76,631.4
600,44,78,632.1
600,44,80,625.0
600,44,82,625.7
600,44,84,632.1
600,44,86,631.4
600,44,88,625.7
600,44,90,632.1
600,44,92,631.4
600,44,94,625.7
600,44,96,625.0
600,44,98,631.4
600,44,100,632.1
600,44,102,625.0
600,44,104,625.2
600,44,106,632.1
600,44,108,625.0
600,44,110,625.2
600,44,112,632.1
600,44,114,619.0
600,44,116,625.7
600,44,118,624.6
600,44,120,631.4
600,44,122,618.0
600,44,124,624.8
600,44,126,625.2
600,44,128,618.2
600,44,130,625.0
600,44,132,625.2
600,44,134,618.4
600,44,136,618.8
600,44,138,617.6
600,44,140,618.6
600,44,142,611.2
600,44,144,612.2
600,44,146,612.5
600,44,148,611.3
600,44,150,611.6
600,44,152,612.7
600,44,154,606.0
600,44,156,606.3
600,44,158,605.1
600,44,160,605.4
600,44,162,598.8
600,44,164,599.1
600,44,166,600.2
600,44,168,599.0
600,44,170,599.3
600,44,172,600.2
600,44,174,593.1
600,44,176,594.1
600,44,178,594.4
600,44,180,593.4
600,46,0,633.6
600,46,2,632.9
600,46,4,633.6
600,46,6,633.6
600,46,8,632.9
600,46,10,633.6
600,46,12,633.6
600,46,14,632.9
600,46,16,633.6
600,46,18,633.6
600,46,20,632.9
600,46,22,633.6
600,46,24,633.6
600,46,26,632.9
600,46,28,633.6
600,46,30,632.9
600,46,32,633.6
600,46,34,633.6
600,46,36,632.9
600,46,38,633.6
600,46,40,633.6
600,46,42,632.9
600,46,44,633.6
600,46,46,633.6
600,46,48,632.9
600,46,50,633.6
600,46,52,632.9
600,46,54,632.9
600,46,56,633.6
600,46,58,632.9
600,46,60,633.6
600,46,62,633.6
600,46,64,632.9
600,46,66,633.6
600,46,68,633.6
600,46,70,632.9
600,46,72,633.6
600,46,74,626.4
600,46,76,632.9
600,46,78,633.6
600,46,80,632.9
600,46,82,627.1
600,46,84,633.6
600,46,86,632.9
600,46,88,627.1
600,46,90,633.6
600,46,92,632.9
600,46,94,633.6
600,46,96,626.4
600,46,98,632.9
600,46,100,633.6
600,46,102,626.4
600,46,104,626.9
600,46,106,633.6
600,46,108,626.4
600,46,110,626.7
600,46,112,633.6
600,46,114,632.9
600,46,116,627.1
600,46,118,626.0
600,46,120,632.9
600,46,122,619.4
600,46,124,626.4
600,46,126,626.6
600,46,128,619.7
600,46,130,626.4
600,46,132,626.7
600,46,134,620.0
600,46,136,620.2
600,46,138,626.9
600,46,140,620.0
600,46,142,620.4
600,46,144,613.7
600,46,146,619.6
600,46,148,620.6
600,46,150,613.2
600,46,152,614.2
600,46,154,612.9
600,46,156,613.3
600,46,158,614.3
600,46,160,606.9
600,46,162,607.9
600,46,164,606.7
600,46,166,607.1
600,46,168,600.5
600,46,170,600.8
600,46,172,601.8
600,46,174,600.7
600,46,176,595.6
600,46,178,601.9
600,46,180,594.9
600,48,0,635.0
600,48,2,635.0
600,48,4,635.0
600,48,6,635.0
600,48,8,634.3
600,48,10,635.0
600,48,12,635.0
600,48,14,634.3
600,48,16,635.0
600,48,18,635.0
600,48,20,634.3
600,48,22,635.0
600,48,24,635.0
600,48,26,634.3
600,48,28,635.0
600,48,30,634.3
600,48,32,635.0
600,48,34,635.0
600,48,36,634.3
600,48,38,635.0
600,48,40,635.0
600,48,42,634.3
600,48,44,635.0
600,48,46,635.0
600,48,48,634.3
600,48,50,635.0
600,48,52,634.3
600,48,54,634.3
600,48,56,635.0
600,48,58,634.3
600,48,60,635.0
600,48,62,635.0
600,48,64,634.3
600,48,66,635.0
600,48,68,635.0
600,48,70,634.3
600,48,72,635.0
600,48,74,627.9
600,48,76,634.3
600,48,78,635.0
600,48,80,634.3
600,48,82,634.3
600,48,84,635.0
600,48,86,634.3
600,48,88,635.0
600,48,90,635.0
600,48,92,634.3
600,48,94,635.0
600,48,96,627.9
600,48,98,634.3
600,48,100,635.0
600,48,102,627.9
600,48,104,628.6
600,48,106,635.0
600,48,108,634.3
600,48,110,628.6
600,48,112,635.0
600,48,114,634.3
600,48,116,628.6
600,48,118,627.5
600,48,120,634.3
600,48,122,621.0
600,48,124,627.8
600,48,126,628.1
600,48,128,635.0
600,48,130,627.9
600,48,132,628.1
600,48,134,627.2
600,48,136,621.6
600,48,138,628.6
600,48,140,627.3
600,48,142,621.9
600,48,144,620.8
600,48,146,621.1
600,48,148,622.2
600,48,150,621.0
600,48,152,621.3
600,48,154,614.5
600,48,156,614.8
600,48,158,615.9
600,48,160,614.6
600,48,162,615.0
600,48,164,608.3
600,48,166,608.6
600,48,168,609.7
600,48,170,608.4
600,48,172,608.7
600,48,174,609.7
600,48,176,602.4
600,48,178,603.5
600,48,180,602.3
600,50,0,636.4
600,50,2,636.4
600,50,4,636.4
600,50,6,636.4
600,50,8,635.7
600,50,10,636.4
600,50,12,636.4
600,50,14,635.7
600,50,16,636.4
600,50,18,636.4
600,50,20,635.7
600,50,22,636.4
600,50,24,636.4
600,50,26,636.4
600,50,28,636.4
600,50,30,635.7
600,50,32,636.4
600,50,34,636.4
600,50,36,635.7
600,50,38,636.4
600,50,40,636.4
600,50,42,635.7
600,50,44,636.4
600,50,46,636.4
600,50,48,635.7
600,50,50,636.4
600,50,52,635.7
600,50,54,635.7
600,50,56,636.4
600,50,58,635.7
600,50,60,636.4
600,50,62,636.4
600,50,64,635.7
600,50,66,636.4
600,50,68,636.4
600,50,70,635.7
600,50,72,636.4
600,50,74,635.7
600,50,76,635.7
600,50,78,636.4
600,50,80,635.7
600,50,82,635.7
600,50,84,636.4
600,50,86,635.7
600,50,88,636.4
600,50,90,636.4
600,50,92,635.7
600,50,94,636.4
600,50,96,629.3
600,50,98,635.7
600,50,100,636.4
600,50,102,629.3
600,50,104,630.0
600,50,106,636.4
600,50,108,635.7
600,50,110,630.0
600,50,112,636.4
600,50,114,635.7
600,50,116,630.0
600,50,118,629.1
600,50,120,634.3
600,50,122,636.4
600,50,124,629.3
600,50,126,629.3
600,50,128,636.4
600,50,130,629.3
600,50,132,629.5
600,50,134,628.6
600,50,136,623.1
600,50,138,630.0
600,50,140,628.9
600,50,142,629.2
600,50,144,622.2
600,50,146,629.1
600,50,148,629.3
600,50,150,622.4
600,50,152,622.8
600,50,154,621.6
600,50,156,622.6
600,50,158,623.0
600,50,160,616.2
600,50,162,616.5
600,50,164,615.2
600,50,166,616.4
600,50,168,616.6
600,50,170,610.0
600,50,172,610.2
600,50,174,611.2
600,50,176,610.1
600,50,178,610.4
600,50,180,603.9
600,52,0,637.8
600,52,2,637.8
600,52,4,637.8
600,52,6,637.8
600,52,8,637.1
600,52,10,637.8
600,52,12,637.8
600,52,14,637.1
600,52,16,637.8
600,52,18,637.8
600,52,20,637.8
600,52,22,637.8
600,52,24,637.8
600,52,26,637.8
600,52,28,637.8
600,52,30,637.8
600,52,32,637.8
600,52,34,637.8
600,52,36,637.1
600,52,38,637.8
600,52,40,637.8
600,52,42,637.1
600,52,44,637.8
600,52,46,637.8
600,52,48,637.1
600,52,50,637.8
600,52,52,637.8
600,52,54,637.8
600,52,56,637.8
600,52,58,637.1
600,52,60,637.8
600,52,62,637.8
600,52,64,637.1
600,52,66,637.8
600,52,68,637.8
600,52,70,637.1
600,52,72,637.8
600,52,74,637.1
600,52,76,637.1
600,52,78,637.8
600,52,80,637.1
600,52,82,637.8
600,52,84,637.8
600,52,86,637.1
600,52,88,637.8
600,52,90,637.8
600,52,92,637.1
600,52,94,637.8
600,52,96,630.7
600,52,98,637.1
600,52,100,637.8
600,52,102,630.7
600,52,104,631.4
600,52,106,637.8
600,52,108,637.1
600,52,110,631.4
600,52,112,637.8
600,52,114,637.1
600,52,116,637.8
600,52,118,630.7
600,52,120,635.7
600,52,122,637.8
600,52,124,630.7
600,52,126,630.8
600,52,128,637.8
600,52,130,630.7
600,52,132,631.0
600,52,134,630.0
600,52,136,637.1
600,52,138,631.4
600,52,140,630.3
600,52,142,630.7
600,52,144,623.7
600,52,146,630.5
600,52,148,630.9
600,52,150,622.4
600,52,152,630.7
600,52,154,623.2
600,52,156,624.2
600,52,158,624.5
600,52,160,623.2
600,52,162,624.4
600,52,164,624.6
600,52,166,617.8
600,52,168,618.1
600,52,170,616.9
600,52,172,618.0
600,52,174,618.3
600,52,176,611.5
600,52,178,611.9
600,52,180,610.8
600,54,0,639.2
600,54,2,639.2
600,54,4,639.2
600,54,6,639.2
600,54,8,639.2
600,54,10,639.2
600,54,12,639.2
600,54,14,638.5
600,54,16,639.2
600,54,18,639.2
600,54,20,639.2
600,54,22,639.2
600,54,24,639.2
600,54,26,639.2
600,54,28,639.2
600,54,30,639.2
600,54,32,639.2
600,54,34,639.2
600,54,36,638.5
600,54,38,639.2
600,54,40,639.2
600,54,42,638.5
600,54,44,639.2
600,54,46,639.2
600,54,48,638.5
600,54,50,639.2
600,54,52,639.2
600,54,54,639.2
600,54,56,639.2
600,54,58,638.5
600,54,60,639.2
600,54,62,639.2
600,54,64,638.5
600,54,66,639.2
600,54,68,639.2
600,54,70,638.5
600,54,72,639.2
600,54,74,639.2
600,54,76,638.5
600,54,78,639.2
600,54,80,638.5
600,54,82,639.2
600,54,84,639.2
600,54,86,638.5
600,54,88,639.2
600,54,90,639.2
600,54,92,638.5
600,54,94,639.2
600,54,96,638.5
600,54,98,638.5
600,54,100,639.2
600,54,102,638.5
600,54,104,638.5
600,54,106,639.2
600,54,108,638.5
600,54,110,632.9
600,54,112,639.2
600,54,114,638.5
600,54,116,639.2
600,54,118,632.1
600,54,120,638.5
600,54,122,639.2
600,54,124,632.1
600,54,126,632.6
600,54,128,639.2
600,54,130,638.5
600,54,132,632.5
600,54,134,631.5
600,54,136,638.5
600,54,138,632.8
600,54,140,631.8
600,54,142,632.1
600,54,144,625.1
600,54,146,632.1
600,54,148,632.3
600,54,150,639.2
600,54,152,632.1
600,54,154,632.6
600,54,156,631.4
600,54,158,625.9
600,54,160,632.9
600,54,162,625.8
600,54,164,626.2
600,54,166,625.0
600,54,168,625.3
600,54,170,626.4
600,54,172,619.5
600,54,174,619.8
600,54,176,618.6
600,54,178,619.0
600,54,180,620.2
600,56,0,640.6
600,56,2,640.6
600,56,4,640.6
600,56,6,640.6
600,56,8,640.6
600,56,10,640.6
600,56,12,640.6
600,56,14,640.6
600,56,16,640.6
600,56,18,640.6
600,56,20,640.6
600,56,22,640.6
600,56,24,640.6
600,56,26,640.6
600,56,28,640.6
600,56,30,640.6
600,56,32,640.6
600,56,34,640.6
600,56,36,639.9
600,56,38,640.6
600,56,40,640.6
600,56,42,639.9
600,56,44,640.6
600,56,46,640.6
600,56,48,639.9
600,56,50,640.6
600,56,52,640.6
600,56,54,640.6
600,56,56,640.6
600,56,58,639.9
600,56,60,640.6
600,56,62,640.6
600,56,64,639.9
600,56,66,640.6
600,56,68,640.6
600,56,70,639.9
600,56,72,640.6
600,56,74,640.6
600,56,76,640.6
600,56,78,640.6
600,56,80,639.9
600,56,82,640.6
600,56,84,640.6
600,56,86,639.9
600,56,88,640.6
600,56,90,640.6
600,56,92,639.9
600,56,94,640.6
600,56,96,639.9
600,56,98,639.9
600,56,100,640.6
600,56,102,639.9
600,56,104,640.6
600,56,106,640.6
600,56,108,639.9
600,56,110,640.6
600,56,112,640.6
600,56,114,639.9
600,56,116,640.6
600,56,118,633.6
600,56,120,639.9
600,56,122,640.6
600,56,124,639.9
600,56,126,634.3
600,56,128,640.6
600,56,130,639.9
600,56,132,634.3
600,56,134,632.9
600,56,136,639.9
600,56,138,640.6
600,56,140,633.2
600,56,142,633.5
600,56,144,632.7
600,56,146,633.5
600,56,148,633.8
600,56,150,640.6
600,56,152,633.6
600,56,154,634.2
600,56,156,632.8
600,56,158,627.4
600,56,160,634.3
600,56,162,633.1
600,56,164,633.4
600,56,166,626.6
600,56,168,626.9
600,56,170,628.0
600,56,172,621.0
600,56,174,627.1
600,56,176,620.8
600,56,178,620.5
600,56,180,621.7
600,58,0,642.0
600,58,2,642.0
600,58,4,642.0
600,58,6,642.0
600,58,8,642.0
600,58,10,642.0
600,58,12,642.0
600,58,14,642.0
600,58,16,642.0
600,58,18,642.0
600,58,20,642.0
600,58,22,642.0
600,58,24,642.0
600,58,26,642.0
600,58,28,642.0
600,58,30,642.0
600,58,32,642.0
600,58,34,642.0
600,58,36,641.3
600,58,38,642.0
600,58,40,642.0
600,58,42,642.0
600,58,44,642.0
600,58,46,642.0
600,58,48,642.0
600,58,50,642.0
600,58,52,642.0
600,58,54,642.0
600,58,56,642.0
600,58,58,641.3
600,58,60,642.0
600,58,62,642.0
600,58,64,641.3
600,58,66,642.0
600,58,68,642.0
600,58,70,642.0
600,58,72,642.0
600,58,74,642.0
600,58,76,642.0
600,58,78,642.0
600,58,80,641.3
600,58,82,642.0
600,58,84,642.0
600,58,86,641.3
600,58,88,642.0
600,58,90,642.0
600,58,92,641.3
600,58,94,642.0
600,58,96,642.0
600,58,98,642.0
600,58,100,642.0
600,58,102,641.3
600,58,104,642.0
600,58,106,642.0
600,58,108,641.3
600,58,110,642.0
600,58,112,642.0
600,58,114,641.3
600,58,116,642.0
600,58,118,635.0
600,58,120,641.3
600,58,122,642.0
600,58,124,641.3
600,58,126,635.7
600,58,128,642.0
600,58,130,641.3
600,58,132,642.0
600,58,134,635.0
600,58,136,641.3
600,58,138,642.0
600,58,140,635.0
600,58,142,633.5
600,58,144,634.1
600,58,146,634.9
600,58,148,635.2
600,58,150,642.0
600,58,152,635.0
600,58,154,635.7
600,58,156,634.2
600,58,158,641.3
600,58,160,634.3
600,58,162,634.5
600,58,164,635.0
600,58,166,628.0
600,58,168,634.8
600,58,170,635.1
600,58,172,622.4
600,58,174,628.6
600,58,176,627.4
600,58,178,628.4
600,58,180,628.7
600,60,0,643.4
600,60,2,643.4
600,60,4,643.4
600,60,6,643.4
600,60,8,643.4
600,60,10,643.4
600,60,12,643.4
600,60,14,643.4
600,60,16,643.4
600,60,18,643.4
600,60,20,643.4
600,60,22,643.4
600,60,24,643.4
600,60,26,643.4
600,60,28,643.4
600,60,30,643.4
600,60,32,643.4
600,60,34,643.4
600,60,36,643.4
600,60,38,643.4
600,60,40,643.4
600,60,42,643.4
600,60,44,643.4
600,60,46,643.4
600,60,48,643.4
600,60,50,643.4
600,60,52,643.4
600,60,54,643.4
600,60,56,643.4
600,60,58,642.7
600,60,60,643.4
600,60,62,643.4
600,60,64,643.4
600,60,66,643.4
600,60,68,643.4
600,60,70,643.4
600,60,72,643.4
600,60,74,643.4
600,60,76,643.4
600,60,78,643.4
600,60,80,642.7
600,60,82,643.4
600,60,84,643.4
600,60,86,642.7
600,60,88,643.4
600,60,90,643.4
600,60,92,642.7
600,60,94,643.4
600,60,96,643.4
600,60,98,643.4
600,60,100,643.4
600,60,102,642.7
600,60,104,643.4
600,60,106,643.4
600,60,108,642.7
600,60,110,643.4
600,60,112,643.4
600,60,114,642.7
600,60,116,643.4
600,60,118,642.7
600,60,120,642.7
600,60,122,643.4
600,60,124,642.7
600,60,126,637.1
600,60,128,643.4
600,60,130,642.7
600,60,132,643.4
600,60,134,636.4
600,60,136,642.7
600,60,138,643.4
600,60,140,636.4
600,60,142,636.3
600,60,144,635.5
600,60,146,636.4
600,60,148,636.4
600,60,150,643.4
600,60,152,636.4
600,60,154,637.1
600,60,156,635.7
600,60,158,642.7
600,60,160,634.3
600,60,162,636.0
600,60,164,636.4
600,60,166,643.4
600,60,168,636.4
600,60,170,636.7
600,60,172,635.5
600,60,174,630.5
600,60,176,636.9
600,60,178,630.0
600,60,180,630.2
600,62,0,644.8
600,62,2,644.8
600,62,4,644.8
600,62,6,644.8
600,62,8,644.8
600,62,10,644.8
600,62,12,644.8
600,62,14,644.8
600,62,16,644.8
600,62,18,644.8
600,62,20,644.8
600,62,22,644.8
600,62,24,644.8
600,62,26,644.8
600,62,28,644.8
600,62,30,644.8
600,62,32,644.8
600,62,34,644.8
600,62,36,644.8
600,62,38,644.8
600,62,40,644.8
600,62,42,644.8
600,62,44,644.8
600,62,46,644.8
600,62,48,644.8
600,62,50,644.8
600,62,52,644.8
600,62,54,644.8
600,62,56,644.8
600,62,58,644.8
600,62,60,644.8
600,62,62,644.8
600,62,64,644.8
600,62,66,644.8
600,62,68,644.8
600,62,70,644.8
600,62,72,644.8
600,62,74,644.8
600,62,76,644.8
600,62,78,644.8
600,62,80,644.1
600,62,82,644.8
600,62,84,644.8
600,62,86,644.1
600,62,88,644.8
600,62,90,644.8
600,62,92,644.8
600,62,94,644.8
600,62,96,644.8
600,62,98,644.8
600,62,100,644.8
600,62,102,644.1
600,62,104,644.8
600,62,106,644.8
600,62,108,644.1
600,62,110,644.8
600,62,112,644.8
600,62,114,644.1
600,62,116,644.8
600,62,118,644.1
600,62,120,644.1
600,62,122,644.8
600,62,124,644.1
600,62,126,644.8
600,62,128,644.8
600,62,130,644.1
600,62,132,644.8
600,62,134,637.8
600,62,136,644.1
600,62,138,644.8
600,62,140,644.1
600,62,142,638.5
600,62,144,643.4
600,62,146,637.8
600,62,148,638.5
600,62,150,644.8
600,62,152,637.8
600,62,154,638.5
600,62,156,637.1
600,62,158,644.1
600,62,160,635.7
600,62,162,637.4
600,62,164,637.8
600,62,166,644.8
600,62,168,637.8
600,62,170,638.1
600,62,172,637.1
600,62,174,632.1
600,62,176,638.5
600,62,178,637.2
600,62,180,637.6
600,64,0,646.2
600,64,2,646.2
600,64,4,646.2
600,64,6,646.2
600,64,8,646.2
600,64,10,646.2
600,64,12,646.2
600,64,14,646.2
600,64,16,646.2
600,64,18,646.2
600,64,20,646.2
600,64,22,646.2
600,64,24,646.2
600,64,26,646.2
600,64,28,646.2
600,64,30,646.2
600,64,32,646.2
600,64,34,646.2
600,64,36,646.2
600,64,38,646.2
600,64,40,646.2
600,64,42,646.2
600,64,44,646.2
600,64,46,646.2
600,64,48,646.2
600,64,50,646.2
600,64,52,646.2
600,64,54,646.2
600,64,56,646.2
600,64,58,646.2
600,64,60,646.2
600,64,62,646.2
600,64,64,646.2
600,64,66,646.2
600,64,68,646.2
600,64,70,646.2
600,64,72,646.2
600,64,74,646.2
600,64,76,646.2
600,64,78,646.2
600,64,80,646.2
600,64,82,646.2
600,64,84,646.2
600,64,86,646.2
600,64,88,646.2
600,64,90,646.2
600,64,92,646.2
600,64,94,646.2
600,64,96,646.2
600,64,98,646.2
600,64,100,646.2
600,64,102,645.5
600,64,104,646.2
600,64,106,646.2
600,64,108,645.5
600,64,110,646.2
600,64,112,646.2
600,64,114,646.2
600,64,116,646.2
600,64,118,645.5
600,64,120,646.2
600,64,122,646.2
600,64,124,645.5
600,64,126,646.2
600,64,128,646.2
600,64,130,645.5
600,64,132,646.2
600,64,134,639.2
600,64,136,645.5
600,64,138,646.2
600,64,140,645.5
600,64,142,645.5
600,64,144,646.2
600,64,146,645.5
600,64,148,646.2
600,64,150,646.2
600,64,152,639.2
600,64,154,639.9
600,64,156,638.6
600,64,158,645.5
600,64,160,638.5
600,64,162,638.8
600,64,164,639.3
600,64,166,646.2
600,64,168,639.2
600,64,170,639.5
600,64,172,638.6
600,64,174,645.5
600,64,176,639.9
600,64,178,638.8
600,64,180,639.3
600,66,0,647.6
600,66,2,647.6
600,66,4,647.6
600,66,6,647.6
600,66,8,647.6
600,66,10,647.6
600,66,12,647.6
600,66,14,647.6
600,66,16,647.6
600,66,18,647.6
600,66,20,647.6
600,66,22,647.6
600,66,24,647.6
600,66,26,647.6
600,66,28,647.6
600,66,30,647.6
600,66,32,647.6
600,66,34,647.6
600,66,36,647.6
600,66,38,647.6
600,66,40,647.6
600,66,42,647.6
600,66,44,647.6
600,66,46,647.6
600,66,48,647.6
600,66,50,647.6
600,66,52,647.6
600,66,54,647.6
600,66,56,647.6
600,66,58,647.6
600,66,60,647.6
600,66,62,647.6
600,66,64,647.6
600,66,66,647.6
600,66,68,647.6
600,66,70,647.6
600,66,72,647.6
600,66,74,647.6
600,66,76,647.6
600,66,78,647.6
600,66,80,647.6
600,66,82,647.6
600,66,84,647.6
600,66,86,647.6
600,66,88,647.6
600,66,90,647.6
600,66,92,647.6
600,66,94,647.6
600,66,96,647.6
600,66,98,647.6
600,66,100,647.6
600,66,102,646.9
600,66,104,647.6
600,66,106,647.6
600,66,108,646.9
600,66,110,647.6
600,66,112,647.6
600,66,114,647.6
600,66,116,647.6
600,66,118,646.9
600,66,120,647.6
600,66,122,647.6
600,66,124,646.9
600,66,126,647.6
600,66,128,647.6
600,66,130,646.9
600,66,132,647.6
600,66,134,647.6
600,66,136,646.9
600,66,138,647.6
600,66,140,646.9
600,66,142,646.9
600,66,144,647.6
600,66,146,646.9
600,66,148,647.6
600,66,150,647.6
600,66,152,646.9
600,66,154,646.2
600,66,156,640.6
600,66,158,646.9
600,66,160,641.3
600,66,162,640.6
600,66,164,640.7
600,66,166,647.6
600,66,168,641.1
600,66,170,640.9
600,66,172,639.7
600,66,174,646.9
600,66,176,641.3
600,66,178,640.2
600,66,180,640.7
600,68,0,649.0
600,68,2,649.0
600,68,4,649.0
600,68,6,649.0
600,68,8,649.0
600,68,10,649.0
600,68,12,649.0
600,68,14,649.0
600,68,16,649.0
600,68,18,649.0
600,68,20,649.0
600,68,22,649.0
600,68,24,649.0
600,68,26,649.0
600,68,28,649.0
600,68,30,649.0
600,68,32,649.0
600,68,34,649.0
600,68,36,649.0
600,68,38,649.0
600,68,40,649.0
600,68,42,649.0
600,68,44,649.0
600,68,46,649.0
600,68,48,649.0
600,68,50,649.0
600,68,52,649.0
600,68,54,649.0
600,68,56,649.0
600,68,58,649.0
600,68,60,649.0
600,68,62,649.0
600,68,64,649.0
600,68,66,649.0
600,68,68,649.0
600,68,70,649.0
600,68,72,649.0
600,68,74,649.0
600,68,76,649.0
600,68,78,649.0
600,68,80,649.0
600,68,82,649.0
600,68,84,649.0
600,68,86,649.0
600,68,88,649.0
600,68,90,649.0
600,68,92,649.0
600,68,94,649.0
600,68,96,649.0
600,68,98,649.0
600,68,100,649.0
600,68,102,648.3
600,68,104,649.0
600,68,106,649.0
600,68,108,649.0
600,68,110,649.0
600,68,112,649.0
600,68,114,649.0
600,68,116,649.0
600,68,118,649.0
600,68,120,649.0
600,68,122,649.0
600,68,124,648.3
600,68,126,649.0
600,68,128,649.0
600,68,130,648.3
600,68,132,649.0
600,68,134,649.0
600,68,136,649.0
600,68,138,649.0
600,68,140,648.3
600,68,142,649.0
600,68,144,649.0
600,68,146,648.3
600,68,148,649.0
600,68,150,649.0
600,68,152,648.3
600,68,154,649.0
600,68,156,648.3
600,68,158,648.3
600,68,160,649.0
600,68,162,642.0
600,68,164,642.7
600,68,166,649.0
600,68,168,642.5
600,68,170,649.0
600,68,172,641.4
600,68,174,648.3
600,68,176,642.7
600,68,178,641.6
600,68,180,642.1
600,70,0,650.4
600,70,2,650.4
600,70,4,650.4
600,70,6,650.4
600,70,8,650.4
600,70,10,650.4
600,70,12,650.4
600,70,14,650.4
600,70,16,650.4
600,70,18,650.4
600,70,20,650.4
600,70,22,650.4
600,70,24,650.4
600,70,26,650.4
600,70,28,650.4
600,70,30,650.4
600,70,32,650.4
600,70,34,650.4
600,70,36,650.4
600,70,38,650.4
600,70,40,650.4
600,70,42,650.4
600,70,44,650.4
600,70,46,650.4
600,70,48,650.4
600,70,50,650.4
600,70,52,650.4
600,70,54,650.4
600,70,56,650.4
600,70,58,650.4
600,70,60,650.4
600,70,62,650.4
600,70,64,650.4
600,70,66,650.4
600,70,68,650.4
600,70,70,650.4
600,70,72,650.4
600,70,74,650.4
600,70,76,650.4
600,70,78,650.4
600,70,80,650.4
600,70,82,650.4
600,70,84,650.4
600,70,86,650.4
600,70,88,650.4
600,70,90,650.4
600,70,92,650.4
600,70,94,650.4
600,70,96,650.4
600,70,98,650.4
600,70,100,650.4
600,70,102,650.4
600,70,104,650.4
600,70,106,650.4
600,70,108,650.4
600,70,110,650.4
600,70,112,650.4
600,70,114,650.4
600,70,116,650.4
600,70,118,650.4
600,70,120,650.4
600,70,122,650.4
600,70,124,649.7
600,70,126,650.4
600,70,128,650.4
600,70,130,650.4
600,70,132,650.4
600,70,134,650.4
600,70,136,650.4
600,70,138,650.4
600,70,140,649.7
600,70,142,650.4
600,70,144,650.4
600,70,146,649.7
600,70,148,650.4
600,70,150,650.4
600,70,152,649.7
600,70,154,650.4
600,70,156,649.7
600,70,158,649.7
600,70,160,650.4
600,70,162,649.7
600,70,164,650.4
600,70,166,650.4
600,70,168,643.4
600,70,170,650.4
600,70,172,643.0
600,70,174,649.7
600,70,176,649.7
600,70,178,643.1
600,70,180,643.5
600,72,0,651.8
600,72,2,651.8
600,72,4,651.8
600,72,6,651.8
600,72,8,651.8
600,72,10,651.8
600,72,12,651.8
600,72,14,651.8
600,72,16,651.8
600,72,18,651.8
600,72,20,651.8
600,72,22,651.8
600,72,24,651.8
600,72,26,651.8
600,72,28,651.8
600,72,30,651.8
600,72,32,651.8
600,72,34,651.8
600,72,36,651.8
600,72,38,651.8
600,72,40,651.8
600,72,42,651.8
600,72,44,651.8
600,72,46,651.8
600,72,48,651.8
600,72,50,651.8
600,72,52,651.8
600,72,54,651.8
600,72,56,651.8
600,72,58,651.8
600,72,60,651.8
600,72,62,651.8
600,72,64,651.8
600,72,66,651.8
600,72,68,651.8
600,72,70,651.8
600,72,72,651.8
600,72,74,651.8
600,72,76,651.8
600,72,78,651.8
600,72,80,651.8
600,72,82,651.8
600,72,84,651.8
600,72,86,651.8
600,72,88,651.8
600,72,90,651.8
600,72,92,651.8
600,72,94,651.8
600,72,96,651.8
600,72,98,651.8
600,72,100,651.8
600,72,102,651.8
600,72,104,651.8
600,72,106,651.8
600,72,108,651.8
600,72,110,651.8
600,72,112,651.8
600,72,114,651.8
600,72,116,651.8
600,72,118,651.8
600,72,120,651.8
600,72,122,651.8
600,72,124,651.8
600,72,126,651.8
600,72,128,651.8
600,72,130,651.8
600,72,132,651.8
600,72,134,651.8
600,72,136,651.8
600,72,138,651.8
600,72,140,651.1
600,72,142,651.8
600,72,144,651.8
600,72,146,651.1
600,72,148,651.8
600,72,150,651.8
600,72,152,651.1
600,72,154,651.8
600,72,156,651.1
600,72,158,651.1
600,72,160,651.8
600,72,162,651.1
600,72,164,651.8
600,72,166,651.8
600,72,168,651.1
600,72,170,651.8
600,72,172,644.8
600,72,174,651.1
600,72,176,651.1
600,72,178,651.1
600,72,180,644.9
600,74,0,653.1
600,74,2,653.1
600,74,4,653.1
600,74,6,653.1
600,74,8,653.1
600,74,10,653.1
600,74,12,653.1
600,74,14,653.1
600,74,16,653.1
600,74,18,653.1
600,74,20,653.1
600,74,22,653.1
600,74,24,653.1
600,74,26,653.1
600,74,28,653.1
600,74,30,653.1
600,74,32,653.1
600,74,34,653.1
600,74,36,653.1
600,74,38,653.1
600,74,40,653.1
600,74,42,653.1
600,74,44,653.1
600,74,46,653.1
600,74,48,653.1
600,74,50,653.1
600,74,52,653.1
600,74,54,653.1
600,74,56,653.1
600,74,58,653.1
600,74,60,653.1
600,74,62,653.1
600,74,64,653.1
600,74,66,653.1
600,74,68,653.1
600,74,70,653.1
600,74,72,653.1
600,74,74,653.1
600,74,76,653.1
600,74,78,653.1
600,74,80,653.1
600,74,82,653.1
600,74,84,653.1
600,74,86,653.1
600,74,88,653.1
600,74,90,653.1
600,74,92,653.1
600,74,94,653.1
600,74,96,653.1
600,74,98,653.1
600,74,100,653.1
600,74,102,653.1
600,74,104,653.1
600,74,106,653.1
600,74,108,653.1
600,74,110,653.1
600,74,112,653.1
600,74,114,653.1
600,74,116,653.1
600,74,118,653.1
600,74,120,653.1
600,74,122,653.1
600,74,124,653.1
600,74,126,653.1
600,74,128,653.1
600,74,130,653.1
600,74,132,653.1
600,74,134,653.1
600,74,136,653.1
600,74,138,653.1
600,74,140,652.5
600,74,142,653.1
600,74,144,653.1
600,74,146,652.5
600,74,148,653.1
600,74,150,653.1
600,74,152,653.1
600,74,154,653.1
600,74,156,652.5
600,74,158,652.5
600,74,160,653.1
600,74,162,652.5
600,74,164,653.1
600,74,166,653.1
600,74,168,652.5
600,74,170,653.1
600,74,172,652.5
600,74,174,652.5
600,74,176,652.5
600,74,178,652.5
600,74,180,653.1
600,76,0,654.5
600,76,2,654.5
600,76,4,654.5
600,76,6,654.5
600,76,8,654.5
600,76,10,654.5
600,76,12,654.5
600,76,14,654.5
600,76,16,654.5
600,76,18,654.5
600,76,20,654.5
600,76,22,654.5
600,76,24,654.5
600,76,26,654.5
600,76,28,654.5
600,76,30,654.5
600,76,32,654.5
600,76,34,654.5
600,76,36,654.5
600,76,38,654.5
600,76,40,654.5
600,76,42,654.5
600,76,44,654.5
600,76,46,654.5
600,76,48,654.5
600,76,50,654.5
600,76,52,654.5
600,76,54,654.5
600,76,56,654.5
600,76,58,654.5
600,76,60,654.5
600,76,62,654.5
600,76,64,654.5
600,76,66,654.5
600,76,68,654.5
600,76,70,654.5
600,76,72,654.5
600,76,74,654.5
600,76,76,654.5
600,76,78,654.5
600,76,80,654.5
600,76,82,654.5
600,76,84,654.5
600,76,86,654.5
600,76,88,654.5
600,76,90,654.5
600,76,92,654.5
600,76,94,654.5
600,76,96,654.5
600,76,98,654.5
600,76,100,654.5
600,76,102,654.5
600,76,104,654.5
600,76,106,654.5
600,76,108,654.5
600,76,110,654.5
600,76,112,654.5
600,76,114,654.5
600,76,116,654.5
600,76,118,654.5
600,76,120,654.5
600,76,122,654.5
600,76,124,654.5
600,76,126,654.5
600,76,128,654.5
600,76,130,654.5
600,76,132,654.5
600,76,134,654.5
600,76,136,654.5
600,76,138,654.5
600,76,140,654.5
600,76,142,654.5
600,76,144,654.5
600,76,146,654.5
600,76,148,654.5
600,76,150,654.5
600,76,152,654.5
600,76,154,654.5
600,76,156,653.8
600,76,158,654.5
600,76,160,654.5
600,76,162,653.8
600,76,164,654.5
600,76,166,654.5
600,76,168,653.8
600,76,170,654.5
600,76,172,653.8
600,76,174,653.8
600,76,176,653.8
600,76,178,653.8
600,76,180,654.5
600,78,0,655.9
600,78,2,655.9
600,78,4,655.9
600,78,6,655.9
600,78,8,655.9
600,78,10,655.9
600,78,12,655.9
600,78,14,655.9
600,78,16,655.9
600,78,18,655.9
600,78,20,655.9
600,78,22,655.9
600,78,24,655.9
600,78,26,655.9
600,78,28,655.9
600,78,30,655.9
600,78,32,655.9
600,78,34,655.9
600,78,36,655.9
600,78,38,655.9
600,78,40,655.9
600,78,42,655.9
600,78,44,655.9
600,78,46,655.9
600,78,48,655.9
600,78,50,655.9
600,78,52,655.9
600,78,54,655.9
600,78,56,655.9
600,78,58,655.9
600,78,60,655.9
600,78,62,655.9
600,78,64,655.9
600,78,66,655.9
600,78,68,655.9
600,78,70,655.9
600,78,72,655.9
600,78,74,655.9
600,78,76,655.9
600,78,78,655.9
600,78,80,655.9
600,78,82,655.9
600,78,84,655.9
600,78,86,655.9
600,78,88,655.9
600,78,90,655.9
600,78,92,655.9
600,78,94,655.9
600,78,96,655.9
600,78,98,655.9
600,78,100,655.9
600,78,102,655.9
600,78,104,655.9
600,78,106,655.9
600,78,108,655.9
600,78,110,655.9
600,78,112,655.9
600,78,114,655.9
600,78,116,655.9
600,78,118,655.9
600,78,120,655.9
600,78,122,655.9
600,78,124,655.9
600,78,126,655.9
600,78,128,655.9
600,78,130,655.9
600,78,132,655.9
600,78,134,655.9
600,78,136,655.9
600,78,138,655.9
600,78,140,655.9
600,78,142,655.9
600,78,144,655.9
600,78,146,655.9
600,78,148,655.9
600,78,150,655.9
600,78,152,655.9
600,78,154,655.9
600,78,156,655.2
600,78,158,655.9
600,78,160,655.9
600,78,162,655.2
600,78,164,655.9
600,78,166,655.9
600,78,168,655.9
600,78,170,655.9
600,78,172,655.2
600,78,174,655.2
600,78,176,655.9
600,78,178,655.2
600,78,180,655.9
600,80,0,657.3
600,80,2,657.3
600,80,4,657.3
600,80,6,657.3
600,80,8,657.3
600,80,10,657.3
600,80,12,657.3
600,80,14,657.3
600,80,16,657.3
600,80,18,657.3
600,80,20,657.3
600,80,22,657.3
600,80,24,657.3
600,80,26,657.3
600,80,28,657.3
600,80,30,657.3
600,80,32,657.3
600,80,34,657.3
600,80,36,657.3
600,80,38,657.3
600,80,40,657.3
600,80,42,657.3
600,80,44,657.3
600,80,46,657.3
600,80,48,657.3
600,80,50,657.3
600,80,52,657.3
600,80,54,657.3
600,80,56,657.3
600,80,58,657.3
600,80,60,657.3
600,80,62,657.3
600,80,64,657.3
600,80,66,657.3
600,80,68,657.3
600,80,70,657.3
600,80,72,657.3
600,80,74,657.3
600,80,76,657.3
600,80,78,657.3
600,80,80,657.3
600,80,82,657.3
600,80,84,657.3
600,80,86,657.3
600,80,88,657.3
600,80,90,657.3
600,80,92,657.3
600,80,94,657.3
600,80,96,657.3
600,80,98,657.3
600,80,100,657.3
600,80,102,657.3
600,80,104,657.3
600,80,106,657.3
600,80,108,657.3
600,80,110,657.3
600,80,112,657.3
600,80,114,657.3
600,80,116,657.3
600,80,118,657.3
600,80,120,657.3
600,80,122,657.3
600,80,124,657.3
600,80,126,657.3
600,80,128,657.3
600,80,130,657.3
600,80,132,657.3
600,80,134,657.3
600,80,136,657.3
600,80,138,657.3
600,80,140,657.3
600,80,142,657.3
600,80,144,657.3
600,80,146,657.3
600,80,148,657.3
600,80,150,657.3
600,80,152,657.3
600,80,154,657.3
600,80,156,656.6
600,80,158,657.3
600,80,160,657.3
600,80,162,656.6
600,80,164,657.3
600,80,166,657.3
600,80,168,657.3
600,80,170,657.3
600,80,172,656.6
600,80,174,657.3
600,80,176,657.3
600,80,178,656.6
600,80,180,657.3
600,82,0,658.6
600,82,2,658.6
600,82,4,658.6
600,82,6,658.6
600,82,8,658.6
600,82,10,658.6
600,82,12,658.6
600,82,14,658.6
600,82,16,658.6
600,82,18,658.6
600,82,20,658.6
600,82,22,658.6
600,82,24,658.6
600,82,26,658.6
600,82,28,658.6
600,82,30,658.6
600,82,32,658.6
600,82,34,658.6
600,82,36,658.6
600,82,38,658.6
600,82,40,658.6
600,82,42,658.6
600,82,44,658.6
600,82,46,658.6
600,82,48,658.6
600,82,50,658.6
600,82,52,658.6
600,82,54,658.6
600,82,56,658.6
600,82,58,658.6
600,82,60,658.6
600,82,62,658.6
600,82,64,658.6
600,82,66,658.6
600,82,68,658.6
600,82,70,658.6
600,82,72,658.6
600,82,74,658.6
600,82,76,658.6
600,82,78,658.6
600,82,80,658.6
600,82,82,658.6
600,82,84,658.6
600,82,86,658.6
600,82,88,658.6
600,82,90,658.6
600,82,92,658.6
600,82,94,658.6
600,82,96,658.6
600,82,98,658.6
600,82,100,658.6
600,82,102,658.6
600,82,104,658.6
600,82,106,658.6
600,82,108,658.6
600,82,110,658.6
600,82,112,658.6
600,82,114,658.6
600,82,116,658.6
600,82,118,658.6
600,82,120,658.6
600,82,122,658.6
600,82,124,658.6
600,82,126,658.6
600,82,128,658.6
600,82,130,658.6
600,82,132,658.6
600,82,134,658.6
600,82,136,658.6
600,82,138,658.6
600,82,140,658.6
600,82,142,658.6
600,82,144,658.6
600,82,146,658.6
600,82,148,658.6
600,82,150,658.6
600,82,152,658.6
600,82,154,658.6
600,82,156,658.6
600,82,158,658.6
600,82,160,658.6
600,82,162,658.6
600,82,164,658.6
600,82,166,658.6
600,82,168,658.6
600,82,170,658.6
600,82,172,658.0
600,82,174,658.6
600,82,176,658.6
600,82,178,658.6
600,82,180,658.6
600,84,0,660.0
600,84,2,660.0
600,84,4,660.0
600,84,6,660.0
600,84,8,660.0
600,84,10,660.0
600,84,12,660.0
600,84,14,660.0
600,84,16,660.0
600,84,18,660.0
600,84,20,660.0
600,84,22,660.0
600,84,24,660.0
600,84,26,660.0
600,84,28,660.0
600,84,30,660.0
600,84,32,660.0
600,84,34,660.0
600,84,36,660.0
600,84,38,660.0
600,84,40,660.0
600,84,42,660.0
600,84,44,660.0
600,84,46,660.0
600,84,48,660.0
600,84,50,660.0
600,84,52,660.0
600,84,54,660.0
600,84,56,660.0
600,84,58,660.0
600,84,60,660.0
600,84,62,660.0
600,84,64,660.0
600,84,66,660.0
600,84,68,660.0
600,84,70,660.0
600,84,72,660.0
600,84,74,660.0
600,84,76,660.0
600,84,78,660.0
600,84,80,660.0
600,84,82,660.0
600,84,84,660.0
600,84,86,660.0
600,84,88,660.0
600,84,90,660.0
600,84,92,660.0
600,84,94,660.0
600,84,96,660.0
600,84,98,660.0
600,84,100,660.0
600,84,102,660.0
600,84,104,660.0
600,84,106,660.0
600,84,108,660.0
600,84,110,660.0
600,84,112,660.0
600,84,114,660.0
600,84,116,660.0
600,84,118,660.0
600,84,120,660.0
600,84,122,660.0
600,84,124,660.0
600,84,126,660.0
600,84,128,660.0
600,84,130,660.0
600,84,132,660.0
600,84,134,660.0
600,84,136,660.0
600,84,138,660.0
600,84,140,660.0
600,84,142,660.0
600,84,144,660.0
600,84,146,660.0
600,84,148,660.0
600,84,150,660.0
600,84,152,660.0
600,84,154,660.0
600,84,156,660.0
600,84,158,660.0
600,84,160,660.0
600,84,162,660.0
600,84,164,660.0
600,84,166,660.0
600,84,168,660.0
600,84,170,660.0
600,84,172,659.3
600,84,174,660.0
600,84,176,660.0
600,84,178,660.0
600,84,180,660.0
600,86,0,661.4
600,86,2,661.4
600,86,4,661.4
600,86,6,661.4
600,86,8,661.4
600,86,10,661.4
600,86,12,661.4
600,86,14,661.4
600,86,16,661.4
600,86,18,661.4
600,86,20,661.4
600,86,22,661.4
600,86,24,661.4
600,86,26,661.4
600,86,28,661.4
600,86,30,661.4
600,86,32,661.4
600,86,34,661.4
600,86,36,661.4
600,86,38,661.4
600,86,40,661.4
600,86,42,661.4
600,86,44,661.4
600,86,46,661.4
600,86,48,661.4
600,86,50,661.4
600,86,52,661.4
600,86,54,661.4
600,86,56,661.4
600,86,58,661.4
600,86,60,661.4
600,86,62,661.4
600,86,64,661.4
600,86,66,661.4
600,86,68,661.4
600,86,70,661.4
600,86,72,661.4
600,86,74,661.4
600,86,76,661.4
600,86,78,661.4
600,86,80,661.4
600,86,82,661.4
600,86,84,661.4
600,86,86,661.4
600,86,88,661.4
600,86,90,661.4
600,86,92,661.4
600,86,94,661.4
600,86,96,661.4
600,86,98,661.4
600,86,100,661.4
600,86,102,661.4
600,86,104,661.4
600,86,106,661.4
600,86,108,661.4
600,86,110,661.4
600,86,112,661.4
600,86,114,661.4
600,86,116,661.4
600,86,118,661.4
600,86,120,661.4
600,86,122,661.4
600,86,124,661.4
600,86,126,661.4
600,86,128,661.4
600,86,130,661.4
600,86,132,661.4
600,86,134,661.4
600,86,136,661.4
600,86,138,661.4
600,86,140,661.4
600,86,142,661.4
600,86,144,661.4
600,86,146,661.4
600,86,148,661.4
600,86,150,661.4
600,86,152,661.4
600,86,154,661.4
600,86,156,661.4
600,86,158,661.4
600,86,160,661.4
600,86,162,661.4
600,86,164,661.4
600,86,166,661.4
600,86,168,661.4
600,86,170,661.4
600,86,172,661.4
600,86,174,661.4
600,86,176,661.4
600,86,178,661.4
600,86,180,661.4
600,88,0,662.7
600,88,2,662.7
600,88,4,662.7
600,88,6,662.7
600,88,8,662.7
600,88,10,662.7
600,88,12,662.7
600,88,14,662.7
600,88,16,662.7
600,88,18,662.7
600,88,20,662.7
600,88,22,662.7
600,88,24,662.7
600,88,26,662.7
600,88,28,662.7
600,88,30,662.7
600,88,32,662.7
600,88,34,662.7
600,88,36,662.7
600,88,38,662.7
600,88,40,662.7
600,88,42,662.7
600,88,44,662.7
600,88,46,662.7
600,88,48,662.7
600,88,50,662.7
600,88,52,662.7
600,88,54,662.7
600,88,56,662.7
600,88,58,662.7
600,88,60,662.7
600,88,62,662.7
600,88,64,662.7
600,88,66,662.7
600,88,68,662.7
600,88,70,662.7
600,88,72,662.7
600,88,74,662.7
600,88,76,662.7
600,88,78,662.7
600,88,80,662.7
600,88,82,662.7
600,88,84,662.7
600,88,86,662.7
600,88,88,662.7
600,88,90,662.7
600,88,92,662.7
600,88,94,662.7
600,88,96,662.7
600,88,98,662.7
600,88,100,662.7
600,88,102,662.7
600,88,104,662.7
600,88,106,662.7
600,88,108,662.7
600,88,110,662.7
600,88,112,662.7
600,88,114,662.7
600,88,116,662.7
600,88,118,662.7
600,88,120,662.7
600,88,122,662.7
600,88,124,662.7
600,88,126,662.7
600,88,128,662.7
600,88,130,662.7
600,88,132,662.7
600,88,134,662.7
600,88,136,662.7
600,88,138,662.7
600,88,140,662.7
600,88,142,662.7
600,88,144,662.7
600,88,146,662.7
600,88,148,662.7
600,88,150,662.7
600,88,152,662.7
600,88,154,662.7
600,88,156,662.7
600,88,158,662.7
600,88,160,662.7
600,88,162,662.7
600,88,164,662.7
600,88,166,662.7
600,88,168,662.7
600,88,170,662.7
600,88,172,662.7
600,88,174,662.7
600,88,176,662.7
600,88,178,662.7
600,88,180,662.7
600,90,0,664.1
600,90,2,664.1
600,90,4,664.1
600,90,6,664.1
600,90,8,664.1
600,90,10,664.1
600,90,12,664.1
600,90,14,664.1
600,90,16,664.1
600,90,18,664.1
600,90,20,664.1
600,90,22,664.1
600,90,24,664.1
600,90,26,664.1
600,90,28,664.1
600,90,30,664.1
600,90,32,664.1
600,90,34,664.1
600,90,36,664.1
600,90,38,664.1
600,90,40,664.1
600,90,42,664.1
600,90,44,664.1
600,90,46,664.1
600,90,48,664.1
600,90,50,664.1
600,90,52,664.1
600,90,54,664.1
600,90,56,664.1
600,90,58,664.1
600,90,60,664.1
600,90,62,664.1
600,90,64,664.1
600,90,66,664.1
600,90,68,664.1
600,90,70,664.1
600,90,72,664.1
600,90,74,664.1
600,90,76,664.1
600,90,78,664.1
600,90,80,664.1
600,90,82,664.1
600,90,84,664.1
600,90,86,664.1
600,90,88,664.1
600,90,90,664.1
600,90,92,664.1
600,90,94,664.1
600,90,96,664.1
600,90,98,664.1
600,90,100,664.1
600,90,102,664.1
600,90,104,664.1
600,90,106,664.1
600,90,108,664.1
600,90,110,664.1
600,90,112,664.1
600,90,114,664.1
600,90,116,664.1
600,90,118,664.1
600,90,120,664.1
600,90,122,664.1
600,90,124,664.1
600,90,126,664.1
600,90,128,664.1
600,90,130,664.1
600,90,132,664.1
600,90,134,664.1
600,90,136,664.1
600,90,138,664.1
600,90,140,664.1
600,90,142,664.1
600,90,144,664.1
600,90,146,664.1
600,90,148,664.1
600,90,150,664.1
600,90,152,664.1
600,90,154,664.1
600,90,156,664.1
600,90,158,664.1
600,90,160,664.1
600,90,162,664.1
600,90,164,664.1
600,90,166,664.1
600,90,168,664.1
600,90,170,664.1
600,90,172,664.1
600,90,174,664.1
600,90,176,664.1
600,90,178,664.1
600,90,180,664.1
800,2,0,801.1
800,2,2,239.0
800,2,4,458.0
800,2,6,-1.0
800,2,8,343.0
800,2,10,-1.0
800,2,12,-1.0
800,2,14,331.0
800,2,16,256.3
800,2,18,707.6
800,2,20,611.7
800,2,22,764.3
800,2,24,545.8
800,2,26,-1.0
800,2,28,-1.0
800,2,30,433.6
800,2,32,212.1
800,2,34,480.1
800,2,36,-1.0
800,2,38,237.3
800,2,40,707.5
800,2,42,383.1
800,2,44,486.2
800,2,46,486.6
800,2,48,-1.0
800,2,50,193.1
800,2,52,-1.0
800,2,54,-1.0
800,2,56,565.3
800,2,58,245.4
800,2,60,-1.0
800,2,62,366.2
800,2,64,-1.0
800,2,66,-1.0
800,2,68,98.7
800,2,70,-1.0
800,2,72,185.1
800,2,74,-1.0
800,2,76,129.1
800,2,78,-1.0
800,2,80,130.6
800,2,82,-1.0
800,2,84,75.3
800,2,86,-1.0
800,2,88,-1.0
800,2,90,-1.0
800,2,92,-1.0
800,2,94,-1.0
800,2,96,-1.0
800,2,98,-1.0
800,2,100,237.8
800,2,102,56.6
800,2,104,-1.0
800,2,106,-1.0
800,2,108,-1.0
800,2,110,-1.0
800,2,112,-1.0
800,2,114,-1.0
800,2,116,-1.0
800,2,118,-1.0
800,2,120,-1.0
800,2,122,181.2
800,2,124,-1.0
800,2,126,-1.0
800,2,128,45.1
800,2,130,34.1
800,2,132,-1.0
800,2,134,-1.0
800,2,136,46.0
800,2,138,31.2
800,2,140,81.8
800,2,142,-1.0
800,2,144,38.5
800,2,146,-1.0
800,2,148,38.8
800,2,150,-1.0
800,2,152,39.4
800,2,154,33.6
800,2,156,30.0
800,2,158,33.7
800,2,160,57.1
800,2,162,30.0
800,2,164,33.0
800,2,166,-1.0
800,2,168,-1.0
800,2,170,-1.0
800,2,172,-1.0
800,2,174,-1.0
800,2,176,-1.0
800,2,178,-1.0
800,2,180,-1.0
800,4,0,802.2
800,4,2,675.7
800,4,4,748.2
800,4,6,573.8
800,4,8,633.1
800,4,10,700.6
800,4,12,683.4
800,4,14,708.5
800,4,16,509.4
800,4,18,713.9
800,4,20,675.6
800,4,22,765.5
800,4,24,764.8
800,4,26,784.3
800,4,28,606.4
800,4,30,622.5
800,4,32,700.8
800,4,34,716.3
800,4,36,716.8
800,4,38,708.1
800,4,40,708.8
800,4,42,729.8
800,4,44,730.3
800,4,46,642.0
800,4,48,605.6
800,4,50,635.1
800,4,52,578.5
800,4,54,684.0
800,4,56,640.0
800,4,58,676.1
800,4,60,675.6
800,4,62,696.9
800,4,64,640.7
800,4,66,573.6
800,4,68,606.3
800,4,70,632.7
800,4,72,652.7
800,4,74,606.4
800,4,76,611.3
800,4,78,584.9
800,4,80,645.1
800,4,82,599.2
800,4,84,568.1
800,4,86,547.8
800,4,88,521.8
800,4,90,604.2
800,4,92,578.7
800,4,94,508.9
800,4,96,513.4
800,4,98,516.5
800,4,100,566.0
800,4,102,502.9
800,4,104,503.7
800,4,106,460.2
800,4,108,483.9
800,4,110,522.8
800,4,112,485.7
800,4,114,460.5
800,4,116,410.6
800,4,118,452.8
800,4,120,489.7
800,4,122,469.1
800,4,124,380.3
800,4,126,387.1
800,4,128,437.4
800,4,130,458.7
800,4,132,368.5
800,4,134,369.3
800,4,136,367.4
800,4,138,391.8
800,4,140,410.9
800,4,142,393.7
800,4,144,344.6
800,4,146,314.4
800,4,148,367.1
800,4,150,351.7
800,4,152,368.8
800,4,154,307.9
800,4,156,328.4
800,4,158,329.3
800,4,160,329.5
800,4,162,296.8
800,4,164,276.6
800,4,166,277.3
800,4,168,295.0
800,4,170,295.2
800,4,172,296.0
800,4,174,232.7
800,4,176,247.8
800,4,178,264.3
800,4,180,264.5
800,6,0,803.4
800,6,2,757.4
800,6,4,749.4
800,6,6,677.4
800,6,8,741.0
800,6,10,701.7
800,6,12,701.0
800,6,14,709.5
800,6,16,684.3
800,6,18,758.0
800,6,20,766.0
800,6,22,766.7
800,6,24,766.0
800,6,26,785.4
800,6,28,776.0
800,6,30,706.9
800,6,32,717.9
800,6,34,717.6
800,6,36,723.3
800,6,38,717.2
800,6,40,731.4
800,6,42,731.0
800,6,44,749.5
800,6,46,748.9
800,6,48,749.4
800,6,50,740.4
800,6,52,759.2
800,6,54,702.0
800,6,56,701.4
800,6,58,701.9
800,6,60,693.6
800,6,62,698.2
800,6,64,714.7
800,6,66,715.1
800,6,68,677.7
800,6,70,707.1
800,6,72,669.9
800,6,74,724.3
800,6,76,686.4
800,6,78,646.0
800,6,80,666.0
800,6,82,665.5
800,6,84,682.4
800,6,86,646.7
800,6,88,615.8
800,6,90,623.9
800,6,92,638.7
800,6,94,655.1
800,6,96,608.6
800,6,98,617.1
800,6,100,584.4
800,6,102,651.3
800,6,104,613.5
800,6,106,587.7
800,6,108,578.2
800,6,110,576.9
800,6,112,610.0
800,6,114,578.2
800,6,116,550.5
800,6,118,540.9
800,6,120,606.4
800,6,122,571.4
800,6,124,547.2
800,6,126,522.5
800,6,128,506.7
800,6,130,568.0
800,6,132,535.2
800,6,134,512.8
800,6,136,489.7
800,6,138,469.2
800,6,140,532.1
800,6,142,509.7
800,6,144,480.3
800,6,146,460.2
800,6,148,454.4
800,6,150,498.5
800,6,152,477.5
800,6,154,463.9
800,6,156,431.2
800,6,158,425.7
800,6,160,466.9
800,6,162,447.4
800,6,164,434.7
800,6,166,416.5
800,6,168,387.0
800,6,170,437.4
800,6,172,419.1
800,6,174,401.6
800,6,176,390.3
800,6,178,392.8
800,6,180,409.8
800,8,0,804.5
800,8,2,794.8
800,8,4,758.9
800,8,6,741.4
800,8,8,742.1
800,8,10,710.6
800,8,12,710.1
800,8,14,732.8
800,8,16,741.6
800,8,18,759.2
800,8,20,767.1
800,8,22,767.9
800,8,24,786.0
800,8,26,795.5
800,8,28,786.0
800,8,30,725.4
800,8,32,724.9
800,8,34,718.8
800,8,36,724.6
800,8,38,724.0
800,8,40,742.2
800,8,42,758.7
800,8,44,759.2
800,8,46,750.1
800,8,48,769.0
800,8,50,768.4
800,8,52,760.4
800,8,54,711.1
800,8,56,702.6
800,8,58,724.5
800,8,60,724.0
800,8,62,716.3
800,8,64,715.9
800,8,66,733.9
800,8,68,733.3
800,8,70,733.7
800,8,72,725.0
800,8,74,743.2
800,8,76,691.5
800,8,78,691.0
800,8,80,708.5
800,8,82,683.0
800,8,84,700.4
800,8,86,699.7
800,8,88,717.5
800,8,90,675.2
800,8,92,692.4
800,8,94,691.6
800,8,96,709.2
800,8,98,676.2
800,8,100,651.7
800,8,102,668.3
800,8,104,667.8
800,8,106,684.8
800,8,108,649.0
800,8,110,644.9
800,8,112,626.5
800,8,114,625.5
800,8,116,645.3
800,8,118,611.6
800,8,120,622.4
800,8,122,621.8
800,8,124,637.6
800,8,126,619.4
800,8,128,587.1
800,8,130,583.7
800,8,132,582.5
800,8,134,615.8
800,8,136,583.7
800,8,138,562.9
800,8,140,562.9
800,8,142,576.0
800,8,144,576.8
800,8,146,560.4
800,8,148,542.9
800,8,150,542.4
800,8,152,573.5
800,8,154,543.6
800,8,156,525.0
800,8,158,509.6
800,8,160,508.1
800,8,162,537.2
800,8,164,521.9
800,8,166,500.0
800,8,168,485.8
800,8,170,476.0
800,8,172,503.3
800,8,174,489.0
800,8,176,475.1
800,8,178,486.1
800,8,180,485.3
800,10,0,805.6
800,10,2,805.0
800,10,4,761.5
800,10,6,759.4
800,10,8,751.5
800,10,10,735.0
800,10,12,751.3
800,10,14,751.8
800,10,16,759.7
800,10,18,768.8
800,10,20,768.3
800,10,22,769.0
800,10,24,787.1
800,10,26,796.6
800,10,28,796.0
800,10,30,796.5
800,10,32,734.4
800,10,34,725.9
800,10,36,751.9
800,10,38,733.1
800,10,40,769.0
800,10,42,759.9
800,10,44,760.4
800,10,46,759.5
800,10,48,778.9
800,10,50,769.6
800,10,52,761.6
800,10,54,769.4
800,10,56,753.0
800,10,58,725.8
800,10,60,725.3
800,10,62,743.4
800,10,64,742.9
800,10,66,743.3
800,10,68,734.4
800,10,70,752.9
800,10,72,752.4
800,10,74,744.5
800,10,76,727.2
800,10,78,718.7
800,10,80,709.8
800,10,82,708.9
800,10,84,727.0
800,10,86,701.0
800,10,88,718.8
800,10,90,718.0
800,10,92,718.4
800,10,94,710.0
800,10,96,727.7
800,10,98,727.2
800,10,100,685.6
800,10,102,693.8
800,10,104,685.3
800,10,106,686.1
800,10,108,685.2
800,10,110,702.7
800,10,112,669.9
800,10,114,678.1
800,10,116,646.7
800,10,118,694.4
800,10,120,662.1
800,10,122,643.1
800,10,124,654.9
800,10,126,653.9
800,10,128,670.5
800,10,130,639.4
800,10,132,606.0
800,10,134,631.9
800,10,136,631.5
800,10,138,647.5
800,10,140,613.8
800,10,142,610.0
800,10,144,608.9
800,10,146,624.4
800,10,148,610.2
800,10,150,589.2
800,10,152,588.5
800,10,154,588.0
800,10,156,603.0
800,10,158,585.7
800,10,160,569.0
800,10,162,554.6
800,10,164,554.1
800,10,166,582.3
800,10,168,565.7
800,10,170,536.3
800,10,172,532.4
800,10,174,544.6
800,10,176,548.8
800,10,178,533.1
800,10,180,515.0
800,12,0,806.7
800,12,2,806.2
800,12,4,771.3
800,12,6,770.7
800,12,8,761.6
800,12,10,743.8
800,12,12,752.5
800,12,14,753.0
800,12,16,760.9
800,12,18,771.3
800,12,20,769.5
800,12,22,770.2
800,12,24,787.1
800,12,26,797.7
800,12,28,797.1
800,12,30,797.6
800,12,32,753.6
800,12,34,735.7
800,12,36,753.1
800,12,38,752.4
800,12,40,770.2
800,12,42,769.5
800,12,44,761.5
800,12,46,762.1
800,12,48,780.1
800,12,50,779.4
800,12,52,779.9
800,12,54,770.5
800,12,56,754.2
800,12,58,736.3
800,12,60,752.5
800,12,62,753.0
800,12,64,744.1
800,12,66,744.5
800,12,68,743.8
800,12,70,762.7
800,12,72,753.6
800,12,74,745.7
800,12,76,753.2
800,12,78,737.3
800,12,80,736.8
800,12,82,710.0
800,12,84,728.2
800,12,86,727.5
800,12,88,727.9
800,12,90,719.0
800,12,92,737.3
800,12,94,736.7
800,12,96,729.0
800,12,98,728.5
800,12,100,703.9
800,12,102,695.1
800,12,104,694.1
800,12,106,711.9
800,12,108,703.2
800,12,110,703.8
800,12,112,703.1
800,12,114,720.9
800,12,116,695.3
800,12,118,712.6
800,12,120,679.5
800,12,122,678.9
800,12,124,679.4
800,12,126,671.1
800,12,128,671.9
800,12,130,687.5
800,12,132,688.0
800,12,134,656.0
800,12,136,663.9
800,12,138,648.9
800,12,140,647.9
800,12,142,664.4
800,12,144,633.5
800,12,146,641.3
800,12,148,640.3
800,12,150,656.6
800,12,152,641.6
800,12,154,618.5
800,12,156,619.5
800,12,158,618.3
800,12,160,634.1
800,12,162,604.6
800,12,164,597.4
800,12,166,597.6
800,12,168,611.4
800,12,170,612.3
800,12,172,594.8
800,12,174,577.0
800,12,176,575.8
800,12,178,590.4
800,12,180,591.3
800,14,0,807.8
800,14,2,807.3
800,14,4,772.4
800,14,6,771.9
800,14,8,770.7
800,14,10,745.7
800,14,12,753.7
800,14,14,762.4
800,14,16,770.4
800,14,18,772.5
800,14,20,771.8
800,14,22,772.3
800,14,24,787.1
800,14,26,798.9
800,14,28,798.2
800,14,30,807.8
800,14,32,754.8
800,14,34,763.9
800,14,36,762.8
800,14,38,753.6
800,14,40,771.4
800,14,42,770.7
800,14,44,762.7
800,14,46,763.2
800,14,48,781.2
800,14,50,780.6
800,14,52,781.0
800,14,54,780.3
800,14,56,780.9
800,14,58,737.5
800,14,60,753.7
800,14,62,754.2
800,14,64,753.5
800,14,66,754.0
800,14,68,763.3
800,14,70,763.9
800,14,72,763.1
800,14,74,763.6
800,14,76,754.4
800,14,78,754.9
800,14,80,738.0
800,14,82,736.9
800,14,84,737.3
800,14,86,728.6
800,14,88,729.0
800,14,90,746.4
800,14,92,746.9
800,14,94,737.9
800,14,96,730.2
800,14,98,729.7
800,14,100,738.1
800,14,102,721.5
800,14,104,712.5
800,14,106,712.9
800,14,108,704.5
800,14,110,730.3
800,14,112,704.3
800,14,114,722.1
800,14,116,696.6
800,14,118,713.9
800,14,120,705.2
800,14,122,689.3
800,14,124,697.2
800,14,126,696.6
800,14,128,697.0
800,14,130,688.9
800,14,132,689.3
800,14,134,688.5
800,14,136,706.0
800,14,138,680.9
800,14,140,698.0
800,14,142,665.7
800,14,144,664.8
800,14,146,681.7
800,14,148,657.6
800,14,150,673.9
800,14,152,673.3
800,14,154,673.7
800,14,156,658.4
800,14,158,650.2
800,14,160,650.7
800,14,162,650.1
800,14,164,650.6
800,14,166,635.8
800,14,168,628.0
800,14,170,626.9
800,14,172,642.9
800,14,174,628.3
800,14,176,613.9
800,14,178,621.0
800,14,180,605.6
800,16,0,809.0
800,16,2,808.4
800,16,4,799.8
800,16,6,781.8
800,16,8,771.8
800,16,10,764.4
800,16,12,755.4
800,16,14,765.0
800,16,16,771.5
800,16,18,773.7
800,16,20,771.9
800,16,22,773.5
800,16,24,787.1
800,16,26,800.0
800,16,28,799.3
800,16,30,809.0
800,16,32,808.4
800,16,34,765.1
800,16,36,762.8
800,16,38,771.8
800,16,40,772.5
800,16,42,771.7
800,16,44,763.9
800,16,46,773.0
800,16,48,791.1
800,16,50,790.6
800,16,52,791.0
800,16,54,781.5
800,16,56,782.0
800,16,58,763.9
800,16,60,763.4
800,16,62,763.9
800,16,64,754.7
800,16,66,756.5
800,16,68,773.1
800,16,70,773.6
800,16,72,764.4
800,16,74,764.8
800,16,76,755.7
800,16,78,764.6
800,16,80,747.1
800,16,82,738.1
800,16,84,738.6
800,16,86,737.8
800,16,88,756.6
800,16,90,747.6
800,16,92,748.0
800,16,94,747.2
800,16,96,747.7
800,16,98,730.7
800,16,100,739.1
800,16,102,722.8
800,16,104,731.0
800,16,106,721.9
800,16,108,713.5
800,16,110,731.6
800,16,112,730.9
800,16,114,731.3
800,16,116,722.6
800,16,118,715.1
800,16,120,706.5
800,16,122,722.7
800,16,124,706.6
800,16,126,697.9
800,16,128,698.3
800,16,130,697.4
800,16,132,715.2
800,16,134,706.5
800,16,136,706.9
800,16,138,698.3
800,16,140,699.3
800,16,142,690.7
800,16,144,682.2
800,16,146,683.0
800,16,148,682.0
800,16,150,682.5
800,16,152,674.6
800,16,154,675.0
800,16,156,690.8
800,16,158,667.7
800,16,160,675.4
800,16,162,683.7
800,16,164,667.6
800,16,166,667.1
800,16,168,667.5
800,16,170,652.3
800,16,172,660.2
800,16,174,659.3
800,16,176,659.7
800,16,178,644.6
800,16,180,636.9
800,18,0,810.1
800,18,2,809.5
800,18,4,800.9
800,18,6,782.9
800,18,8,772.9
800,18,10,765.6
800,18,12,764.1
800,18,14,773.2
800,18,16,772.7
800,18,18,774.8
800,18,20,782.9
800,18,22,774.7
800,18,24,787.1
800,18,26,801.1
800,18,28,800.4
800,18,30,810.1
800,18,32,809.5
800,18,34,774.6
800,18,36,762.8
800,18,38,773.0
800,18,40,773.7
800,18,42,772.9
800,18,44,765.1
800,18,46,774.1
800,18,48,792.3
800,18,50,791.7
800,18,52,792.1
800,18,54,791.6
800,18,56,792.0
800,18,58,773.8
800,18,60,764.6
800,18,62,765.1
800,18,64,764.3
800,18,66,757.6
800,18,68,774.3
800,18,70,774.8
800,18,72,774.1
800,18,74,774.6
800,18,76,756.9
800,18,78,765.7
800,18,80,765.0
800,18,82,765.5
800,18,84,747.9
800,18,86,740.3
800,18,88,757.8
800,18,90,757.0
800,18,92,757.5
800,18,94,748.4
800,18,96,748.9
800,18,98,740.0
800,18,100,748.5
800,18,102,731.5
800,18,104,732.2
800,18,106,740.9
800,18,108,740.4
800,18,110,740.8
800,18,112,732.0
800,18,114,732.3
800,18,116,731.6
800,18,118,724.3
800,18,120,715.6
800,18,122,723.7
800,18,124,707.9
800,18,126,715.8
800,18,128,724.5
800,18,130,715.8
800,18,132,716.5
800,18,134,715.6
800,18,136,716.1
800,18,138,699.7
800,18,140,700.6
800,18,142,707.1
800,18,144,691.1
800,18,146,692.1
800,18,148,683.3
800,18,150,700.4
800,18,152,699.9
800,18,154,692.4
800,18,156,692.1
800,18,158,669.0
800,18,160,684.1
800,18,162,683.7
800,18,164,676.3
800,18,166,668.5
800,18,168,668.8
800,18,170,667.9
800,18,172,684.9
800,18,174,660.6
800,18,176,661.0
800,18,178,661.5
800,18,180,661.0
800,20,0,811.2
800,20,2,810.6
800,20,4,802.0
800,20,6,784.1
800,20,8,775.8
800,20,10,775.4
800,20,12,765.4
800,20,14,776.0
800,20,16,773.9
800,20,18,776.0
800,20,20,784.0
800,20,22,784.2
800,20,24,787.1
800,20,26,802.2
800,20,28,801.7
800,20,30,811.2
800,20,32,810.6
800,20,34,811.2
800,20,36,765.9
800,20,38,774.1
800,20,40,774.9
800,20,42,774.1
800,20,44,767.1
800,20,46,775.2
800,20,48,793.4
800,20,50,792.8
800,20,52,793.3
800,20,54,792.7
800,20,56,793.1
800,20,58,792.5
800,20,60,793.0
800,20,62,766.2
800,20,64,765.5
800,20,66,767.2
800,20,68,775.4
800,20,70,784.7
800,20,72,775.3
800,20,74,775.7
800,20,76,775.0
800,20,78,775.5
800,20,80,766.2
800,20,82,766.7
800,20,84,750.4
800,20,86,748.4
800,20,88,767.4
800,20,90,758.2
800,20,92,758.7
800,20,94,758.0
800,20,96,758.4
800,20,98,741.2
800,20,100,749.8
800,20,102,749.1
800,20,104,749.4
800,20,106,750.6
800,20,108,741.6
800,20,110,742.0
800,20,112,741.2
800,20,114,741.7
800,20,116,732.9
800,20,118,733.2
800,20,120,716.7
800,20,122,723.7
800,20,124,734.0
800,20,126,725.1
800,20,128,725.8
800,20,130,725.0
800,20,132,725.4
800,20,134,716.8
800,20,136,717.3
800,20,138,716.5
800,20,140,716.8
800,20,142,708.4
800,20,144,692.5
800,20,146,709.6
800,20,148,709.1
800,20,150,709.5
800,20,152,701.2
800,20,154,701.2
800,20,156,693.4
800,20,158,701.1
800,20,160,685.4
800,20,162,686.3
800,20,164,692.5
800,20,166,693.4
800,20,168,677.1
800,20,170,685.4
800,20,172,686.2
800,20,174,685.3
800,20,176,685.7
800,20,178,670.1
800,20,180,670.5
800,22,0,812.3
800,22,2,811.7
800,22,4,803.1
800,22,6,793.5
800,22,8,776.9
800,22,10,776.6
800,22,12,777.2
800,22,14,777.1
800,22,16,776.4
800,22,18,777.1
800,22,20,785.2
800,22,22,785.4
800,22,24,802.8
800,22,26,803.4
800,22,28,802.8
800,22,30,812.3
800,22,32,811.7
800,22,34,812.3
800,22,36,767.1
800,22,38,776.6
800,22,40,777.1
800,22,42,775.4
800,22,44,774.3
800,22,46,776.4
800,22,48,794.5
800,22,50,794.0
800,22,52,794.4
800,22,54,802.8
800,22,56,803.4
800,22,58,793.6
800,22,60,794.1
800,22,62,775.8
800,22,64,766.7
800,22,66,768.4
800,22,68,776.6
800,22,70,785.8
800,22,72,785.1
800,22,74,785.7
800,22,76,776.2
800,22,78,776.7
800,22,80,776.0
800,22,82,776.4
800,22,84,758.6
800,22,86,768.0
800,22,88,768.6
800,22,90,767.9
800,22,92,768.4
800,22,94,759.2
800,22,96,759.6
800,22,98,758.9
800,22,100,759.3
800,22,102,750.3
800,22,104,751.1
800,22,106,751.8
800,22,108,751.0
800,22,110,751.4
800,22,112,742.4
800,22,114,742.9
800,22,116,742.2
800,22,118,742.6
800,22,120,726.0
800,22,122,734.2
800,22,124,735.2
800,22,126,734.5
800,22,128,734.9
800,22,130,726.3
800,22,132,726.6
800,22,134,725.8
800,22,136,726.3
800,22,138,717.7
800,22,140,718.1
800,22,142,718.9
800,22,144,718.3
800,22,146,718.8
800,22,148,710.3
800,22,150,710.7
800,22,152,709.9
800,22,154,710.3
800,22,156,702.0
800,22,158,702.4
800,22,160,694.2
800,22,162,702.5
800,22,164,703.0
800,22,166,694.7
800,22,168,694.8
800,22,170,686.7
800,22,172,694.7
800,22,174,686.6
800,22,176,687.0
800,22,178,687.6
800,22,180,686.6
800,24,0,813.4
800,24,2,812.8
800,24,4,804.2
800,24,6,794.6
800,24,8,778.1
800,24,10,777.8
800,24,12,778.3
800,24,14,778.3
800,24,16,777.6
800,24,18,778.3
800,24,20,786.3
800,24,22,786.5
800,24,24,803.9
800,24,26,804.5
800,24,28,803.9
800,24,30,813.4
800,24,32,812.8
800,24,34,813.4
800,24,36,776.8
800,24,38,777.7
800,24,40,777.2
800,24,42,777.6
800,24,44,778.0
800,24,46,777.5
800,24,48,795.7
800,24,50,795.1
800,24,52,795.5
800,24,54,803.9
800,24,56,804.5
800,24,58,803.8
800,24,60,804.3
800,24,62,794.6
800,24,64,767.7
800,24,66,769.6
800,24,68,777.8
800,24,70,787.0
800,24,72,786.3
800,24,74,786.8
800,24,76,786.1
800,24,78,786.6
800,24,80,777.1
800,24,82,777.6
800,24,84,776.9
800,24,86,777.3
800,24,88,778.3
800,24,90,769.1
800,24,92,769.5
800,24,94,768.8
800,24,96,769.3
800,24,98,760.1
800,24,100,760.5
800,24,102,759.8
800,24,104,760.7
800,24,106,761.2
800,24,108,752.2
800,24,110,752.6
800,24,112,751.9
800,24,114,752.3
800,24,116,743.3
800,24,118,743.8
800,24,120,743.0
800,24,122,744.1
800,24,124,744.5
800,24,126,735.7
800,24,128,736.1
800,24,130,735.4
800,24,132,735.7
800,24,134,727.0
800,24,136,727.3
800,24,138,726.7
800,24,140,727.7
800,24,142,728.1
800,24,144,719.5
800,24,146,720.0
800,24,148,719.2
800,24,150,719.6
800,24,152,711.1
800,24,154,711.6
800,24,156,710.8
800,24,158,711.7
800,24,160,712.2
800,24,162,703.8
800,24,164,704.2
800,24,166,703.4
800,24,168,703.8
800,24,170,695.2
800,24,172,696.0
800,24,174,695.1
800,24,176,688.3
800,24,178,696.5
800,24,180,688.1
800,26,0,814.5
800,26,2,813.9
800,26,4,814.5
800,26,6,804.7
800,26,8,788.1
800,26,10,778.9
800,26,12,779.5
800,26,14,779.4
800,26,16,787.5
800,26,18,779.3
800,26,20,787.5
800,26,22,787.8
800,26,24,805.0
800,26,26,805.6
800,26,28,805.0
800,26,30,814.5
800,26,32,813.9
800,26,34,814.5
800,26,36,813.9
800,26,38,778.9
800,26,40,778.3
800,26,42,778.7
800,26,44,779.2
800,26,46,778.7
800,26,48,796.8
800,26,50,796.2
800,26,52,796.7
800,26,54,805.0
800,26,56,805.6
800,26,58,804.9
800,26,60,805.5
800,26,62,804.8
800,26,64,805.3
800,26,66,770.7
800,26,68,778.9
800,26,70,788.1
800,26,72,787.4
800,26,74,796.8
800,26,76,787.3
800,26,78,787.7
800,26,80,787.1
800,26,82,787.5
800,26,84,778.1
800,26,86,778.4
800,26,88,779.5
800,26,90,778.9
800,26,92,779.3
800,26,94,770.0
800,26,96,770.5
800,26,98,769.8
800,26,100,770.2
800,26,102,761.0
800,26,104,761.9
800,26,106,762.4
800,26,108,761.7
800,26,110,762.2
800,26,112,753.1
800,26,114,753.5
800,26,116,752.8
800,26,118,753.3
800,26,120,744.2
800,26,122,745.3
800,26,124,745.7
800,26,126,744.9
800,26,128,745.4
800,26,130,736.5
800,26,132,737.0
800,26,134,736.2
800,26,136,728.8
800,26,138,737.7
800,26,140,729.0
800,26,142,729.4
800,26,144,728.6
800,26,146,729.0
800,26,148,720.4
800,26,150,720.6
800,26,152,712.3
800,26,154,720.4
800,26,156,721.4
800,26,158,713.0
800,26,160,713.2
800,26,162,712.5
800,26,164,713.0
800,26,166,704.7
800,26,168,705.1
800,26,170,704.2
800,26,172,704.6
800,26,174,705.6
800,26,176,697.1
800,26,178,697.8
800,26,180,697.0
800,28,0,815.6
800,28,2,815.0
800,28,4,815.6
800,28,6,815.0
800,28,8,797.3
800,28,10,780.6
800,28,12,780.6
800,28,14,780.6
800,28,16,788.7
800,28,18,789.2
800,28,20,788.6
800,28,22,788.9
800,28,24,806.2
800,28,26,806.7
800,28,28,815.0
800,28,30,815.6
800,28,32,815.0
800,28,34,815.6
800,28,36,815.0
800,28,38,780.0
800,28,40,779.5
800,28,42,788.6
800,28,44,789.2
800,28,46,779.8
800,28,48,797.9
800,28,50,797.4
800,28,52,797.8
800,28,54,806.2
800,28,56,806.7
800,28,58,806.0
800,28,60,806.6
800,28,62,805.9
800,28,64,806.5
800,28,66,771.8
800,28,68,780.1
800,28,70,789.2
800,28,72,788.5
800,28,74,797.9
800,28,76,797.4
800,28,78,797.8
800,28,80,788.2
800,28,82,788.7
800,28,84,788.0
800,28,86,788.5
800,28,88,780.6
800,28,90,780.1
800,28,92,780.5
800,28,94,779.8
800,28,96,780.2
800,28,98,770.9
800,28,100,771.3
800,28,102,770.6
800,28,104,771.2
800,28,106,772.1
800,28,108,762.9
800,28,110,763.4
800,28,112,762.6
800,28,114,763.1
800,28,116,754.0
800,28,118,754.4
800,28,120,755.3
800,28,122,754.7
800,28,124,746.9
800,28,126,746.1
800,28,128,746.6
800,28,130,745.9
800,28,132,746.3
800,28,134,737.4
800,28,136,737.7
800,28,138,738.9
800,28,140,738.1
800,28,142,738.6
800,28,144,729.8
800,28,146,730.2
800,28,148,729.4
800,28,150,729.9
800,28,152,721.0
800,28,154,722.0
800,28,156,722.6
800,28,158,721.9
800,28,160,722.4
800,28,162,713.6
800,28,164,714.3
800,28,166,713.4
800,28,168,706.1
800,28,170,714.9
800,28,172,706.2
800,28,174,706.8
800,28,176,706.1
800,28,178,706.5
800,28,180,698.3
800,30,0,816.7
800,30,2,816.1
800,30,4,816.7
800,30,6,815.0
800,30,8,798.4
800,30,10,788.9
800,30,12,781.8
800,30,14,781.7
800,30,16,789.8
800,30,18,790.3
800,30,20,789.8
800,30,22,790.0
800,30,24,807.3
800,30,26,807.8
800,30,28,816.1
800,30,30,816.7
800,30,32,816.1
800,30,34,816.7
800,30,36,816.1
800,30,38,807.5
800,30,40,781.6
800,30,42,789.8
800,30,44,790.3
800,30,46,780.9
800,30,48,799.1
800,30,50,798.5
800,30,52,799.1
800,30,54,807.3
800,30,56,807.8
800,30,58,807.1
800,30,60,807.7
800,30,62,807.0
800,30,64,807.6
800,30,66,806.9
800,30,68,781.2
800,30,70,790.4
800,30,72,789.7
800,30,74,799.1
800,30,76,798.5
800,30,78,798.9
800,30,80,798.3
800,30,82,798.8
800,30,84,789.2
800,30,86,789.6
800,30,88,789.0
800,30,90,789.5
800,30,92,781.6
800,30,94,780.9
800,30,96,781.5
800,30,98,780.8
800,30,100,781.2
800,30,102,771.7
800,30,104,772.3
800,30,106,773.3
800,30,108,772.6
800,30,110,773.0
800,30,112,763.8
800,30,114,764.3
800,30,116,763.6
800,30,118,764.1
800,30,120,756.4
800,30,122,755.9
800,30,124,756.2
800,30,126,755.6
800,30,128,756.1
800,30,130,747.1
800,30,132,747.5
800,30,134,746.8
800,30,136,747.2
800,30,138,740.1
800,30,140,739.3
800,30,142,739.8
800,30,144,739.0
800,30,146,739.5
800,30,148,730.7
800,30,150,731.1
800,30,152,731.9
800,30,154,730.7
800,30,156,731.8
800,30,158,723.2
800,30,160,723.6
800,30,162,722.8
800,30,164,723.2
800,30,166,714.7
800,30,168,715.1
800,30,170,716.1
800,30,172,715.3
800,30,174,715.7
800,30,176,707.3
800,30,178,707.7
800,30,180,707.0
800,32,0,817.8
800,32,2,817.3
800,32,4,817.8
800,32,6,815.0
800,32,8,799.5
800,32,10,790.0
800,32,12,782.9
800,32,14,782.9
800,32,16,791.0
800,32,18,791.5
800,32,20,790.9
800,32,22,808.9
800,32,24,808.4
800,32,26,809.0
800,32,28,817.3
800,32,30,817.8
800,32,32,817.3
800,32,34,817.8
800,32,36,817.3
800,32,38,808.6
800,32,40,782.7
800,32,42,790.9
800,32,44,791.5
800,32,46,790.5
800,32,48,800.2
800,32,50,799.6
800,32,52,800.2
800,32,54,808.4
800,32,56,808.9
800,32,58,808.3
800,32,60,808.8
800,32,62,808.1
800,32,64,808.6
800,32,66,817.3
800,32,68,817.8
800,32,70,791.5
800,32,72,791.0
800,32,74,800.2
800,32,76,799.6
800,32,78,800.0
800,32,80,799.5
800,32,82,799.9
800,32,84,799.3
800,32,86,799.8
800,32,88,790.1
800,32,90,790.6
800,32,92,782.8
800,32,94,791.0
800,32,96,791.4
800,32,98,781.9
800,32,100,782.4
800,32,102,781.7
800,32,104,782.2
800,32,106,774.4
800,32,108,773.7
800,32,110,774.2
800,32,112,773.6
800,32,114,774.0
800,32,116,764.8
800,32,118,765.2
800,32,120,764.5
800,32,122,765.5
800,32,124,765.9
800,32,126,756.8
800,32,128,757.3
800,32,130,756.5
800,32,132,757.0
800,32,134,747.9
800,32,136,748.8
800,32,138,747.7
800,32,140,748.7
800,32,142,749.2
800,32,144,740.2
800,32,146,740.5
800,32,148,739.9
800,32,150,740.4
800,32,152,741.3
800,32,154,732.4
800,32,156,733.0
800,32,158,732.2
800,32,160,732.7
800,32,162,724.0
800,32,164,724.4
800,32,166,723.6
800,32,168,724.7
800,32,170,725.0
800,32,172,716.5
800,32,174,717.0
800,32,176,716.1
800,32,178,716.6
800,32,180,708.3
800,34,0,818.9
800,34,2,818.4
800,34,4,818.9
800,34,6,816.1
800,34,8,809.6
800,34,10,791.1
800,34,12,791.5
800,34,14,784.0
800,34,16,792.1
800,34,18,792.6
800,34,20,792.0
800,34,22,808.9
800,34,24,809.5
800,34,26,810.1
800,34,28,818.4
800,34,30,818.9
800,34,32,818.4
800,34,34,818.9
800,34,36,818.4
800,34,38,809.7
800,34,40,809.1
800,34,42,792.0
800,34,44,792.6
800,34,46,791.6
800,34,48,801.3
800,34,50,800.8
800,34,52,810.1
800,34,54,809.5
800,34,56,810.1
800,34,58,809.5
800,34,60,809.9
800,34,62,809.2
800,34,64,809.7
800,34,66,818.4
800,34,68,818.9
800,34,70,792.7
800,34,72,792.1
800,34,74,801.3
800,34,76,800.8
800,34,78,801.2
800,34,80,800.6
800,34,82,801.0
800,34,84,800.4
800,34,86,800.9
800,34,88,800.2
800,34,90,800.8
800,34,92,791.1
800,34,94,792.1
800,34,96,792.5
800,34,98,792.0
800,34,100,792.4
800,34,102,782.8
800,34,104,783.3
800,34,106,782.7
800,34,108,783.1
800,34,110,784.1
800,34,112,774.7
800,34,114,775.1
800,34,116,774.5
800,34,118,775.0
800,34,120,765.7
800,34,122,766.6
800,34,124,767.1
800,34,126,766.4
800,34,128,766.9
800,34,130,757.7
800,34,132,758.2
800,34,134,757.4
800,34,136,757.9
800,34,138,758.9
800,34,140,749.9
800,34,142,750.2
800,34,144,749.6
800,34,146,750.0
800,34,148,741.1
800,34,150,741.5
800,34,152,742.5
800,34,154,741.8
800,34,156,742.2
800,34,158,733.5
800,34,160,733.9
800,34,162,733.1
800,34,164,733.5
800,34,166,734.5
800,34,168,725.9
800,34,170,726.3
800,34,172,725.5
800,34,174,725.9
800,34,176,717.3
800,34,178,717.8
800,34,180,717.1
800,36,0,820.0
800,36,2,819.5
800,36,4,820.0
800,36,6,818.4
800,36,8,810.7
800,36,10,810.2
800,36,12,792.6
800,36,14,785.2
800,36,16,793.2
800,36,18,793.7
800,36,20,793.2
800,36,22,808.9
800,36,24,810.6
800,36,26,811.2
800,36,28,819.5
800,36,30,820.0
800,36,32,819.5
800,36,34,820.0
800,36,36,819.5
800,36,38,820.0
800,36,40,810.2
800,36,42,810.7
800,36,44,793.3
800,36,46,801.9
800,36,48,802.4
800,36,50,801.9
800,36,52,811.2
800,36,54,810.6
800,36,56,811.2
800,36,58,810.6
800,36,60,811.0
800,36,62,810.5
800,36,64,809.7
800,36,66,819.5
800,36,68,820.0
800,36,70,819.5
800,36,72,793.2
800,36,74,802.4
800,36,76,801.9
800,36,78,802.3
800,36,80,801.7
800,36,82,802.1
800,36,84,801.5
800,36,86,811.2
800,36,88,801.3
800,36,90,801.9
800,36,92,801.2
800,36,94,801.7
800,36,96,793.7
800,36,98,793.1
800,36,100,793.5
800,36,102,792.8
800,36,104,793.4
800,36,106,783.8
800,36,108,784.2
800,36,110,785.2
800,36,112,784.7
800,36,114,785.1
800,36,116,775.7
800,36,118,776.1
800,36,120,775.4
800,36,122,775.9
800,36,124,768.3
800,36,126,767.6
800,36,128,768.1
800,36,130,767.4
800,36,132,767.8
800,36,134,758.6
800,36,136,759.1
800,36,138,760.1
800,36,140,758.8
800,36,142,759.8
800,36,144,750.8
800,36,146,751.2
800,36,148,750.4
800,36,150,750.9
800,36,152,751.9
800,36,154,743.0
800,36,156,743.5
800,36,158,742.7
800,36,160,743.1
800,36,162,734.3
800,36,164,734.8
800,36,166,735.7
800,36,168,734.3
800,36,170,735.4
800,36,172,726.7
800,36,174,727.1
800,36,176,726.3
800,36,178,726.8
800,36,180,727.8
800,38,0,821.1
800,38,2,820.5
800,38,4,821.1
800,38,6,820.5
800,38,8,811.8
800,38,10,811.3
800,38,12,793.8
800,38,14,785.6
800,38,16,794.4
800,38,18,794.9
800,38,20,794.3
800,38,22,812.3
800,38,24,811.7
800,38,26,812.3
800,38,28,820.5
800,38,30,821.1
800,38,32,820.5
800,38,34,821.1
800,38,36,820.5
800,38,38,821.1
800,38,40,820.5
800,38,42,811.8
800,38,44,794.5
800,38,46,803.0
800,38,48,803.6
800,38,50,803.0
800,38,52,812.3
800,38,54,811.7
800,38,56,812.3
800,38,58,811.7
800,38,60,812.3
800,38,62,811.6
800,38,64,811.9
800,38,66,820.5
800,38,68,821.1
800,38,70,820.5
800,38,72,821.1
800,38,74,803.6
800,38,76,803.0
800,38,78,803.4
800,38,80,802.8
800,38,82,803.2
800,38,84,802.7
800,38,86,812.3
800,38,88,811.7
800,38,90,812.1
800,38,92,802.4
800,38,94,802.9
800,38,96,802.2
800,38,98,802.7
800,38,100,794.7
800,38,102,793.9
800,38,104,794.5
800,38,106,793.8
800,38,108,794.3
800,38,110,786.4
800,38,112,785.8
800,38,114,786.2
800,38,116,785.1
800,38,118,786.0
800,38,120,776.6
800,38,122,777.1
800,38,124,776.4
800,38,126,777.3
800,38,128,769.3
800,38,130,768.6
800,38,132,769.0
800,38,134,768.3
800,38,136,768.8
800,38,138,761.3
800,38,140,760.5
800,38,142,761.0
800,38,144,760.3
800,38,146,760.8
800,38,148,751.6
800,38,150,752.1
800,38,152,753.1
800,38,154,751.8
800,38,156,752.8
800,38,158,743.8
800,38,160,744.3
800,38,162,743.6
800,38,164,744.0
800,38,166,736.9
800,38,168,736.1
800,38,170,736.6
800,38,172,735.8
800,38,174,736.3
800,38,176,728.8
800,38,178,728.4
800,38,180,729.0
800,40,0,822.2
800,40,2,821.6
800,40,4,822.2
800,40,6,821.6
800,40,8,821.1
800,40,10,812.4
800,40,12,794.9
800,40,14,794.2
800,40,16,795.5
800,40,18,796.1
800,40,20,812.8
800,40,22,813.4
800,40,24,812.8
800,40,26,822.2
800,40,28,821.6
800,40,30,822.2
800,40,32,821.6
800,40,34,822.2
800,40,36,821.6
800,40,38,822.2
800,40,40,821.6
800,40,42,812.9
800,40,44,796.1
800,40,46,804.1
800,40,48,804.7
800,40,50,804.1
800,40,52,813.4
800,40,54,812.8
800,40,56,813.4
800,40,58,812.8
800,40,60,813.4
800,40,62,812.7
800,40,64,813.0
800,40,66,821.6
800,40,68,822.2
800,40,70,821.6
800,40,72,822.2
800,40,74,804.7
800,40,76,804.1
800,40,78,804.7
800,40,80,804.0
800,40,82,804.3
800,40,84,803.8
800,40,86,813.4
800,40,88,812.8
800,40,90,813.4
800,40,92,812.7
800,40,94,813.1
800,40,96,803.3
800,40,98,803.9
800,40,100,803.2
800,40,102,795.1
800,40,104,804.7
800,40,106,794.9
800,40,108,795.5
800,40,110,794.8
800,40,112,795.2
800,40,114,787.4
800,40,116,786.7
800,40,118,787.2
800,40,120,786.5
800,40,122,787.0
800,40,124,777.6
800,40,126,778.5
800,40,128,777.3
800,40,130,778.3
800,40,132,778.8
800,40,134,769.5
800,40,136,769.9
800,40,138,769.2
800,40,140,761.6
800,40,142,770.7
800,40,144,761.5
800,40,146,762.0
800,40,148,761.2
800,40,150,761.6
800,40,152,754.3
800,40,154,752.8
800,40,156,754.0
800,40,158,753.3
800,40,160,753.7
800,40,162,744.8
800,40,164,745.3
800,40,166,746.1
800,40,168,744.9
800,40,170,745.9
800,40,172,737.1
800,40,174,737.5
800,40,176,736.8
800,40,178,737.2
800,40,180,738.2
800,42,0,823.3
800,42,2,822.7
800,42,4,823.3
800,42,6,822.7
800,42,8,823.3
800,42,10,813.9
800,42,12,804.8
800,42,14,797.2
800,42,16,796.6
800,42,18,797.2
800,42,20,812.8
800,42,22,814.5
800,42,24,822.7
800,42,26,823.3
800,42,28,822.7
800,42,30,823.3
800,42,32,822.7
800,42,34,823.3
800,42,36,822.7
800,42,38,823.3
800,42,40,822.7
800,42,42,822.2
800,42,44,804.3
800,42,46,805.2
800,42,48,805.8
800,42,50,805.2
800,42,52,814.5
800,42,54,813.9
800,42,56,814.5
800,42,58,813.9
800,42,60,814.5
800,42,62,813.7
800,42,64,823.3
800,42,66,822.7
800,42,68,823.3
800,42,70,822.7
800,42,72,823.3
800,42,74,822.7
800,42,76,823.3
800,42,78,805.8
800,42,80,805.2
800,42,82,805.5
800,42,84,804.9
800,42,86,814.5
800,42,88,813.9
800,42,90,814.5
800,42,92,813.8
800,42,94,814.3
800,42,96,813.7
800,42,98,814.1
800,42,100,804.3
800,42,102,804.8
800,42,104,805.8
800,42,106,805.2
800,42,108,805.6
800,42,110,795.9
800,42,112,796.4
800,42,114,795.8
800,42,116,796.2
800,42,118,788.3
800,42,120,787.6
800,42,122,788.1
800,42,124,787.5
800,42,126,787.9
800,42,128,778.4
800,42,130,779.4
800,42,132,780.0
800,42,134,779.3
800,42,136,779.8
800,42,138,770.4
800,42,140,770.9
800,42,142,771.9
800,42,144,771.2
800,42,146,771.6
800,42,148,762.4
800,42,150,762.8
800,42,152,762.2
800,42,154,762.6
800,42,156,763.6
800,42,158,754.5
800,42,160,754.9
800,42,162,754.2
800,42,164,754.7
800,42,166,747.4
800,42,168,746.5
800,42,170,747.1
800,42,172,746.4
800,42,174,746.8
800,42,176,739.2
800,42,178,738.8
800,42,180,739.4
800,44,0,824.4
800,44,2,823.8
800,44,4,824.4
800,44,6,823.8
800,44,8,824.4
800,44,10,823.8
800,44,12,806.0
800,44,14,805.3
800,44,16,805.9
800,44,18,798.3
800,44,20,812.8
800,44,22,815.6
800,44,24,823.8
800,44,26,824.4
800,44,28,823.8
800,44,30,824.4
800,44,32,823.8
800,44,34,824.4
800,44,36,823.8
800,44,38,824.4
800,44,40,823.8
800,44,42,823.3
800,44,44,806.9
800,44,46,806.4
800,44,48,806.9
800,44,50,815.0
800,44,52,815.6
800,44,54,815.0
800,44,56,815.6
800,44,58,815.0
800,44,60,815.6
800,44,62,814.8
800,44,64,824.4
800,44,66,823.8
800,44,68,824.4
800,44,70,823.8
800,44,72,824.4
800,44,74,823.8
800,44,76,824.4
800,44,78,806.9
800,44,80,806.4
800,44,82,806.9
800,44,84,806.0
800,44,86,815.6
800,44,88,815.0
800,44,90,815.6
800,44,92,815.0
800,44,94,815.4
800,44,96,813.7
800,44,98,815.3
800,44,100,814.7
800,44,102,815.1
800,44,104,806.9
800,44,106,806.4
800,44,108,806.8
800,44,110,806.2
800,44,112,797.5
800,44,114,796.9
800,44,116,797.3
800,44,118,796.7
800,44,120,797.7
800,44,122,798.2
800,44,124,788.6
800,44,126,789.1
800,44,128,788.4
800,44,130,788.9
800,44,132,781.0
800,44,134,780.5
800,44,136,780.9
800,44,138,780.2
800,44,140,780.6
800,44,142,773.1
800,44,144,772.3
800,44,146,772.8
800,44,148,772.1
800,44,150,772.6
800,44,152,763.2
800,44,154,763.8
800,44,156,764.8
800,44,158,763.5
800,44,160,764.6
800,44,162,755.3
800,44,164,755.8
800,44,166,755.0
800,44,168,755.5
800,44,170,748.3
800,44,172,747.6
800,44,174,748.0
800,44,176,747.3
800,44,178,747.7
800,44,180,740.6
800,46,0,825.5
800,46,2,824.9
800,46,4,825.5
800,46,6,824.9
800,46,8,825.5
800,46,10,824.9
800,46,12,825.5
800,46,14,806.4
800,46,16,807.0
800,46,18,816.7
800,46,20,816.1
800,46,22,816.7
800,46,24,823.8
800,46,26,825.5
800,46,28,824.9
800,46,30,825.5
800,46,32,824.9
800,46,34,825.5
800,46,36,824.9
800,46,38,825.5
800,46,40,824.9
800,46,42,825.5
800,46,44,824.9
800,46,46,825.5
800,46,48,808.0
800,46,50,816.1
800,46,52,816.7
800,46,54,816.1
800,46,56,816.7
800,46,58,816.1
800,46,60,816.7
800,46,62,816.1
800,46,64,825.5
800,46,66,824.9
800,46,68,825.5
800,46,70,824.9
800,46,72,825.5
800,46,74,824.9
800,46,76,825.5
800,46,78,824.9
800,46,80,807.5
800,46,82,808.0
800,46,84,807.1
800,46,86,816.7
800,46,88,816.1
800,46,90,816.7
800,46,92,816.1
800,46,94,816.5
800,46,96,813.7
800,46,98,816.4
800,46,100,815.8
800,46,102,816.4
800,46,104,815.7
800,46,106,816.1
800,46,108,807.9
800,46,110,807.3
800,46,112,798.6
800,46,114,807.1
800,46,116,807.7
800,46,118,797.9
800,46,120,798.9
800,46,122,799.4
800,46,124,798.8
800,46,126,799.2
800,46,128,789.5
800,46,130,790.0
800,46,132,789.4
800,46,134,790.4
800,46,136,790.9
800,46,138,781.3
800,46,140,781.9
800,46,142,781.1
800,46,144,781.7
800,46,146,773.9
800,46,148,773.2
800,46,150,773.7
800,46,152,773.0
800,46,154,773.5
800,46,156,766.0
800,46,158,765.2
800,46,160,765.7
800,46,162,765.0
800,46,164,765.5
800,46,166,756.2
800,46,168,757.2
800,46,170,756.0
800,46,172,757.1
800,46,174,757.6
800,46,176,749.8
800,46,178,748.9
800,46,180,748.3
800,48,0,826.6
800,48,2,826.0
800,48,4,826.6
800,48,6,826.0
800,48,8,826.6
800,48,10,826.0
800,48,12,826.6
800,48,14,807.5
800,48,16,808.0
800,48,18,817.8
800,48,20,817.3
800,48,22,817.8
800,48,24,823.8
800,48,26,826.6
800,48,28,826.0
800,48,30,826.6
800,48,32,826.0
800,48,34,826.6
800,48,36,826.0
800,48,38,826.6
800,48,40,826.0
800,48,42,826.6
800,48,44,826.0
800,48,46,826.6
800,48,48,826.0
800,48,50,817.3
800,48,52,817.8
800,48,54,817.3
800,48,56,817.8
800,48,58,817.3
800,48,60,817.8
800,48,62,817.3
800,48,64,826.6
800,48,66,826.0
800,48,68,826.6
800,48,70,826.0
800,48,72,826.6
800,48,74,826.0
800,48,76,826.6
800,48,78,826.0
800,48,80,826.6
800,48,82,809.1
800,48,84,808.3
800,48,86,817.8
800,48,88,817.3
800,48,90,817.8
800,48,92,817.2
800,48,94,817.6
800,48,96,814.8
800,48,98,817.5
800,48,100,816.9
800,48,102,817.5
800,48,104,816.8
800,48,106,817.3
800,48,108,816.7
800,48,110,808.4
800,48,112,799.8
800,48,114,808.3
800,48,116,808.8
800,48,118,808.1
800,48,120,808.6
800,48,122,800.5
800,48,124,799.9
800,48,126,800.4
800,48,128,799.7
800,48,130,800.1
800,48,132,790.5
800,48,134,791.5
800,48,136,792.1
800,48,138,791.4
800,48,140,783.0
800,48,142,782.3
800,48,144,782.7
800,48,146,782.1
800,48,148,783.1
800,48,150,774.9
800,48,152,774.2
800,48,154,774.7
800,48,156,773.9
800,48,158,774.4
800,48,160,766.9
800,48,162,766.2
800,48,164,766.7
800,48,166,765.9
800,48,168,766.4
800,48,170,757.2
800,48,172,758.3
800,48,174,758.6
800,48,176,758.0
800,48,178,749.9
800,48,180,749.4
800,50,0,827.6
800,50,2,827.1
800,50,4,827.6
800,50,6,827.1
800,50,8,827.6
800,50,10,827.1
800,50,12,827.6
800,50,14,827.1
800,50,16,809.7
800,50,18,818.9
800,50,20,818.4
800,50,22,818.9
800,50,24,827.1
800,50,26,827.6
800,50,28,827.1
800,50,30,827.6
800,50,32,827.1
800,50,34,827.6
800,50,36,827.1
800,50,38,827.6
800,50,40,827.1
800,50,42,827.6
800,50,44,827.1
800,50,46,827.6
800,50,48,827.1
800,50,50,818.4
800,50,52,818.9
800,50,54,818.4
800,50,56,818.9
800,50,58,818.4
800,50,60,818.9
800,50,62,818.4
800,50,64,827.6
800,50,66,827.1
800,50,68,827.6
800,50,70,827.1
800,50,72,827.6
800,50,74,827.1
800,50,76,827.6
800,50,78,827.1
800,50,80,827.6
800,50,82,810.2
800,50,84,809.4
800,50,86,818.9
800,50,88,818.4
800,50,90,818.9
800,50,92,818.4
800,50,94,818.7
800,50,96,817.1
800,50,98,818.6
800,50,100,818.0
800,50,102,818.6
800,50,104,817.9
800,50,106,818.4
800,50,108,817.8
800,50,110,818.3
800,50,112,800.9
800,50,114,809.4
800,50,116,809.9
800,50,118,809.2
800,50,120,809.8
800,50,122,809.1
800,50,124,809.6
800,50,126,801.5
800,50,128,800.9
800,50,130,801.3
800,50,132,800.7
800,50,134,801.1
800,50,136,793.2
800,50,138,792.5
800,50,140,793.0
800,50,142,792.3
800,50,144,783.9
800,50,146,783.3
800,50,148,784.3
800,50,150,783.1
800,50,152,784.0
800,50,154,784.6
800,50,156,775.1
800,50,158,775.6
800,50,160,774.9
800,50,162,776.0
800,50,164,776.4
800,50,166,767.1
800,50,168,767.6
800,50,170,766.9
800,50,172,767.3
800,50,174,768.3
800,50,176,759.1
800,50,178,759.4
800,50,180,758.9
800,52,0,828.7
800,52,2,828.2
800,52,4,828.7
800,52,6,828.2
800,52,8,828.7
800,52,10,828.2
800,52,12,828.7
800,52,14,828.2
800,52,16,819.4
800,52,18,820.0
800,52,20,819.5
800,52,22,820.0
800,52,24,828.2
800,52,26,828.7
800,52,28,828.2
800,52,30,828.7
800,52,32,828.2
800,52,34,828.7
800,52,36,828.2
800,52,38,828.7
800,52,40,828.2
800,52,42,828.7
800,52,44,828.2
800,52,46,828.7
800,52,48,828.2
800,52,50,819.5
800,52,52,820.0
800,52,54,819.5
800,52,56,820.0
800,52,58,819.5
800,52,60,820.0
800,52,62,828.2
800,52,64,828.7
800,52,66,828.2
800,52,68,828.7
800,52,70,828.2
800,52,72,828.7
800,52,74,828.2
800,52,76,828.7
800,52,78,828.2
800,52,80,828.7
800,52,82,818.8
800,52,84,819.5
800,52,86,820.0
800,52,88,819.5
800,52,90,820.0
800,52,92,819.5
800,52,94,819.9
800,52,96,819.5
800,52,98,819.7
800,52,100,819.1
800,52,102,819.7
800,52,104,819.0
800,52,106,819.5
800,52,108,818.9
800,52,110,819.4
800,52,112,818.8
800,52,114,810.5
800,52,116,811.0
800,52,118,810.3
800,52,120,810.9
800,52,122,810.2
800,52,124,810.8
800,52,126,810.1
800,52,128,810.6
800,52,130,802.4
800,52,132,801.8
800,52,134,802.3
800,52,136,801.7
800,52,138,802.1
800,52,140,794.1
800,52,142,793.4
800,52,144,792.3
800,52,146,793.2
800,52,148,793.8
800,52,150,784.1
800,52,152,785.2
800,52,154,785.8
800,52,156,784.4
800,52,158,785.5
800,52,160,776.1
800,52,162,777.1
800,52,164,777.6
800,52,166,776.8
800,52,168,768.8
800,52,170,768.0
800,52,172,768.5
800,52,174,769.5
800,52,176,768.2
800,52,178,769.2
800,52,180,760.1
800,54,0,829.8
800,54,2,829.3
800,54,4,829.8
800,54,6,829.3
800,54,8,829.8
800,54,10,829.3
800,54,12,829.8
800,54,14,829.3
800,54,16,829.8
800,54,18,821.1
800,54,20,820.5
800,54,22,829.8
800,54,24,829.3
800,54,26,829.8
800,54,28,829.3
800,54,30,829.8
800,54,32,829.3
800,54,34,829.8
800,54,36,829.3
800,54,38,829.8
800,54,40,829.3
800,54,42,829.8
800,54,44,829.3
800,54,46,829.8
800,54,48,829.3
800,54,50,820.5
800,54,52,821.1
800,54,54,820.5
800,54,56,821.1
800,54,58,820.5
800,54,60,821.1
800,54,62,829.3
800,54,64,829.8
800,54,66,829.3
800,54,68,829.8
800,54,70,829.3
800,54,72,829.8
800,54,74,829.3
800,54,76,829.8
800,54,78,829.3
800,54,80,829.8
800,54,82,829.3
800,54,84,820.5
800,54,86,821.1
800,54,88,820.5
800,54,90,821.1
800,54,92,820.5
800,54,94,821.0
800,54,96,820.5
800,54,98,821.1
800,54,100,820.3
800,54,102,820.6
800,54,104,820.1
800,54,106,820.6
800,54,108,820.0
800,54,110,819.4
800,54,112,829.3
800,54,114,829.8
800,54,116,812.1
800,54,118,811.5
800,54,120,812.0
800,54,122,811.3
800,54,124,811.9
800,54,126,811.3
800,54,128,811.7
800,54,130,803.5
800,54,132,811.5
800,54,134,803.4
800,54,136,802.8
800,54,138,803.3
800,54,140,802.6
800,54,142,803.1
800,54,144,793.3
800,54,146,794.4
800,54,148,794.9
800,54,150,794.3
800,54,152,794.7
800,54,154,786.7
800,54,156,786.2
800,54,158,786.7
800,54,160,786.0
800,54,162,786.5
800,54,164,778.7
800,54,166,778.0
800,54,168,776.8
800,54,170,777.8
800,54,172,778.3
800,54,174,770.7
800,54,176,769.9
800,54,178,770.4
800,54,180,769.8
800,56,0,830.9
800,56,2,830.4
800,56,4,830.9
800,56,6,830.4
800,56,8,830.9
800,56,10,830.4
800,56,12,830.9
800,56,14,830.4
800,56,16,830.9
800,56,18,830.4
800,56,20,821.6
800,56,22,830.9
800,56,24,830.4
800,56,26,830.9
800,56,28,830.4
800,56,30,830.9
800,56,32,830.4
800,56,34,830.9
800,56,36,830.4
800,56,38,830.9
800,56,40,830.4
800,56,42,830.9
800,56,44,830.4
800,56,46,830.9
800,56,48,830.4
800,56,50,828.7
800,56,52,822.2
800,56,54,821.6
800,56,56,822.2
800,56,58,821.6
800,56,60,822.2
800,56,62,829.3
800,56,64,830.9
800,56,66,830.4
800,56,68,830.9
800,56,70,830.4
800,56,72,830.9
800,56,74,830.4
800,56,76,830.9
800,56,78,830.4
800,56,80,830.9
800,56,82,830.4
800,56,84,821.6
800,56,86,822.2
800,56,88,821.6
800,56,90,822.2
800,56,92,821.6
800,56,94,822.1
800,56,96,821.6
800,56,98,822.2
800,56,100,821.4
800,56,102,821.8
800,56,104,821.2
800,56,106,821.7
800,56,108,821.1
800,56,110,819.4
800,56,112,830.4
800,56,114,830.9
800,56,116,830.4
800,56,118,830.9
800,56,120,813.1
800,56,122,812.4
800,56,124,812.8
800,56,126,821.6
800,56,128,822.2
800,56,130,812.2
800,56,132,812.7
800,56,134,812.1
800,56,136,812.5
800,56,138,813.6
800,56,140,803.7
800,56,142,804.2
800,56,144,803.5
800,56,146,804.1
800,56,148,805.0
800,56,150,795.4
800,56,152,795.9
800,56,154,795.2
800,56,156,795.6
800,56,158,787.8
800,56,160,787.1
800,56,162,787.6
800,56,164,786.9
800,56,166,787.4
800,56,168,777.9
800,56,170,779.0
800,56,172,779.4
800,56,174,778.7
800,56,176,779.2
800,56,178,771.6
800,56,180,771.0
800,58,0,832.0
800,58,2,831.4
800,58,4,832.0
800,58,6,831.4
800,58,8,832.0
800,58,10,831.4
800,58,12,832.0
800,58,14,831.4
800,58,16,832.0
800,58,18,832.0
800,58,20,831.4
800,58,22,832.0
800,58,24,831.4
800,58,26,832.0
800,58,28,831.4
800,58,30,832.0
800,58,32,831.4
800,58,34,832.0
800,58,36,831.4
800,58,38,832.0
800,58,40,831.4
800,58,42,832.0
800,58,44,831.4
800,58,46,832.0
800,58,48,831.4
800,58,50,832.0
800,58,52,823.3
800,58,54,822.7
800,58,56,823.3
800,58,58,822.7
800,58,60,823.3
800,58,62,831.4
800,58,64,832.0
800,58,66,831.4
800,58,68,832.0
800,58,70,831.4
800,58,72,832.0
800,58,74,831.4
800,58,76,832.0
800,58,78,831.4
800,58,80,832.0
800,58,82,831.4
800,58,84,832.0
800,58,86,823.3
800,58,88,822.7
800,58,90,823.3
800,58,92,822.7
800,58,94,823.3
800,58,96,822.7
800,58,98,823.3
800,58,100,822.7
800,58,102,822.9
800,58,104,822.3
800,58,106,822.8
800,58,108,822.2
800,58,110,822.6
800,58,112,831.4
800,58,114,832.0
800,58,116,831.4
800,58,118,832.0
800,58,120,814.2
800,58,122,812.5
800,58,124,813.9
800,58,126,822.7
800,58,128,823.3
800,58,130,822.6
800,58,132,823.2
800,58,134,813.2
800,58,136,813.7
800,58,138,814.7
800,58,140,814.1
800,58,142,814.5
800,58,144,804.7
800,58,146,805.2
800,58,148,806.2
800,58,150,805.6
800,58,152,806.0
800,58,154,796.3
800,58,156,796.8
800,58,158,796.2
800,58,160,797.2
800,58,162,797.7
800,58,164,788.1
800,58,166,788.5
800,58,168,787.8
800,58,170,788.4
800,58,172,789.4
800,58,174,779.9
800,58,176,780.3
800,58,178,779.7
800,58,180,780.3
800,60,0,833.1
800,60,2,832.5
800,60,4,833.1
800,60,6,832.5
800,60,8,833.1
800,60,10,832.5
800,60,12,833.1
800,60,14,832.5
800,60,16,833.1
800,60,18,833.1
800,60,20,832.5
800,60,22,833.1
800,60,24,832.5
800,60,26,833.1
800,60,28,832.5
800,60,30,833.1
800,60,32,832.5
800,60,34,833.1
800,60,36,832.5
800,60,38,833.1
800,60,40,832.5
800,60,42,833.1
800,60,44,832.5
800,60,46,833.1
800,60,48,832.5
800,60,50,833.1
800,60,52,832.5
800,60,54,833.1
800,60,56,824.4
800,60,58,823.8
800,60,60,824.4
800,60,62,832.5
800,60,64,833.1
800,60,66,832.5
800,60,68,833.1
800,60,70,832.5
800,60,72,833.1
800,60,74,832.5
800,60,76,833.1
800,60,78,832.5
800,60,80,833.1
800,60,82,832.5
800,60,84,833.1
800,60,86,824.4
800,60,88,833.1
800,60,90,824.4
800,60,92,823.8
800,60,94,824.4
800,60,96,823.8
800,60,98,824.4
800,60,100,823.8
800,60,102,824.4
800,60,104,823.5
800,60,106,823.9
800,60,108,823.4
800,60,110,823.7
800,60,112,832.5
800,60,114,833.1
800,60,116,832.5
800,60,118,833.1
800,60,120,832.5
800,60,122,833.1
800,60,124,815.1
800,60,126,823.8
800,60,128,824.4
800,60,130,823.8
800,60,132,824.4
800,60,134,823.7
800,60,136,814.7
800,60,138,815.8
800,60,140,815.2
800,60,142,815.8
800,60,144,815.1
800,60,146,806.3
800,60,148,807.3
800,60,150,806.7
800,60,152,807.2
800,60,154,806.6
800,60,156,797.9
800,60,158,797.3
800,60,160,798.3
800,60,162,798.9
800,60,164,798.2
800,60,166,798.7
800,60,168,789.0
800,60,170,789.5
800,60,172,790.6
800,60,174,789.3
800,60,176,790.3
800,60,178,780.9
800,60,180,781.4
800,62,0,834.1
800,62,2,833.6
800,62,4,834.1
800,62,6,833.6
800,62,8,834.1
800,62,10,833.6
800,62,12,834.1
800,62,14,833.6
800,62,16,834.1
800,62,18,834.1
800,62,20,833.6
800,62,22,834.1
800,62,24,833.6
800,62,26,834.1
800,62,28,833.6
800,62,30,834.1
800,62,32,833.6
800,62,34,834.1
800,62,36,833.6
800,62,38,834.1
800,62,40,833.6
800,62,42,834.1
800,62,44,833.6
800,62,46,834.1
800,62,48,833.6
800,62,50,834.1
800,62,52,833.6
800,62,54,834.1
800,62,56,825.5
800,62,58,824.9
800,62,60,834.1
800,62,62,833.6
800,62,64,834.1
800,62,66,833.6
800,62,68,834.1
800,62,70,833.6
800,62,72,834.1
800,62,74,833.6
800,62,76,834.1
800,62,78,833.6
800,62,80,834.1
800,62,82,833.6
800,62,84,834.1
800,62,86,833.6
800,62,88,834.1
800,62,90,833.6
800,62,92,834.1
800,62,94,825.5
800,62,96,824.9
800,62,98,825.5
800,62,100,824.9
800,62,102,825.5
800,62,104,824.6
800,62,106,825.0
800,62,108,824.4
800,62,110,824.9
800,62,112,833.6
800,62,114,834.1
800,62,116,833.6
800,62,118,834.1
800,62,120,833.6
800,62,122,834.1
800,62,124,825.5
800,62,126,824.9
800,62,128,825.5
800,62,130,824.9
800,62,132,825.5
800,62,134,824.8
800,62,136,825.3
800,62,138,816.9
800,62,140,825.1
800,62,142,816.9
800,62,144,816.2
800,62,146,815.0
800,62,148,815.5
800,62,150,816.5
800,62,152,808.4
800,62,154,807.7
800,62,156,808.2
800,62,158,807.0
800,62,160,808.0
800,62,162,800.0
800,62,164,799.3
800,62,166,799.8
800,62,168,799.1
800,62,170,799.6
800,62,172,791.7
800,62,174,790.5
800,62,176,791.5
800,62,178,790.2
800,62,180,791.5
800,64,0,835.2
800,64,2,834.7
800,64,4,835.2
800,64,6,834.7
800,64,8,835.2
800,64,10,834.7
800,64,12,835.2
800,64,14,834.7
800,64,16,835.2
800,64,18,835.2
800,64,20,834.7
800,64,22,835.2
800,64,24,834.7
800,64,26,835.2
800,64,28,834.7
800,64,30,835.2
800,64,32,834.7
800,64,34,835.2
800,64,36,834.7
800,64,38,835.2
800,64,40,834.7
800,64,42,835.2
800,64,44,834.7
800,64,46,835.2
800,64,48,834.7
800,64,50,835.2
800,64,52,834.7
800,64,54,835.2
800,64,56,835.2
800,64,58,834.7
800,64,60,835.2
800,64,62,834.7
800,64,64,835.2
800,64,66,834.7
800,64,68,835.2
800,64,70,834.7
800,64,72,835.2
800,64,74,834.7
800,64,76,835.2
800,64,78,834.7
800,64,80,835.2
800,64,82,834.7
800,64,84,835.2
800,64,86,834.7
800,64,88,835.2
800,64,90,834.7
800,64,92,835.2
800,64,94,834.7
800,64,96,826.0
800,64,98,826.6
800,64,100,826.0
800,64,102,826.4
800,64,104,825.8
800,64,106,826.3
800,64,108,825.5
800,64,110,826.0
800,64,112,834.7
800,64,114,835.2
800,64,116,834.7
800,64,118,835.2
800,64,120,834.7
800,64,122,835.2
800,64,124,834.7
800,64,126,835.2
800,64,128,826.6
800,64,130,826.0
800,64,132,826.5
800,64,134,826.0
800,64,136,826.5
800,64,138,825.9
800,64,140,826.2
800,64,142,825.7
800,64,144,826.2
800,64,146,816.2
800,64,148,816.7
800,64,150,817.7
800,64,152,817.1
800,64,154,808.8
800,64,156,809.3
800,64,158,808.1
800,64,160,809.1
800,64,162,808.5
800,64,164,800.4
800,64,166,800.9
800,64,168,800.2
800,64,170,800.8
800,64,172,799.5
800,64,174,800.6
800,64,176,792.6
800,64,178,791.9
800,64,180,792.6
800,66,0,836.3
800,66,2,835.8
800,66,4,836.3
800,66,6,835.8
800,66,8,836.3
800,66,10,835.8
800,66,12,836.3
800,66,14,835.8
800,66,16,836.3
800,66,18,836.3
800,66,20,835.8
800,66,22,836.3
800,66,24,836.3
800,66,26,836.3
800,66,28,835.8
800,66,30,836.3
800,66,32,835.8
800,66,34,836.3
800,66,36,835.8
800,66,38,836.3
800,66,40,835.8
800,66,42,836.3
800,66,44,835.8
800,66,46,836.3
800,66,48,835.8
800,66,50,836.3
800,66,52,835.8
800,66,54,836.3
800,66,56,836.3
800,66,58,836.3
800,66,60,836.3
800,66,62,835.8
800,66,64,836.3
800,66,66,835.8
800,66,68,836.3
800,66,70,835.8
800,66,72,836.3
800,66,74,835.8
800,66,76,836.3
800,66,78,835.8
800,66,80,836.3
800,66,82,835.8
800,66,84,836.3
800,66,86,835.8
800,66,88,836.3
800,66,90,835.8
800,66,92,836.3
800,66,94,835.8
800,66,96,827.1
800,66,98,827.6
800,66,100,827.1
800,66,102,827.5
800,66,104,827.1
800,66,106,827.6
800,66,108,826.8
800,66,110,836.3
800,66,112,835.8
800,66,114,836.3
800,66,116,835.8
800,66,118,836.3
800,66,120,835.8
800,66,122,836.3
800,66,124,835.8
800,66,126,836.3
800,66,128,835.8
800,66,130,827.1
800,66,132,827.6
800,66,134,827.1
800,66,136,827.6
800,66,138,826.9
800,66,140,827.3
800,66,142,826.8
800,66,144,827.3
800,66,146,826.6
800,66,148,827.2
800,66,150,818.8
800,66,152,818.2
800,66,154,818.6
800,66,156,818.0
800,66,158,818.6
800,66,160,810.2
800,66,162,809.7
800,66,164,810.2
800,66,166,809.5
800,66,168,810.0
800,66,170,801.9
800,66,172,800.6
800,66,174,801.7
800,66,176,801.0
800,66,178,801.6
800,66,180,793.7
800,68,0,837.4
800,68,2,836.8
800,68,4,837.4
800,68,6,836.8
800,68,8,837.4
800,68,10,836.8
800,68,12,837.4
800,68,14,837.4
800,68,16,837.4
800,68,18,837.4
800,68,20,837.4
800,68,22,837.4
800,68,24,837.4
800,68,26,837.4
800,68,28,837.4
800,68,30,837.4
800,68,32,836.8
800,68,34,837.4
800,68,36,836.8
800,68,38,837.4
800,68,40,836.8
800,68,42,837.4
800,68,44,836.8
800,68,46,837.4
800,68,48,836.8
800,68,50,837.4
800,68,52,836.8
800,68,54,837.4
800,68,56,837.4
800,68,58,837.4
800,68,60,837.4
800,68,62,837.4
800,68,64,837.4
800,68,66,836.8
800,68,68,837.4
800,68,70,836.8
800,68,72,837.4
800,68,74,836.8
800,68,76,837.4
800,68,78,836.8
800,68,80,837.4
800,68,82,836.8
800,68,84,837.4
800,68,86,836.8
800,68,88,837.4
800,68,90,836.8
800,68,92,837.4
800,68,94,836.8
800,68,96,837.4
800,68,98,836.8
800,68,100,828.2
800,68,102,828.7
800,68,104,828.2
800,68,106,828.7
800,68,108,828.2
800,68,110,837.4
800,68,112,836.8
800,68,114,837.4
800,68,116,836.8
800,68,118,837.4
800,68,120,836.8
800,68,122,837.4
800,68,124,836.8
800,68,126,837.4
800,68,128,836.8
800,68,130,837.4
800,68,132,828.7
800,68,134,828.2
800,68,136,828.7
800,68,138,828.0
800,68,140,828.4
800,68,142,827.8
800,68,144,828.4
800,68,146,827.8
800,68,148,828.4
800,68,150,827.7
800,68,152,819.3
800,68,154,819.7
800,68,156,819.2
800,68,158,819.7
800,68,160,819.0
800,68,162,819.5
800,68,164,811.3
800,68,166,810.6
800,68,168,811.2
800,68,170,810.4
800,68,172,811.0
800,68,174,802.8
800,68,176,802.3
800,68,178,802.7
800,68,180,802.1
800,70,0,838.5
800,70,2,837.9
800,70,4,838.5
800,70,6,837.9
800,70,8,838.5
800,70,10,838.5
800,70,12,838.5
800,70,14,838.5
800,70,16,838.5
800,70,18,838.5
800,70,20,838.5
800,70,22,838.5
800,70,24,838.5
800,70,26,838.5
800,70,28,838.5
800,70,30,838.5
800,70,32,837.9
800,70,34,838.5
800,70,36,837.9
800,70,38,838.5
800,70,40,837.9
800,70,42,838.5
800,70,44,837.9
800,70,46,838.5
800,70,48,837.9
800,70,50,838.5
800,70,52,837.9
800,70,54,838.5
800,70,56,838.5
800,70,58,838.5
800,70,60,838.5
800,70,62,838.5
800,70,64,838.5
800,70,66,838.5
800,70,68,838.5
800,70,70,837.9
800,70,72,838.5
800,70,74,837.9
800,70,76,838.5
800,70,78,837.9
800,70,80,838.5
800,70,82,837.9
800,70,84,838.5
800,70,86,837.9
800,70,88,838.5
800,70,90,837.9
800,70,92,838.5
800,70,94,837.9
800,70,96,838.5
800,70,98,837.9
800,70,100,838.5
800,70,102,829.8
800,70,104,829.3
800,70,106,829.8
800,70,108,829.3
800,70,110,838.5
800,70,112,837.9
800,70,114,838.5
800,70,116,837.9
800,70,118,838.5
800,70,120,837.9
800,70,122,838.5
800,70,124,837.9
800,70,126,838.5
800,70,128,837.9
800,70,130,838.5
800,70,132,837.9
800,70,134,838.5
800,70,136,829.8
800,70,138,829.1
800,70,140,829.5
800,70,142,828.9
800,70,144,829.5
800,70,146,828.9
800,70,148,829.5
800,70,150,828.8
800,70,152,829.3
800,70,154,828.6
800,70,156,829.2
800,70,158,820.8
800,70,160,820.1
800,70,162,820.6
800,70,164,820.1
800,70,166,820.5
800,70,168,812.3
800,70,170,811.6
800,70,172,812.1
800,70,174,811.5
800,70,176,812.0
800,70,178,803.8
800,70,180,803.3
800,72,0,839.5
800,72,2,839.0
800,72,4,839.5
800,72,6,839.5
800,72,8,839.5
800,72,10,839.5
800,72,12,839.5
800,72,14,839.5
800,72,16,839.5
800,72,18,839.5
800,72,20,839.5
800,72,22,839.5
800,72,24,839.5
800,72,26,839.5
800,72,28,839.5
800,72,30,839.5
800,72,32,839.5
800,72,34,839.5
800,72,36,839.0
800,72,38,839.5
800,72,40,839.0
800,72,42,839.5
800,72,44,839.0
800,72,46,839.5
800,72,48,839.0
800,72,50,839.5
800,72,52,839.0
800,72,54,839.5
800,72,56,839.0
800,72,58,839.5
800,72,60,839.5
800,72,62,839.5
800,72,64,839.5
800,72,66,839.5
800,72,68,839.5
800,72,70,839.5
800,72,72,839.5
800,72,74,839.0
800,72,76,839.5
800,72,78,839.0
800,72,80,839.5
800,72,82,839.0
800,72,84,839.5
800,72,86,839.0
800,72,88,839.5
800,72,90,839.0
800,72,92,839.5
800,72,94,839.0
800,72,96,839.5
800,72,98,839.0
800,72,100,839.5
800,72,102,830.9
800,72,104,830.4
800,72,106,830.9
800,72,108,839.0
800,72,110,839.5
800,72,112,839.0
800,72,114,839.5
800,72,116,839.0
800,72,118,839.5
800,72,120,839.0
800,72,122,839.5
800,72,124,839.0
800,72,126,839.5
800,72,128,839.0
800,72,130,839.5
800,72,132,839.0
800,72,134,839.5
800,72,136,839.0
800,72,138,830.2
800,72,140,830.5
800,72,142,830.0
800,72,144,830.6
800,72,146,830.0
800,72,148,830.6
800,72,150,829.9
800,72,152,830.4
800,72,154,829.8
800,72,156,830.4
800,72,158,829.7
800,72,160,830.1
800,72,162,821.7
800,72,164,821.2
800,72,166,821.7
800,72,168,821.1
800,72,170,821.5
800,72,172,813.2
800,72,174,812.6
800,72,176,813.1
800,72,178,812.4
800,72,180,813.1
800,74,0,840.6
800,74,2,840.6
800,74,4,840.6
800,74,6,840.6
800,74,8,840.6
800,74,10,840.6
800,74,12,840.6
800,74,14,840.6
800,74,16,840.6
800,74,18,840.6
800,74,20,840.6
800,74,22,840.6
800,74,24,840.6
800,74,26,840.6
800,74,28,840.6
800,74,30,840.6
800,74,32,840.6
800,74,34,840.6
800,74,36,840.6
800,74,38,840.6
800,74,40,840.1
800,74,42,840.6
800,74,44,840.1
800,74,46,840.6
800,74,48,840.1
800,74,50,840.6
800,74,52,840.1
800,74,54,840.6
800,74,56,840.1
800,74,58,840.6
800,74,60,840.6
800,74,62,840.6
800,74,64,840.6
800,74,66,840.6
800,74,68,840.6
800,74,70,840.6
800,74,72,840.6
800,74,74,840.6
800,74,76,840.6
800,74,78,840.1
800,74,80,840.6
800,74,82,840.1
800,74,84,840.6
800,74,86,840.1
800,74,88,840.6
800,74,90,840.1
800,74,92,840.6
800,74,94,840.1
800,74,96,840.6
800,74,98,840.1
800,74,100,840.6
800,74,102,840.1
800,74,104,840.6
800,74,106,832.0
800,74,108,840.1
800,74,110,840.6
800,74,112,840.1
800,74,114,840.6
800,74,116,840.1
800,74,118,840.6
800,74,120,840.1
800,74,122,840.6
800,74,124,840.1
800,74,126,840.6
800,74,128,840.1
800,74,130,840.6
800,74,132,840.1
800,74,134,840.6
800,74,136,840.1
800,74,138,840.6
800,74,140,831.6
800,74,142,831.4
800,74,144,831.6
800,74,146,831.1
800,74,148,831.5
800,74,150,831.0
800,74,152,831.4
800,74,154,830.9
800,74,156,831.4
800,74,158,830.9
800,74,160,831.3
800,74,162,830.7
800,74,164,831.2
800,74,166,822.8
800,74,168,822.2
800,74,170,822.6
800,74,172,822.1
800,74,174,822.5
800,74,176,814.2
800,74,178,813.6
800,74,180,814.2
800,76,0,841.7
800,76,2,841.7
800,76,4,841.7
800,76,6,841.7
800,76,8,841.7
800,76,10,841.7
800,76,12,841.7
800,76,14,841.7
800,76,16,841.7
800,76,18,841.7
800,76,20,841.7
800,76,22,841.7
800,76,24,841.7
800,76,26,841.7
800,76,28,841.7
800,76,30,841.7
800,76,32,841.7
800,76,34,841.7
800,76,36,841.7
800,76,38,841.7
800,76,40,841.1
800,76,42,841.7
800,76,44,841.1
800,76,46,841.7
800,76,48,841.1
800,76,50,841.7
800,76,52,841.1
800,76,54,841.7
800,76,56,841.7
800,76,58,841.7
800,76,60,841.7
800,76,62,841.7
800,76,64,841.7
800,76,66,841.7
800,76,68,841.7
800,76,70,841.7
800,76,72,841.7
800,76,74,841.7
800,76,76,841.7
800,76,78,841.1
800,76,80,841.7
800,76,82,841.1
800,76,84,841.7
800,76,86,841.1
800,76,88,841.7
800,76,90,841.1
800,76,92,841.7
800,76,94,841.1
800,76,96,841.7
800,76,98,841.1
800,76,100,841.7
800,76,102,841.1
800,76,104,841.7
800,76,106,841.7
800,76,108,841.1
800,76,110,841.7
800,76,112,841.1
800,76,114,841.7
800,76,116,841.1
800,76,118,841.7
800,76,120,841.1
800,76,122,841.7
800,76,124,841.1
800,76,126,841.7
800,76,128,841.1
800,76,130,841.7
800,76,132,841.1
800,76,134,841.7
800,76,136,841.1
800,76,138,841.7
800,76,140,841.1
800,76,142,841.7
800,76,144,832.7
800,76,146,832.5
800,76,148,831.7
800,76,150,831.0
800,76,152,832.5
800,76,154,832.0
800,76,156,832.5
800,76,158,832.0
800,76,160,832.4
800,76,162,831.8
800,76,164,832.4
800,76,166,831.7
800,76,168,832.2
800,76,170,822.6
800,76,172,823.1
800,76,174,823.7
800,76,176,823.0
800,76,178,824.0
800,76,180,824.6
800,78,0,842.7
800,78,2,842.7
800,78,4,842.7
800,78,6,842.7
800,78,8,842.7
800,78,10,842.7
800,78,12,842.7
800,78,14,842.7
800,78,16,842.7
800,78,18,842.7
800,78,20,842.7
800,78,22,842.7
800,78,24,842.7
800,78,26,842.7
800,78,28,842.7
800,78,30,842.7
800,78,32,842.7
800,78,34,842.7
800,78,36,842.7
800,78,38,842.7
800,78,40,842.7
800,78,42,842.7
800,78,44,842.2
800,78,46,842.7
800,78,48,842.2
800,78,50,842.7
800,78,52,842.7
800,78,54,842.7
800,78,56,842.7
800,78,58,842.7
800,78,60,842.7
800,78,62,842.7
800,78,64,842.7
800,78,66,842.7
800,78,68,842.7
800,78,70,842.7
800,78,72,842.7
800,78,74,842.7
800,78,76,842.7
800,78,78,842.7
800,78,80,842.7
800,78,82,842.2
800,78,84,842.7
800,78,86,842.2
800,78,88,842.7
800,78,90,842.2
800,78,92,842.7
800,78,94,842.2
800,78,96,842.7
800,78,98,842.2
800,78,100,842.7
800,78,102,842.2
800,78,104,842.7
800,78,106,842.7
800,78,108,842.7
800,78,110,842.7
800,78,112,842.7
800,78,114,842.7
800,78,116,842.2
800,78,118,842.7
800,78,120,842.2
800,78,122,842.7
800,78,124,842.2
800,78,126,842.7
800,78,128,842.2
800,78,130,842.7
800,78,132,842.2
800,78,134,842.7
800,78,136,842.2
800,78,138,842.7
800,78,140,842.2
800,78,142,842.7
800,78,144,842.2
800,78,146,833.6
800,78,148,834.1
800,78,150,833.1
800,78,152,833.6
800,78,154,833.1
800,78,156,833.6
800,78,158,833.1
800,78,160,833.5
800,78,162,832.9
800,78,164,833.5
800,78,166,832.9
800,78,168,833.2
800,78,170,832.7
800,78,172,833.2
800,78,174,824.8
800,78,176,825.7
800,78,178,825.1
800,78,180,825.7
800,80,0,843.8
800,80,2,843.8
800,80,4,843.8
800,80,6,843.8
800,80,8,843.8
800,80,10,843.8
800,80,12,843.8
800,80,14,843.8
800,80,16,843.8
800,80,18,843.8
800,80,20,843.8
800,80,22,843.8
800,80,24,843.8
800,80,26,843.8
800,80,28,843.8
800,80,30,843.8
800,80,32,843.8
800,80,34,843.8
800,80,36,843.8
800,80,38,843.8
800,80,40,843.8
800,80,42,843.8
800,80,44,843.3
800,80,46,843.8
800,80,48,843.3
800,80,50,843.8
800,80,52,843.8
800,80,54,843.8
800,80,56,843.8
800,80,58,843.8
800,80,60,843.8
800,80,62,843.8
800,80,64,843.8
800,80,66,843.8
800,80,68,843.8
800,80,70,843.8
800,80,72,843.8
800,80,74,843.8
800,80,76,843.8
800,80,78,843.8
800,80,80,843.8
800,80,82,843.3
800,80,84,843.8
800,80,86,843.3
800,80,88,843.8
800,80,90,843.3
800,80,92,843.8
800,80,94,843.3
800,80,96,843.8
800,80,98,843.3
800,80,100,843.8
800,80,102,843.3
800,80,104,843.8
800,80,106,843.3
800,80,108,843.8
800,80,110,843.8
800,80,112,843.8
800,80,114,843.8
800,80,116,843.8
800,80,118,843.8
800,80,120,843.3
800,80,122,843.8
800,80,124,843.3
800,80,126,843.8
800,80,128,843.3
800,80,130,843.8
800,80,132,843.3
800,80,134,843.8
800,80,136,843.3
800,80,138,843.8
800,80,140,843.3
800,80,142,843.8
800,80,144,843.3
800,80,146,843.8
800,80,148,835.2
800,80,150,834.7
800,80,152,835.2
800,80,154,834.2
800,80,156,834.7
800,80,158,834.2
800,80,160,834.5
800,80,162,834.0
800,80,164,834.5
800,80,166,834.0
800,80,168,834.3
800,80,170,833.8
800,80,172,834.4
800,80,174,833.8
800,80,176,834.3
800,80,178,826.2
800,80,180,826.7
800,82,0,844.9
800,82,2,844.9
800,82,4,844.9
800,82,6,844.9
800,82,8,844.9
800,82,10,844.9
800,82,12,844.9
800,82,14,844.9
800,82,16,844.9
800,82,18,844.9
800,82,20,844.9
800,82,22,844.9
800,82,24,844.9
800,82,26,844.9
800,82,28,844.9
800,82,30,844.9
800,82,32,844.9
800,82,34,844.9
800,82,36,844.9
800,82,38,844.9
800,82,40,844.9
800,82,42,844.9
800,82,44,844.9
800,82,46,844.9
800,82,48,844.9
800,82,50,844.9
800,82,52,844.9
800,82,54,844.9
800,82,56,844.9
800,82,58,844.9
800,82,60,844.9
800,82,62,844.9
800,82,64,844.9
800,82,66,844.9
800,82,68,844.9
800,82,70,844.9
800,82,72,844.9
800,82,74,844.9
800,82,76,844.9
800,82,78,844.9
800,82,80,844.9
800,82,82,844.9
800,82,84,844.9
800,82,86,844.3
800,82,88,844.9
800,82,90,844.3
800,82,92,844.9
800,82,94,844.3
800,82,96,844.9
800,82,98,844.3
800,82,100,844.9
800,82,102,844.3
800,82,104,844.9
800,82,106,844.9
800,82,108,844.9
800,82,110,844.9
800,82,112,844.9
800,82,114,844.9
800,82,116,844.9
800,82,118,844.9
800,82,120,844.9
800,82,122,844.9
800,82,124,844.3
800,82,126,844.9
800,82,128,844.3
800,82,130,844.9
800,82,132,844.3
800,82,134,844.9
800,82,136,844.3
800,82,138,844.9
800,82,140,844.3
800,82,142,844.9
800,82,144,844.3
800,82,146,844.9
800,82,148,844.3
800,82,150,844.9
800,82,152,836.3
800,82,154,835.8
800,82,156,835.8
800,82,158,835.2
800,82,160,835.6
800,82,162,835.1
800,82,164,835.6
800,82,166,835.1
800,82,168,835.4
800,82,170,834.9
800,82,172,835.5
800,82,174,834.9
800,82,176,835.5
800,82,178,834.8
800,82,180,835.8
800,84,0,845.9
800,84,2,845.9
800,84,4,845.9
800,84,6,845.9
800,84,8,845.9
800,84,10,845.9
800,84,12,845.9
800,84,14,845.9
800,84,16,845.9
800,84,18,845.9
800,84,20,845.9
800,84,22,845.9
800,84,24,845.9
800,84,26,845.9
800,84,28,845.9
800,84,30,845.9
800,84,32,845.9
800,84,34,845.9
800,84,36,845.9
800,84,38,845.9
800,84,40,845.9
800,84,42,845.9
800,84,44,845.9
800,84,46,845.9
800,84,48,845.9
800,84,50,845.9
800,84,52,845.9
800,84,54,845.9
800,84,56,845.9
800,84,58,845.9
800,84,60,845.9
800,84,62,845.9
800,84,64,845.9
800,84,66,845.9
800,84,68,845.9
800,84,70,845.9
800,84,72,845.9
800,84,74,845.9
800,84,76,845.9
800,84,78,845.9
800,84,80,845.9
800,84,82,845.9
800,84,84,845.9
800,84,86,845.9
800,84,88,845.9
800,84,90,845.4
800,84,92,845.9
800,84,94,845.4
800,84,96,845.9
800,84,98,845.4
800,84,100,845.9
800,84,102,845.4
800,84,104,845.9
800,84,106,845.9
800,84,108,845.9
800,84,110,845.9
800,84,112,845.9
800,84,114,845.9
800,84,116,845.9
800,84,118,845.9
800,84,120,845.9
800,84,122,845.9
800,84,124,845.4
800,84,126,845.9
800,84,128,845.4
800,84,130,845.9
800,84,132,845.4
800,84,134,845.9
800,84,136,845.4
800,84,138,845.9
800,84,140,845.4
800,84,142,845.9
800,84,144,845.4
800,84,146,845.9
800,84,148,845.4
800,84,150,845.9
800,84,152,845.4
800,84,154,845.9
800,84,156,837.4
800,84,158,836.3
800,84,160,836.9
800,84,162,836.3
800,84,164,836.7
800,84,166,836.2
800,84,168,836.5
800,84,170,836.0
800,84,172,836.5
800,84,174,836.0
800,84,176,836.5
800,84,178,835.9
800,84,180,836.8
800,86,0,847.0
800,86,2,847.0
800,86,4,847.0
800,86,6,847.0
800,86,8,847.0
800,86,10,847.0
800,86,12,847.0
800,86,14,847.0
800,86,16,847.0
800,86,18,847.0
800,86,20,847.0
800,86,22,847.0
800,86,24,847.0
800,86,26,847.0
800,86,28,847.0
800,86,30,847.0
800,86,32,847.0
800,86,34,847.0
800,86,36,847.0
800,86,38,847.0
800,86,40,847.0
800,86,42,847.0
800,86,44,847.0
800,86,46,847.0
800,86,48,847.0
800,86,50,847.0
800,86,52,847.0
800,86,54,847.0
800,86,56,847.0
800,86,58,847.0
800,86,60,847.0
800,86,62,847.0
800,86,64,847.0
800,86,66,847.0
800,86,68,847.0
800,86,70,847.0
800,86,72,847.0
800,86,74,847.0
800,86,76,847.0
800,86,78,847.0
800,86,80,847.0
800,86,82,847.0
800,86,84,847.0
800,86,86,847.0
800,86,88,847.0
800,86,90,846.5
800,86,92,847.0
800,86,94,846.5
800,86,96,847.0
800,86,98,846.5
800,86,100,847.0
800,86,102,846.5
800,86,104,847.0
800,86,106,846.5
800,86,108,847.0
800,86,110,847.0
800,86,112,847.0
800,86,114,847.0
800,86,116,847.0
800,86,118,847.0
800,86,120,847.0
800,86,122,847.0
800,86,124,846.5
800,86,126,847.0
800,86,128,846.5
800,86,130,847.0
800,86,132,846.5
800,86,134,847.0
800,86,136,846.5
800,86,138,847.0
800,86,140,846.5
800,86,142,847.0
800,86,144,846.5
800,86,146,847.0
800,86,148,846.5
800,86,150,847.0
800,86,152,846.5
800,86,154,847.0
800,86,156,846.5
800,86,158,837.9
800,86,160,838.5
800,86,162,837.4
800,86,164,838.0
800,86,166,837.3
800,86,168,837.6
800,86,170,838.5
800,86,172,837.9
800,86,174,837.1
800,86,176,837.6
800,86,178,837.1
800,86,180,837.9
800,88,0,848.1
800,88,2,848.1
800,88,4,848.1
800,88,6,848.1
800,88,8,848.1
800,88,10,848.1
800,88,12,848.1
800,88,14,848.1
800,88,16,848.1
800,88,18,848.1
800,88,20,848.1
800,88,22,848.1
800,88,24,848.1
800,88,26,848.1
800,88,28,848.1
800,88,30,848.1
800,88,32,848.1
800,88,34,848.1
800,88,36,848.1
800,88,38,848.1
800,88,40,848.1
800,88,42,848.1
800,88,44,848.1
800,88,46,848.1
800,88,48,848.1
800,88,50,848.1
800,88,52,848.1
800,88,54,848.1
800,88,56,848.1
800,88,58,848.1
800,88,60,848.1
800,88,62,848.1
800,88,64,848.1
800,88,66,848.1
800,88,68,848.1
800,88,70,848.1
800,88,72,848.1
800,88,74,848.1
800,88,76,848.1
800,88,78,848.1
800,88,80,848.1
800,88,82,848.1
800,88,84,848.1
800,88,86,848.1
800,88,88,848.1
800,88,90,848.1
800,88,92,848.1
800,88,94,847.5
800,88,96,848.1
800,88,98,847.5
800,88,100,848.1
800,88,102,847.5
800,88,104,848.1
800,88,106,848.1
800,88,108,848.1
800,88,110,848.1
800,88,112,848.1
800,88,114,848.1
800,88,116,848.1
800,88,118,848.1
800,88,120,848.1
800,88,122,848.1
800,88,124,847.5
800,88,126,848.1
800,88,128,847.5
800,88,130,848.1
800,88,132,847.5
800,88,134,848.1
800,88,136,847.5
800,88,138,848.1
800,88,140,847.5
800,88,142,848.1
800,88,144,847.5
800,88,146,848.1
800,88,148,847.5
800,88,150,848.1
800,88,152,847.5
800,88,154,848.1
800,88,156,847.5
800,88,158,839.0
800,88,160,839.5
800,88,162,838.5
800,88,164,839.1
800,88,166,839.5
800,88,168,839.1
800,88,170,839.5
800,88,172,839.0
800,88,174,838.2
800,88,176,838.7
800,88,178,838.2
800,88,180,839.0
800,90,0,849.1
800,90,2,849.1
800,90,4,849.1
800,90,6,849.1
800,90,8,849.1
800,90,10,849.1
800,90,12,849.1
800,90,14,849.1
800,90,16,849.1
800,90,18,849.1
800,90,20,849.1
800,90,22,849.1
800,90,24,849.1
800,90,26,849.1
800,90,28,849.1
800,90,30,849.1
800,90,32,849.1
800,90,34,849.1
800,90,36,849.1
800,90,38,849.1
800,90,40,849.1
800,90,42,849.1
800,90,44,849.1
800,90,46,849.1
800,90,48,849.1
800,90,50,849.1
800,90,52,849.1
800,90,54,849.1
800,90,56,849.1
800,90,58,849.1
800,90,60,849.1
800,90,62,849.1
800,90,64,849.1
800,90,66,849.1
800,90,68,849.1
800,90,70,849.1
800,90,72,849.1
800,90,74,849.1
800,90,76,849.1
800,90,78,849.1
800,90,80,849.1
800,90,82,849.1
800,90,84,849.1
800,90,86,849.1
800,90,88,849.1
800,90,90,849.1
800,90,92,849.1
800,90,94,849.1
800,90,96,849.1
800,90,98,848.6
800,90,100,849.1
800,90,102,848.6
800,90,104,849.1
800,90,106,849.1
800,90,108,849.1
800,90,110,849.1
800,90,112,849.1
800,90,114,849.1
800,90,116,849.1
800,90,118,849.1
800,90,120,849.1
800,90,122,849.1
800,90,124,849.1
800,90,126,849.1
800,90,128,848.6
800,90,130,849.1
800,90,132,848.6
800,90,134,849.1
800,90,136,848.6
800,90,138,849.1
800,90,140,848.6
800,90,142,849.1
800,90,144,848.6
800,90,146,849.1
800,90,148,848.6
800,90,150,849.1
800,90,152,848.6
800,90,154,849.1
800,90,156,848.6
800,90,158,849.1
800,90,160,840.5
800,90,162,840.5
800,90,164,840.1
800,90,166,840.6
800,90,168,840.1
800,90,170,840.6
800,90,172,840.1
800,90,174,839.2
800,90,176,838.7
800,90,178,840.6
800,90,180,840.1
-800,2,0,801.1
-800,2,2,800.6
-800,2,4,458.0
-800,2,6,248.6
-800,2,8,343.0
-800,2,10,573.0
-800,2,12,143.3
-800,2,14,331.0
-800,2,16,256.3
-800,2,18,707.6
-800,2,20,611.7
-800,2,22,764.3
-800,2,24,545.8
-800,2,26,217.5
-800,2,28,-1.0
-800,2,30,433.6
-800,2,32,481.7
-800,2,34,480.1
-800,2,36,265.1
-800,2,38,237.3
-800,2,40,707.5
-800,2,42,641.2
-800,2,44,486.2
-800,2,46,486.6
-800,2,48,-1.0
-800,2,50,193.1
-800,2,52,101.3
-800,2,54,122.6
-800,2,56,565.3
-800,2,58,245.4
-800,2,60,611.9
-800,2,62,366.2
-800,2,64,86.9
-800,2,66,411.6
-800,2,68,98.7
-800,2,70,-1.0
-800,2,72,185.1
-800,2,74,391.9
-800,2,76,129.1
-800,2,78,151.1
-800,2,80,513.4
-800,2,82,-1.0
-800,2,84,75.3
-800,2,86,52.3
-800,2,88,458.5
-800,2,90,-1.0
-800,2,92,-1.0
-800,2,94,184.8
-800,2,96,-1.0
-800,2,98,209.5
-800,2,100,237.8
-800,2,102,56.6
-800,2,104,-1.0
-800,2,106,-1.0
-800,2,108,40.5
-800,2,110,-1.0
-800,2,112,-1.0
-800,2,114,-1.0
-800,2,116,250.8
-800,2,118,-1.0
-800,2,120,-1.0
-800,2,122,181.2
-800,2,124,45.0
-800,2,126,-1.0
-800,2,128,101.3
-800,2,130,34.1
-800,2,132,62.0
-800,2,134,-1.0
-800,2,136,46.0
-800,2,138,31.2
-800,2,140,101.3
-800,2,142,-1.0
-800,2,144,38.5
-800,2,146,-1.0
-800,2,148,38.8
-800,2,150,33.5
-800,2,152,39.4
-800,2,154,33.6
-800,2,156,30.0
-800,2,158,33.7
-800,2,160,57.1
-800,2,162,45.7
-800,2,164,33.0
-800,2,166,-1.0
-800,2,168,-1.0
-800,2,170,-1.0
-800,2,172,30.0
-800,2,174,31.2
-800,2,176,30.0
-800,2,178,-1.0
-800,2,180,30.0
-800,4,0,802.2
-800,4,2,801.7
-800,4,4,748.2
-800,4,6,573.8
-800,4,8,652.4
-800,4,10,700.6
-800,4,12,683.4
-800,4,14,708.5
-800,4,16,708.0
-800,4,18,713.9
-800,4,20,764.9
-800,4,22,766.7
-800,4,24,783.7
-800,4,26,784.3
-800,4,28,635.6
-800,4,30,622.5
-800,4,32,716.8
-800,4,34,716.3
-800,4,36,716.7
-800,4,38,708.2
-800,4,40,730.3
-800,4,42,729.8
-800,4,44,748.3
-800,4,46,642.0
-800,4,48,722.2
-800,4,50,635.1
-800,4,52,606.2
-800,4,54,700.9
-800,4,56,640.0
-800,4,58,676.4
-800,4,60,675.6
-800,4,62,696.9
-800,4,64,640.7
-800,4,66,573.6
-800,4,68,633.2
-800,4,70,632.7
-800,4,72,652.7
-800,4,74,621.3
-800,4,76,611.3
-800,4,78,584.9
-800,4,80,645.1
-800,4,82,611.3
-800,4,84,568.1
-800,4,86,521.6
-800,4,88,547.8
-800,4,90,604.2
-800,4,92,578.7
-800,4,94,508.9
-800,4,96,513.4
-800,4,98,516.5
-800,4,100,566.0
-800,4,102,542.0
-800,4,104,503.7
-800,4,106,438.3
-800,4,108,483.9
-800,4,110,522.7
-800,4,112,485.7
-800,4,114,460.5
-800,4,116,410.6
-800,4,118,466.8
-800,4,120,489.6
-800,4,122,469.1
-800,4,124,370.3
-800,4,126,387.1
-800,4,128,437.4
-800,4,130,458.7
-800,4,132,439.4
-800,4,134,408.3
-800,4,136,367.4
-800,4,138,409.7
-800,4,140,410.9
-800,4,142,393.7
-800,4,144,344.6
-800,4,146,350.4
-800,4,148,367.5
-800,4,150,351.7
-800,4,152,368.8
-800,4,154,307.9
-800,4,156,328.4
-800,4,158,329.3
-800,4,160,329.5
-800,4,162,296.8
-800,4,164,276.6
-800,4,166,281.1
-800,4,168,295.0
-800,4,170,295.7
-800,4,172,296.0
-800,4,174,233.2
-800,4,176,263.5
-800,4,178,264.3
-800,4,180,264.5
-800,6,0,803.4
-800,6,2,802.8
-800,6,4,776.6
-800,6,6,722.8
-800,6,8,741.0
-800,6,10,701.7
-800,6,12,709.0
-800,6,14,709.5
-800,6,16,757.4
-800,6,18,766.5
-800,6,20,766.0
-800,6,22,767.8
-800,6,24,784.9
-800,6,26,785.4
-800,6,28,784.9
-800,6,30,759.2
-800,6,32,717.9
-800,6,34,717.6
-800,6,36,723.3
-800,6,38,717.2
-800,6,40,731.4
-800,6,42,732.1
-800,6,44,749.6
-800,6,46,749.0
-800,6,48,767.9
-800,6,50,740.5
-800,6,52,759.2
-800,6,54,702.2
-800,6,56,701.5
-800,6,58,723.4
-800,6,60,697.4
-800,6,62,715.1
-800,6,64,714.7
-800,6,66,732.8
-800,6,68,689.7
-800,6,70,706.8
-800,6,72,669.9
-800,6,74,724.3
-800,6,76,686.4
-800,6,78,646.0
-800,6,80,666.0
-800,6,82,681.9
-800,6,84,699.2
-800,6,86,646.7
-800,6,88,658.7
-800,6,90,639.2
-800,6,92,638.7
-800,6,94,655.1
-800,6,96,608.6
-800,6,98,617.1
-800,6,100,634.9
-800,6,102,651.3
-800,6,104,617.1
-800,6,106,587.7
-800,6,108,595.2
-800,6,110,594.8
-800,6,112,610.0
-800,6,114,578.2
-800,6,116,557.6
-800,6,118,557.5
-800,6,120,606.4
-800,6,122,571.3
-800,6,124,547.3
-800,6,126,522.5
-800,6,128,506.7
-800,6,130,568.1
-800,6,132,535.2
-800,6,134,512.7
-800,6,136,489.7
-800,6,138,469.2
-800,6,140,532.0
-800,6,142,516.8
-800,6,144,495.1
-800,6,146,460.2
-800,6,148,454.4
-800,6,150,498.5
-800,6,152,484.2
-800,6,154,463.9
-800,6,156,444.4
-800,6,158,425.7
-800,6,160,466.8
-800,6,162,447.3
-800,6,164,434.7
-800,6,166,416.5
-800,6,168,398.7
-800,6,170,418.3
-800,6,172,419.1
-800,6,174,407.2
-800,6,176,390.3
-800,6,178,392.8
-800,6,180,409.8
-800,8,0,804.5
-800,8,2,803.9
-800,8,4,795.4
-800,8,6,767.3
-800,8,8,750.8
-800,8,10,724.9
-800,8,12,732.3
-800,8,14,742.2
-800,8,16,758.6
-800,8,18,767.6
-800,8,20,777.2
-800,8,22,786.5
-800,8,24,794.9
-800,8,26,795.5
-800,8,28,786.0
-800,8,30,760.4
-800,8,32,724.9
-800,8,34,723.9
-800,8,36,725.6
-800,8,38,741.7
-800,8,40,759.3
-800,8,42,758.7
-800,8,44,759.2
-800,8,46,751.2
-800,8,48,769.0
-800,8,50,768.4
-800,8,52,760.4
-800,8,54,711.1
-800,8,56,707.8
-800,8,58,724.7
-800,8,60,724.0
-800,8,62,742.3
-800,8,64,716.9
-800,8,66,734.0
-800,8,68,733.4
-800,8,70,751.8
-800,8,72,725.1
-800,8,74,743.3
-800,8,76,742.7
-800,8,78,691.0
-800,8,80,708.5
-800,8,82,683.2
-800,8,84,700.5
-800,8,86,699.7
-800,8,88,717.5
-800,8,90,680.0
-800,8,92,692.5
-800,8,94,691.6
-800,8,96,709.2
-800,8,98,676.2
-800,8,100,651.7
-800,8,102,668.3
-800,8,104,667.9
-800,8,106,684.8
-800,8,108,649.0
-800,8,110,629.4
-800,8,112,629.6
-800,8,114,629.2
-800,8,116,645.3
-800,8,118,611.6
-800,8,120,622.8
-800,8,122,604.4
-800,8,124,622.3
-800,8,126,619.4
-800,8,128,587.1
-800,8,130,583.7
-800,8,132,582.5
-800,8,134,615.8
-800,8,136,583.7
-800,8,138,562.9
-800,8,140,562.9
-800,8,142,562.6
-800,8,144,576.9
-800,8,146,560.4
-800,8,148,543.7
-800,8,150,542.4
-800,8,152,573.5
-800,8,154,557.0
-800,8,156,528.0
-800,8,158,509.6
-800,8,160,508.0
-800,8,162,537.2
-800,8,164,521.7
-800,8,166,507.0
-800,8,168,485.8
-800,8,170,475.9
-800,8,172,518.7
-800,8,174,488.9
-800,8,176,468.4
-800,8,178,486.2
-800,8,180,485.4
-800,10,0,-1.0
-800,10,2,-1.0
-800,10,4,-1.0
-800,10,6,-1.0
-800,10,8,-1.0
-800,10,10,-1.0
-800,10,12,-1.0
-800,10,14,-1.0
-800,10,16,-1.0
-800,10,18,-1.0
-800,10,20,-1.0
-800,10,22,-1.0
-800,10,24,-1.0
-800,10,26,-1.0
-800,10,28,-1.0
-800,10,30,-1.0
-800,10,32,-1.0
-800,10,34,-1.0
-800,10,36,-1.0
-800,10,38,-1.0
-800,10,40,-1.0
-800,10,42,-1.0
-800,10,44,-1.0
-800,10,46,-1.0
-800,10,48,-1.0
-800,10,50,-1.0
-800,10,52,-1.0
-800,10,54,-1.0
-800,10,56,-1.0
-800,10,58,-1.0
-800,10,60,-1.0
-800,10,62,-1.0
-800,10,64,-1.0
-800,10,66,-1.0
-800,10,68,-1.0
-800,10,70,-1.0
-800,10,72,-1.0
-800,10,74,-1.0
-800,10,76,-1.0
-800,10,78,-1.0
-800,10,80,-1.0
-800,10,82,-1.0
-800,10,84,-1.0
-800,10,86,-1.0
-800,10,88,-1.0
-800,10,90,-1.0
-800,10,92,-1.0
-800,10,94,-1.0
-800,10,96,-1.0
-800,10,98,-1.0
-800,10,100,-1.0
-800,10,102,-1.0
-800,10,104,-1.0
-800,10,106,-1.0
-800,10,108,-1.0
-800,10,110,-1.0
-800,10,112,-1.0
-800,10,114,-1.0
-800,10,116,-1.0
-800,10,118,-1.0
-800,10,120,-1.0
-800,10,122,-1.0
-800,10,124,-1.0
-800,10,126,-1.0
-800,10,128,-1.0
-800,10,130,-1.0
-800,10,132,-1.0
-800,10,134,-1.0
-800,10,136,-1.0
-800,10,138,-1.0
-800,10,140,-1.0
-800,10,142,-1.0
-800,10,144,-1.0
-800,10,146,-1.0
-800,10,148,-1.0
-800,10,150,-1.0
-800,10,152,-1.0
-800,10,154,-1.0
-800,10,156,-1.0
-800,10,158,-1.0
-800,10,160,-1.0
-800,10,162,-1.0
-800,10,164,-1.0
-800,10,166,-1.0
-800,10,168,-1.0
-800,10,170,-1.0
-800,10,172,-1.0
-800,10,174,-1.0
-800,10,176,-1.0
-800,10,178,-1.0
-800,10,180,-1.0
-800,12,0,-1.0
-800,12,2,-1.0
-800,12,4,-1.0
-800,12,6,-1.0
-800,12,8,-1.0
-800,12,10,-1.0
-800,12,12,-1.0
-800,12,14,-1.0
-800,12,16,-1.0
-800,12,18,-1.0
-800,12,20,-1.0
-800,12,22,-1.0
-800,12,24,-1.0
-800,12,26,-1.0
-800,12,28,-1.0
-800,12,30,-1.0
-800,12,32,-1.0
-800,12,34,-1.0
-800,12,36,-1.0
-800,12,38,-1.0
-800,12,40,-1.0
-800,12,42,-1.0
-800,12,44,-1.0
-800,12,46,-1.0
-800,12,48,-1.0
-800,12,50,-1.0
-800,12,52,-1.0
-800,12,54,-1.0
-800,12,56,-1.0
-800,12,58,-1.0
-800,12,60,-1.0
-800,12,62,-1.0
-800,12,64,-1.0
-800,12,66,-1.0
-800,12,68,-1.0
-800,12,70,-1.0
-800,12,72,-1.0
-800,12,74,-1.0
-800,12,76,-1.0
-800,12,78,-1.0
-800,12,80,-1.0
-800,12,82,-1.0
-800,12,84,-1.0
-800,12,86,-1.0
-800,12,88,-1.0
-800,12,90,-1.0
-800,12,92,-1.0
-800,12,94,-1.0
-800,12,96,-1.0
-800,12,98,-1.0
-800,12,100,-1.0
-800,12,102,-1.0
-800,12,104,-1.0
-800,12,106,-1.0
-800,12,108,-1.0
-800,12,110,-1.0
-800,12,112,-1.0
-800,12,114,-1.0
-800,12,116,-1.0
-800,12,118,-1.0
-800,12,120,-1.0
-800,12,122,-1.0
-800,12,124,-1.0
-800,12,126,-1.0
-800,12,128,-1.0
-800,12,130,-1.0
-800,12,132,-1.0
-800,12,134,-1.0
-800,12,136,-1.0
-800,12,138,-1.0
-800,12,140,-1.0
-800,12,142,-1.0
-800,12,144,-1.0
-800,12,146,-1.0
-800,12,148,-1.0
-800,12,150,-1.0
-800,12,152,-1.0
-800,12,154,-1.0
-800,12,156,-1.0
-800,12,158,-1.0
-800,12,160,-1.0
-800,12,162,-1.0
-800,12,164,-1.0
-800,12,166,-1.0
-800,12,168,-1.0
-800,12,170,-1.0
-800,12,172,-1.0
-800,12,174,-1.0
-800,12,176,-1.0
-800,12,178,-1.0
-800,12,180,-1.0
-800,14,0,-1.0
-800,14,2,-1.0
-800,14,4,-1.0
-800,14,6,-1.0
-800,14,8,-1.0
-800,14,10,-1.0
-800,14,12,-1.0
-800,14,14,-1.0
-800,14,16,-1.0
-800,14,18,-1.0
-800,14,20,-1.0
-800,14,22,-1.0
-800,14,24,-1.0
-800,14,26,-1.0
-800,14,28,-1.0
-800,14,30,-1.0
-800,14,32,-1.0
-800,14,34,-1.0
-800,14,36,-1.0
-800,14,38,-1.0
-800,14,40,-1.0
-800,14,42,-1.0
-800,14,44,-1.0
-800,14,46,-1.0
-800,14,48,-1.0
-800,14,50,-1.0
-800,14,52,-1.0
-800,14,54,-1.0
-800,14,56,-1.0
-800,14,58,-1.0
-800,14,60,-1.0
-800,14,62,-1.0
-800,14,64,-1.0
-800,14,66,-1.0
-800,14,68,-1.0
-800,14,70,-1.0
-800,14,72,-1.0
-800,14,74,-1.0
-800,14,76,-1.0
-800,14,78,-1.0
-800,14,80,-1.0
-800,14,82,-1.0
-800,14,84,-1.0
-800,14,86,-1.0
-800,14,88,-1.0
-800,14,90,-1.0
-800,14,92,-1.0
-800,14,94,-1.0
-800,14,96,-1.0
-800,14,98,-1.0
-800,14,100,-1.0
-800,14,102,-1.0
-800,14,104,-1.0
-800,14,106,-1.0
-800,14,108,-1.0
-800,14,110,-1.0
-800,14,112,-1.0
-800,14,114,-1.0
-800,14,116,-1.0
-800,14,118,-1.0
-800,14,120,-1.0
-800,14,122,-1.0
-800,14,124,-1.0
-800,14,126,-1.0
-800,14,128,-1.0
-800,14,130,-1.0
-800,14,132,-1.0
-800,14,134,-1.0
-800,14,136,-1.0
-800,14,138,-1.0
-800,14,140,-1.0
-800,14,142,-1.0
-800,14,144,-1.0
-800,14,146,-1.0
-800,14,148,-1.0
-800,14,150,-1.0
-800,14,152,-1.0
-800,14,154,-1.0
-800,14,156,-1.0
-800,14,158,-1.0
-800,14,160,-1.0
-800,14,162,-1.0
-800,14,164,-1.0
-800,14,166,-1.0
-800,14,168,-1.0
-800,14,170,-1.0
-800,14,172,-1.0
-800,14,174,-1.0
-800,14,176,-1.0
-800,14,178,-1.0
-800,14,180,-1.0
-800,16,0,-1.0
-800,16,2,-1.0
-800,16,4,-1.0
-800,16,6,-1.0
-800,16,8,-1.0
-800,16,10,-1.0
-800,16,12,-1.0
-800,16,14,-1.0
-800,16,16,-1.0
-800,16,18,-1.0
-800,16,20,-1.0
-800,16,22,-1.0
-800,16,24,-1.0
-800,16,26,-1.0
-800,16,28,-1.0
-800,16,30,-1.0
-800,16,32,-1.0
-800,16,34,-1.0
-800,16,36,-1.0
-800,16,38,-1.0
-800,16,40,-1.0
-800,16,42,-1.0
-800,16,44,-1.0
-800,16,46,-1.0
-800,16,48,-1.0
-800,16,50,-1.0
-800,16,52,-1.0
-800,16,54,-1.0
-800,16,56,-1.0
-800,16,58,-1.0
-800,16,60,-1.0
-800,16,62,-1.0
-800,16,64,-1.0
-800,16,66,-1.0
-800,16,68,-1.0
-800,16,70,-1.0
-800,16,72,-1.0
-800,16,74,-1.0
-800,16,76,-1.0
-800,16,78,-1.0
-800,16,80,-1.0
-800,16,82,-1.0
-800,16,84,-1.0
-800,16,86,-1.0
-800,16,88,-1.0
-800,16,90,-1.0
-800,16,92,-1.0
-800,16,94,-1.0
-800,16,96,-1.0
-800,16,98,-1.0
-800,16,100,-1.0
-800,16,102,-1.0
-800,16,104,-1.0
-800,16,106,-1.0
-800,16,108,-1.0
-800,16,110,-1.0
-800,16,112,-1.0
-800,16,114,-1.0
-800,16,116,-1.0
-800,16,118,-1.0
-800,16,120,-1.0
-800,16,122,-1.0
-800,16,124,-1.0
-800,16,126,-1.0
-800,16,128,-1.0
-800,16,130,-1.0
-800,16,132,-1.0
-800,16,134,-1.0
-800,16,136,-1.0
-800,16,138,-1.0
-800,16,140,-1.0
-800,16,142,-1.0
-800,16,144,-1.0
-800,16,146,-1.0
-800,16,148,-1.0
-800,16,150,-1.0
-800,16,152,-1.0
-800,16,154,-1.0
-800,16,156,-1.0
-800,16,158,-1.0
-800,16,160,-1.0
-800,16,162,-1.0
-800,16,164,-1.0
-800,16,166,-1.0
-800,16,168,-1.0
-800,16,170,-1.0
-800,16,172,-1.0
-800,16,174,-1.0
-800,16,176,-1.0
-800,16,178,-1.0
-800,16,180,-1.0
-800,18,0,-1.0
-800,18,2,-1.0
-800,18,4,-1.0
-800,18,6,-1.0
-800,18,8,-1.0
-800,18,10,-1.0
-800,18,12,-1.0
-800,18,14,-1.0
-800,18,16,-1.0
-800,18,18,-1.0
-800,18,20,-1.0
-800,18,22,-1.0
-800,18,24,-1.0
-800,18,26,-1.0
-800,18,28,-1.0
-800,18,30,-1.0
-800,18,32,-1.0
-800,18,34,-1.0
-800,18,36,-1.0
-800,18,38,-1.0
-800,18,40,-1.0
-800,18,42,-1.0
-800,18,44,-1.0
-800,18,46,-1.0
-800,18,48,-1.0
-800,18,50,-1.0
-800,18,52,-1.0
-800,18,54,-1.0
-800,18,56,-1.0
-800,18,58,-1.0
-800,18,60,-1.0
-800,18,62,-1.0
-800,18,64,-1.0
-800,18,66,-1.0
-800,18,68,-1.0
-800,18,70,-1.0
-800,18,72,-1.0
-800,18,74,-1.0
-800,18,76,-1.0
-800,18,78,-1.0
-800,18,80,-1.0
-800,18,82,-1.0
-800,18,84,-1.0
-800,18,86,-1.0
-800,18,88,-1.0
-800,18,90,-1.0
-800,18,92,-1.0
-800,18,94,-1.0
-800,18,96,-1.0
-800,18,98,-1.0
-800,18,100,-1.0
-800,18,102,-1.0
-800,18,104,-1.0
-800,18,106,-1.0
-800,18,108,-1.0
-800,18,110,-1.0
-800,18,112,-1.0
-800,18,114,-1.0
-800,18,116,-1.0
-800,18,118,-1.0
-800,18,120,-1.0
-800,18,122,-1.0
-800,18,124,-1.0
-800,18,126,-1.0
-800,18,128,-1.0
-800,18,130,-1.0
-800,18,132,-1.0
-800,18,134,-1.0
-800,18,136,-1.0
-800,18,138,-1.0
-800,18,140,-1.0
-800,18,142,-1.0
-800,18,144,-1.0
-800,18,146,-1.0
-800,18,148,-1.0
-800,18,150,-1.0
-800,18,152,-1.0
-800,18,154,-1.0
-800,18,156,-1.0
-800,18,158,-1.0
-800,18,160,-1.0
-800,18,162,-1.0
-800,18,164,-1.0
-800,18,166,-1.0
-800,18,168,-1.0
-800,18,170,-1.0
-800,18,172,-1.0
-800,18,174,-1.0
-800,18,176,-1.0
-800,18,178,-1.0
-800,18,180,-1.0
-800,20,0,-1.0
-800,20,2,-1.0
-800,20,4,-1.0
-800,20,6,-1.0
-800,20,8,-1.0
-800,20,10,-1.0
-800,20,12,-1.0
-800,20,14,-1.0
-800,20,16,-1.0
-800,20,18,-1.0
-800,20,20,-1.0
-800,20,22,-1.0
-800,20,24,-1.0
-800,20,26,-1.0
-800,20,28,-1.0
-800,20,30,-1.0
-800,20,32,-1.0
-800,20,34,-1.0
-800,20,36,-1.0
-800,20,38,-1.0
-800,20,40,-1.0
-800,20,42,-1.0
-800,20,44,-1.0
-800,20,46,-1.0
-800,20,48,-1.0
-800,20,50,-1.0
-800,20,52,-1.0
-800,20,54,-1.0
-800,20,56,-1.0
-800,20,58,-1.0
-800,20,60,-1.0
-800,20,62,-1.0
-800,20,64,-1.0
-800,20,66,-1.0
-800,20,68,-1.0
-800,20,70,-1.0
-800,20,72,-1.0
-800,20,74,-1.0
-800,20,76,-1.0
-800,20,78,-1.0
-800,20,80,-1.0
-800,20,82,-1.0
-800,20,84,-1.0
-800,20,86,-1.0
-800,20,88,-1.0
-800,20,90,-1.0
-800,20,92,-1.0
-800,20,94,-1.0
-800,20,96,-1.0
-800,20,98,-1.0
-800,20,100,-1.0
-800,20,102,-1.0
-800,20,104,-1.0
-800,20,106,-1.0
-800,20,108,-1.0
-800,20,110,-1.0
-800,20,112,-1.0
-800,20,114,-1.0
-800,20,116,-1.0
-800,20,118,-1.0
-800,20,120,-1.0
-800,20,122,-1.0
-800,20,124,-1.0
-800,20,126,-1.0
-800,20,128,-1.0
-800,20,130,-1.0
-800,20,132,-1.0
-800,20,134,-1.0
-800,20,136,-1.0
-800,20,138,-1.0
-800,20,140,-1.0
-800,20,142,-1.0
-800,20,144,-1.0
-800,20,146,-1.0
-800,20,148,-1.0
-800,20,150,-1.0
-800,20,152,-1.0
-800,20,154,-1.0
-800,20,156,-1.0
-800,20,158,-1.0
-800,20,160,-1.0
-800,20,162,-1.0
-800,20,164,-1.0
-800,20,166,-1.0
-800,20,168,-1.0
-800,20,170,-1.0
-800,20,172,-1.0
-800,20,174,-1.0
-800,20,176,-1.0
-800,20,178,-1.0
-800,20,180,-1.0
-800,22,0,-1.0
-800,22,2,-1.0
-800,22,4,-1.0
-800,22,6,-1.0
-800,22,8,-1.0
-800,22,10,-1.0
-800,22,12,-1.0
-800,22,14,-1.0
-800,22,16,-1.0
-800,22,18,-1.0
-800,22,20,-1.0
-800,22,22,-1.0
-800,22,24,-1.0
-800,22,26,-1.0
-800,22,28,-1.0
-800,22,30,-1.0
-800,22,32,-1.0
-800,22,34,-1.0
-800,22,36,-1.0
-800,22,38,-1.0
-800,22,40,-1.0
-800,22,42,-1.0
-800,22,44,-1.0
-800,22,46,-1.0
-800,22,48,-1.0
-800,22,50,-1.0
-800,22,52,-1.0
-800,22,54,-1.0
-800,22,56,-1.0
-800,22,58,-1.0
-800,22,60,-1.0
-800,22,62,-1.0
-800,22,64,-1.0
-800,22,66,-1.0
-800,22,68,-1.0
-800,22,70,-1.0
-800,22,72,-1.0
-800,22,74,-1.0
-800,22,76,-1.0
-800,22,78,-1.0
-800,22,80,-1.0
-800,22,82,-1.0
-800,22,84,-1.0
-800,22,86,-1.0
-800,22,88,-1.0
-800,22,90,-1.0
-800,22,92,-1.0
-800,22,94,-1.0
-800,22,96,-1.0
-800,22,98,-1.0
-800,22,100,-1.0
-800,22,102,-1.0
-800,22,104,-1.0
-800,22,106,-1.0
-800,22,108,-1.0
-800,22,110,-1.0
-800,22,112,-1.0
-800,22,114,-1.0
-800,22,116,-1.0
-800,22,118,-1.0
-800,22,120,-1.0
-800,22,122,-1.0
-800,22,124,-1.0
-800,22,126,-1.0
-800,22,128,-1.0
-800,22,130,-1.0
-800,22,132,-1.0
-800,22,134,-1.0
-800,22,136,-1.0
-800,22,138,-1.0
-800,22,140,-1.0
-800,22,142,-1.0
-800,22,144,-1.0
-800,22,146,-1.0
-800,22,148,-1.0
-800,22,150,-1.0
-800,22,152,-1.0
-800,22,154,-1.0
-800,22,156,-1.0
-800,22,158,-1.0
-800,22,160,-1.0
-800,22,162,-1.0
-800,22,164,-1.0
-800,22,166,-1.0
-800,22,168,-1.0
-800,22,170,-1.0
-800,22,172,-1.0
-800,22,174,-1.0
-800,22,176,-1.0
-800,22,178,-1.0
-800,22,180,-1.0
-800,24,0,-1.0
-800,24,2,-1.0
-800,24,4,-1.0
-800,24,6,-1.0
-800,24,8,-1.0
-800,24,10,-1.0
-800,24,12,-1.0
-800,24,14,-1.0
-800,24,16,-1.0
-800,24,18,-1.0
-800,24,20,-1.0
-800,24,22,-1.0
-800,24,24,-1.0
-800,24,26,-1.0
-800,24,28,-1.0
-800,24,30,-1.0
-800,24,32,-1.0
-800,24,34,-1.0
-800,24,36,-1.0
-800,24,38,-1.0
-800,24,40,-1.0
-800,24,42,-1.0
-800,24,44,-1.0
-800,24,46,-1.0
-800,24,48,-1.0
-800,24,50,-1.0
-800,24,52,-1.0
-800,24,54,-1.0
-800,24,56,-1.0
-800,24,58,-1.0
-800,24,60,-1.0
-800,24,62,-1.0
-800,24,64,-1.0
-800,24,66,-1.0
-800,24,68,-1.0
-800,24,70,-1.0
-800,24,72,-1.0
-800,24,74,-1.0
-800,24,76,-1.0
-800,24,78,-1.0
-800,24,80,-1.0
-800,24,82,-1.0
-800,24,84,-1.0
-800,24,86,-1.0
-800,24,88,-1.0
-800,24,90,-1.0
-800,24,92,-1.0
-800,24,94,-1.0
-800,24,96,-1.0
-800,24,98,-1.0
-800,24,100,-1.0
-800,24,102,-1.0
-800,24,104,-1.0
-800,24,106,-1.0
-800,24,108,-1.0
-800,24,110,-1.0
-800,24,112,-1.0
-800,24,114,-1.0
-800,24,116,-1.0
-800,24,118,-1.0
-800,24,120,-1.0
-800,24,122,-1.0
-800,24,124,-1.0
-800,24,126,-1.0
-800,24,128,-1.0
-800,24,130,-1.0
-800,24,132,-1.0
-800,24,134,-1.0
-800,24,136,-1.0
-800,24,138,-1.0
-800,24,140,-1.0
-800,24,142,-1.0
-800,24,144,-1.0
-800,24,146,-1.0
-800,24,148,-1.0
-800,24,150,-1.0
-800,24,152,-1.0
-800,24,154,-1.0
-800,24,156,-1.0
-800,24,158,-1.0
-800,24,160,-1.0
-800,24,162,-1.0
-800,24,164,-1.0
-800,24,166,-1.0
-800,24,168,-1.0
-800,24,170,-1.0
-800,24,172,-1.0
-800,24,174,-1.0
-800,24,176,-1.0
-800,24,178,-1.0
-800,24,180,-1.0
-800,26,0,-1.0
-800,26,2,-1.0
-800,26,4,-1.0
-800,26,6,-1.0
-800,26,8,-1.0
-800,26,10,-1.0
-800,26,12,-1.0
-800,26,14,-1.0
-800,26,16,-1.0
-800,26,18,-1.0
-800,26,20,-1.0
-800,26,22,-1.0
-800,26,24,-1.0
-800,26,26,-1.0
-800,26,28,-1.0
-800,26,30,-1.0
-800,26,32,-1.0
-800,26,34,-1.0
-800,26,36,-1.0
-800,26,38,-1.0
-800,26,40,-1.0
-800,26,42,-1.0
-800,26,44,-1.0
-800,26,46,-1.0
-800,26,48,-1.0
-800,26,50,-1.0
-800,26,52,-1.0
-800,26,54,-1.0
-800,26,56,-1.0
-800,26,58,-1.0
-800,26,60,-1.0
-800,26,62,-1.0
-800,26,64,-1.0
-800,26,66,-1.0
-800,26,68,-1.0
-800,26,70,-1.0
-800,26,72,-1.0
-800,26,74,-1.0
-800,26,76,-1.0
-800,26,78,-1.0
-800,26,80,-1.0
-800,26,82,-1.0
-800,26,84,-1.0
-800,26,86,-1.0
-800,26,88,-1.0
-800,26,90,-1.0
-800,26,92,-1.0
-800,26,94,-1.0
-800,26,96,-1.0
-800,26,98,-1.0
-800,26,100,-1.0
-800,26,102,-1.0
-800,26,104,-1.0
-800,26,106,-1.0
-800,26,108,-1.0
-800,26,110,-1.0
-800,26,112,-1.0
-800,26,114,-1.0
-800,26,116,-1.0
-800,26,118,-1.0
-800,26,120,-1.0
-800,26,122,-1.0
-800,26,124,-1.0
-800,26,126,-1.0
-800,26,128,-1.0
-800,26,130,-1.0
-800,26,132,-1.0
-800,26,134,-1.0
-800,26,136,-1.0
-800,26,138,-1.0
-800,26,140,-1.0
-800,26,142,-1.0
-800,26,144,-1.0
-800,26,146,-1.0
-800,26,148,-1.0
-800,26,150,-1.0
-800,26,152,-1.0
-800,26,154,-1.0
-800,26,156,-1.0
-800,26,158,-1.0
-800,26,160,-1.0
-800,26,162,-1.0
-800,26,164,-1.0
-800,26,166,-1.0
-800,26,168,-1.0
-800,26,170,-1.0
-800,26,172,-1.0
-800,26,174,-1.0
-800,26,176,-1.0
-800,26,178,-1.0
-800,26,180,-1.0
-800,28,0,-1.0
-800,28,2,-1.0
-800,28,4,-1.0
-800,28,6,-1.0
-800,28,8,-1.0
-800,28,10,-1.0
-800,28,12,-1.0
-800,28,14,-1.0
-800,28,16,-1.0
-800,28,18,-1.0
-800,28,20,-1.0
-800,28,22,-1.0
-800,28,24,-1.0
-800,28,26,-1.0
-800,28,28,-1.0
-800,28,30,-1.0
-800,28,32,-1.0
-800,28,34,-1.0
-800,28,36,-1.0
-800,28,38,-1.0
-800,28,40,-1.0
-800,28,42,-1.0
-800,28,44,-1.0
-800,28,46,-1.0
-800,28,48,-1.0
-800,28,50,-1.0
-800,28,52,-1.0
-800,28,54,-1.0
-800,28,56,-1.0
-800,28,58,-1.0
-800,28,60,-1.0
-800,28,62,-1.0
-800,28,64,-1.0
-800,28,66,-1.0
-800,28,68,-1.0
-800,28,70,-1.0
-800,28,72,-1.0
-800,28,74,-1.0
-800,28,76,-1.0
-800,28,78,-1.0
-800,28,80,-1.0
-800,28,82,-1.0
-800,28,84,-1.0
-800,28,86,-1.0
-800,28,88,-1.0
-800,28,90,-1.0
-800,28,92,-1.0
-800,28,94,-1.0
-800,28,96,-1.0
-800,28,98,-1.0
-800,28,100,-1.0
-800,28,102,-1.0
-800,28,104,-1.0
-800,28,106,-1.0
-800,28,108,-1.0
-800,28,110,-1.0
-800,28,112,-1.0
-800,28,114,-1.0
-800,28,116,-1.0
-800,28,118,-1.0
-800,28,120,-1.0
-800,28,122,-1.0
-800,28,124,-1.0
-800,28,126,-1.0
-800,28,128,-1.0
-800,28,130,-1.0
-800,28,132,-1.0
-800,28,134,-1.0
-800,28,136,-1.0
-800,28,138,-1.0
-800,28,140,-1.0
-800,28,142,-1.0
-800,28,144,-1.0
-800,28,146,-1.0
-800,28,148,-1.0
-800,28,150,-1.0
-800,28,152,-1.0
-800,28,154,-1.0
-800,28,156,-1.0
-800,28,158,-1.0
-800,28,160,-1.0
-800,28,162,-1.0
-800,28,164,-1.0
-800,28,166,-1.0
-800,28,168,-1.0
-800,28,170,-1.0
-800,28,172,-1.0
-800,28,174,-1.0
-800,28,176,-1.0
-800,28,178,-1.0
-800,28,180,-1.0
-800,30,0,-1.0
-800,30,2,-1.0
-800,30,4,-1.0
-800,30,6,-1.0
-800,30,8,-1.0
-800,30,10,-1.0
-800,30,12,-1.0
-800,30,14,-1.0
-800,30,16,-1.0
-800,30,18,-1.0
-800,30,20,-1.0
-800,30,22,-1.0
-800,30,24,-1.0
-800,30,26,-1.0
-800,30,28,-1.0
-800,30,30,-1.0
-800,30,32,-1.0
-800,30,34,-1.0
-800,30,36,-1.0
-800,30,38,-1.0
-800,30,40,-1.0
-800,30,42,-1.0
-800,30,44,-1.0
-800,30,46,-1.0
-800,30,48,-1.0
-800,30,50,-1.0
-800,30,52,-1.0
-800,30,54,-1.0
-800,30,56,-1.0
-800,30,58,-1.0
-800,30,60,-1.0
-800,30,62,-1.0
-800,30,64,-1.0
-800,30,66,-1.0
-800,30,68,-1.0
-800,30,70,-1.0
-800,30,72,-1.0
-800,30,74,-1.0
-800,30,76,-1.0
-800,30,78,-1.0
-800,30,80,-1.0
-800,30,82,-1.0
-800,30,84,-1.0
-800,30,86,-1.0
-800,30,88,-1.0
-800,30,90,-1.0
-800,30,92,-1.0
-800,30,94,-1.0
-800,30,96,-1.0
-800,30,98,-1.0
-800,30,100,-1.0
-800,30,102,-1.0
-800,30,104,-1.0
-800,30,106,-1.0
-800,30,108,-1.0
-800,30,110,-1.0
-800,30,112,-1.0
-800,30,114,-1.0
-800,30,116,-1.0
-800,30,118,-1.0
-800,30,120,-1.0
-800,30,122,-1.0
-800,30,124,-1.0
-800,30,126,-1.0
-800,30,128,-1.0
-800,30,130,-1.0
-800,30,132,-1.0
-800,30,134,-1.0
-800,30,136,-1.0
-800,30,138,-1.0
-800,30,140,-1.0
-800,30,142,-1.0
-800,30,144,-1.0
-800,30,146,-1.0
-800,30,148,-1.0
-800,30,150,-1.0
-800,30,152,-1.0
-800,30,154,-1.0
-800,30,156,-1.0
-800,30,158,-1.0
-800,30,160,-1.0
-800,30,162,-1.0
-800,30,164,-1.0
-800,30,166,-1.0
-800,30,168,-1.0
-800,30,170,-1.0
-800,30,172,-1.0
-800,30,174,-1.0
-800,30,176,-1.0
-800,30,178,-1.0
-800,30,180,-1.0
-800,32,0,-1.0
-800,32,2,-1.0
-800,32,4,-1.0
-800,32,6,-1.0
-800,32,8,-1.0
-800,32,10,-1.0
-800,32,12,-1.0
-800,32,14,-1.0
-800,32,16,-1.0
-800,32,18,-1.0
-800,32,20,-1.0
-800,32,22,-1.0
-800,32,24,-1.0
-800,32,26,-1.0
-800,32,28,-1.0
-800,32,30,-1.0
-800,32,32,-1.0
-800,32,34,-1.0
-800,32,36,-1.0
-800,32,38,-1.0
-800,32,40,-1.0
-800,32,42,-1.0
-800,32,44,-1.0
-800,32,46,-1.0
-800,32,48,-1.0
-800,32,50,-1.0
-800,32,52,-1.0
-800,32,54,-1.0
-800,32,56,-1.0
-800,32,58,-1.0
-800,32,60,-1.0
-800,32,62,-1.0
-800,32,64,-1.0
-800,32,66,-1.0
-800,32,68,-1.0
-800,32,70,-1.0
-800,32,72,-1.0
-800,32,74,-1.0
-800,32,76,-1.0
-800,32,78,-1.0
-800,32,80,-1.0
-800,32,82,-1.0
-800,32,84,-1.0
-800,32,86,-1.0
-800,32,88,-1.0
-800,32,90,-1.0
-800,32,92,-1.0
-800,32,94,-1.0
-800,32,96,-1.0
-800,32,98,-1.0
-800,32,100,-1.0
-800,32,102,-1.0
-800,32,104,-1.0
-800,32,106,-1.0
-800,32,108,-1.0
-800,32,110,-1.0
-800,32,112,-1.0
-800,32,114,-1.0
-800,32,116,-1.0
-800,32,118,-1.0
-800,32,120,-1.0
-800,32,122,-1.0
-800,32,124,-1.0
-800,32,126,-1.0
-800,32,128,-1.0
-800,32,130,-1.0
-800,32,132,-1.0
-800,32,134,-1.0
-800,32,136,-1.0
-800,32,138,-1.0
-800,32,140,-1.0
-800,32,142,-1.0
-800,32,144,-1.0
-800,32,146,-1.0
-800,32,148,-1.0
-800,32,150,-1.0
-800,32,152,-1.0
-800,32,154,-1.0
-800,32,156,-1.0
-800,32,158,-1.0
-800,32,160,-1.0
-800,32,162,-1.0
-800,32,164,-1.0
-800,32,166,-1.0
-800,32,168,-1.0
-800,32,170,-1.0
-800,32,172,-1.0
-800,32,174,-1.0
-800,32,176,-1.0
-800,32,178,-1.0
-800,32,180,-1.0
-800,34,0,-1.0
-800,34,2,-1.0
-800,34,4,-1.0
-800,34,6,-1.0
-800,34,8,-1.0
-800,34,10,-1.0
-800,34,12,-1.0
-800,34,14,-1.0
-800,34,16,-1.0
-800,34,18,-1.0
-800,34,20,-1.0
-800,34,22,-1.0
-800,34,24,-1.0
-800,34,26,-1.0
-800,34,28,-1.0
-800,34,30,-1.0
-800,34,32,-1.0
-800,34,34,-1.0
-800,34,36,-1.0
-800,34,38,-1.0
-800,34,40,-1.0
-800,34,42,-1.0
-800,34,44,-1.0
-800,34,46,-1.0
-800,34,48,-1.0
-800,34,50,-1.0
-800,34,52,-1.0
-800,34,54,-1.0
-800,34,56,-1.0
-800,34,58,-1.0
-800,34,60,-1.0
-800,34,62,-1.0
-800,34,64,-1.0
-800,34,66,-1.0
-800,34,68,-1.0
-800,34,70,-1.0
-800,34,72,-1.0
-800,34,74,-1.0
-800,34,76,-1.0
-800,34,78,-1.0
-800,34,80,-1.0
-800,34,82,-1.0
-800,34,84,-1.0
-800,34,86,-1.0
-800,34,88,-1.0
-800,34,90,-1.0
-800,34,92,-1.0
-800,34,94,-1.0
-800,34,96,-1.0
-800,34,98,-1.0
-800,34,100,-1.0
-800,34,102,-1.0
-800,34,104,-1.0
-800,34,106,-1.0
-800,34,108,-1.0
-800,34,110,-1.0
-800,34,112,-1.0
-800,34,114,-1.0
-800,34,116,-1.0
-800,34,118,-1.0
-800,34,120,-1.0
-800,34,122,-1.0
-800,34,124,-1.0
-800,34,126,-1.0
-800,34,128,-1.0
-800,34,130,-1.0
-800,34,132,-1.0
-800,34,134,-1.0
-800,34,136,-1.0
-800,34,138,-1.0
-800,34,140,-1.0
-800,34,142,-1.0
-800,34,144,-1.0
-800,34,146,-1.0
-800,34,148,-1.0
-800,34,150,-1.0
-800,34,152,-1.0
-800,34,154,-1.0
-800,34,156,-1.0
-800,34,158,-1.0
-800,34,160,-1.0
-800,34,162,-1.0
-800,34,164,-1.0
-800,34,166,-1.0
-800,34,168,-1.0
-800,34,170,-1.0
-800,34,172,-1.0
-800,34,174,-1.0
-800,34,176,-1.0
-800,34,178,-1.0
-800,34,180,-1.0
-800,36,0,-1.0
-800,36,2,-1.0
-800,36,4,-1.0
-800,36,6,-1.0
-800,36,8,-1.0
-800,36,10,-1.0
-800,36,12,-1.0
-800,36,14,-1.0
-800,36,16,-1.0
-800,36,18,-1.0
-800,36,20,-1.0
-800,36,22,-1.0
-800,36,24,-1.0
-800,36,26,-1.0
-800,36,28,-1.0
-800,36,30,-1.0
-800,36,32,-1.0
-800,36,34,-1.0
-800,36,36,-1.0
-800,36,38,-1.0
-800,36,40,-1.0
-800,36,42,-1.0
-800,36,44,-1.0
-800,36,46,-1.0
-800,36,48,-1.0
-800,36,50,-1.0
-800,36,52,-1.0
-800,36,54,-1.0
-800,36,56,-1.0
-800,36,58,-1.0
-800,36,60,-1.0
-800,36,62,-1.0
-800,36,64,-1.0
-800,36,66,-1.0
-800,36,68,-1.0
-800,36,70,-1.0
-800,36,72,-1.0
-800,36,74,-1.0
-800,36,76,-1.0
-800,36,78,-1.0
-800,36,80,-1.0
-800,36,82,-1.0
-800,36,84,-1.0
-800,36,86,-1.0
-800,36,88,-1.0
-800,36,90,-1.0
-800,36,92,-1.0
-800,36,94,-1.0
-800,36,96,-1.0
-800,36,98,-1.0
-800,36,100,-1.0
-800,36,102,-1.0
-800,36,104,-1.0
-800,36,106,-1.0
-800,36,108,-1.0
-800,36,110,-1.0
-800,36,112,-1.0
-800,36,114,-1.0
-800,36,116,-1.0
-800,36,118,-1.0
-800,36,120,-1.0
-800,36,122,-1.0
-800,36,124,-1.0
-800,36,126,-1.0
-800,36,128,-1.0
-800,36,130,-1.0
-800,36,132,-1.0
-800,36,134,-1.0
-800,36,136,-1.0
-800,36,138,-1.0
-800,36,140,-1.0
-800,36,142,-1.0
-800,36,144,-1.0
-800,36,146,-1.0
-800,36,148,-1.0
-800,36,150,-1.0
-800,36,152,-1.0
-800,36,154,-1.0
-800,36,156,-1.0
-800,36,158,-1.0
-800,36,160,-1.0
-800,36,162,-1.0
-800,36,164,-1.0
-800,36,166,-1.0
-800,36,168,-1.0
-800,36,170,-1.0
-800,36,172,-1.0
-800,36,174,-1.0
-800,36,176,-1.0
-800,36,178,-1.0
-800,36,180,-1.0
-800,38,0,-1.0
-800,38,2,-1.0
-800,38,4,-1.0
-800,38,6,-1.0
-800,38,8,-1.0
-800,38,10,-1.0
-800,38,12,-1.0
-800,38,14,-1.0
-800,38,16,-1.0
-800,38,18,-1.0
-800,38,20,-1.0
-800,38,22,-1.0
-800,38,24,-1.0
-800,38,26,-1.0
-800,38,28,-1.0
-800,38,30,-1.0
-800,38,32,-1.0
-800,38,34,-1.0
-800,38,36,-1.0
-800,38,38,-1.0
-800,38,40,-1.0
-800,38,42,-1.0
-800,38,44,-1.0
-800,38,46,-1.0
-800,38,48,-1.0
-800,38,50,-1.0
-800,38,52,-1.0
-800,38,54,-1.0
-800,38,56,-1.0
-800,38,58,-1.0
-800,38,60,-1.0
-800,38,62,-1.0
-800,38,64,-1.0
-800,38,66,-1.0
-800,38,68,-1.0
-800,38,70,-1.0
-800,38,72,-1.0
-800,38,74,-1.0
-800,38,76,-1.0
-800,38,78,-1.0
-800,38,80,-1.0
-800,38,82,-1.0
-800,38,84,-1.0
-800,38,86,-1.0
-800,38,88,-1.0
-800,38,90,-1.0
-800,38,92,-1.0
-800,38,94,-1.0
-800,38,96,-1.0
-800,38,98,-1.0
-800,38,100,-1.0
-800,38,102,-1.0
-800,38,104,-1.0
-800,38,106,-1.0
-800,38,108,-1.0
-800,38,110,-1.0
-800,38,112,-1.0
-800,38,114,-1.0
-800,38,116,-1.0
-800,38,118,-1.0
-800,38,120,-1.0
-800,38,122,-1.0
-800,38,124,-1.0
-800,38,126,-1.0
-800,38,128,-1.0
-800,38,130,-1.0
-800,38,132,-1.0
-800,38,134,-1.0
-800,38,136,-1.0
-800,38,138,-1.0
-800,38,140,-1.0
-800,38,142,-1.0
-800,38,144,-1.0
-800,38,146,-1.0
-800,38,148,-1.0
-800,38,150,-1.0
-800,38,152,-1.0
-800,38,154,-1.0
-800,38,156,-1.0
-800,38,158,-1.0
-800,38,160,-1.0
-800,38,162,-1.0
-800,38,164,-1.0
-800,38,166,-1.0
-800,38,168,-1.0
-800,38,170,-1.0
-800,38,172,-1.0
-800,38,174,-1.0
-800,38,176,-1.0
-800,38,178,-1.0
-800,38,180,-1.0
-800,40,0,-1.0
-800,40,2,-1.0
-800,40,4,-1.0
-800,40,6,-1.0
-800,40,8,-1.0
-800,40,10,-1.0
-800,40,12,-1.0
-800,40,14,-1.0
-800,40,16,-1.0
-800,40,18,-1.0
-800,40,20,-1.0
-800,40,22,-1.0
-800,40,24,-1.0
-800,40,26,-1.0
-800,40,28,-1.0
-800,40,30,-1.0
-800,40,32,-1.0
-800,40,34,-1.0
-800,40,36,-1.0
-800,40,38,-1.0
-800,40,40,-1.0
-800,40,42,-1.0
-800,40,44,-1.0
-800,40,46,-1.0
-800,40,48,-1.0
-800,40,50,-1.0
-800,40,52,-1.0
-800,40,54,-1.0
-800,40,56,-1.0
-800,40,58,-1.0
-800,40,60,-1.0
-800,40,62,-1.0
-800,40,64,-1.0
-800,40,66,-1.0
-800,40,68,-1.0
-800,40,70,-1.0
-800,40,72,-1.0
-800,40,74,-1.0
-800,40,76,-1.0
-800,40,78,-1.0
-800,40,80,-1.0
-800,40,82,-1.0
-800,40,84,-1.0
-800,40,86,-1.0
-800,40,88,-1.0
-800,40,90,-1.0
-800,40,92,-1.0
-800,40,94,-1.0
-800,40,96,-1.0
-800,40,98,-1.0
-800,40,100,-1.0
-800,40,102,-1.0
-800,40,104,-1.0
-800,40,106,-1.0
-800,40,108,-1.0
-800,40,110,-1.0
-800,40,112,-1.0
-800,40,114,-1.0
-800,40,116,-1.0
-800,40,118,-1.0
-800,40,120,-1.0
-800,40,122,-1.0
-800,40,124,-1.0
-800,40,126,-1.0
-800,40,128,-1.0
-800,40,130,-1.0
-800,40,132,-1.0
-800,40,134,-1.0
-800,40,136,-1.0
-800,40,138,-1.0
-800,40,140,-1.0
-800,40,142,-1.0
-800,40,144,-1.0
-800,40,146,-1.0
-800,40,148,-1.0
-800,40,150,-1.0
-800,40,152,-1.0
-800,40,154,-1.0
-800,40,156,-1.0
-800,40,158,-1.0
-800,40,160,-1.0
-800,40,162,-1.0
-800,40,164,-1.0
-800,40,166,-1.0
-800,40,168,-1.0
-800,40,170,-1.0
-800,40,172,-1.0
-800,40,174,-1.0
-800,40,176,-1.0
-800,40,178,-1.0
-800,40,180,-1.0
-800,42,0,-1.0
-800,42,2,-1.0
-800,42,4,-1.0
-800,42,6,-1.0
-800,42,8,-1.0
-800,42,10,-1.0
-800,42,12,-1.0
-800,42,14,-1.0
-800,42,16,-1.0
-800,42,18,-1.0
-800,42,20,-1.0
-800,42,22,-1.0
-800,42,24,-1.0
-800,42,26,-1.0
-800,42,28,-1.0
-800,42,30,-1.0
-800,42,32,-1.0
-800,42,34,-1.0
-800,42,36,-1.0
-800,42,38,-1.0
-800,42,40,-1.0
-800,42,42,-1.0
-800,42,44,-1.0
-800,42,46,-1.0
-800,42,48,-1.0
-800,42,50,-1.0
-800,42,52,-1.0
-800,42,54,-1.0
-800,42,56,-1.0
-800,42,58,-1.0
-800,42,60,-1.0
-800,42,62,-1.0
-800,42,64,-1.0
-800,42,66,-1.0
-800,42,68,-1.0
-800,42,70,-1.0
-800,42,72,-1.0
-800,42,74,-1.0
-800,42,76,-1.0
-800,42,78,-1.0
-800,42,80,-1.0
-800,42,82,-1.0
-800,42,84,-1.0
-800,42,86,-1.0
-800,42,88,-1.0
-800,42,90,-1.0
-800,42,92,-1.0
-800,42,94,-1.0
-800,42,96,-1.0
-800,42,98,-1.0
-800,42,100,-1.0
-800,42,102,-1.0
-800,42,104,-1.0
-800,42,106,-1.0
-800,42,108,-1.0
-800,42,110,-1.0
-800,42,112,-1.0
-800,42,114,-1.0
-800,42,116,-1.0
-800,42,118,-1.0
-800,42,120,-1.0
-800,42,122,-1.0
-800,42,124,-1.0
-800,42,126,-1.0
-800,42,128,-1.0
-800,42,130,-1.0
-800,42,132,-1.0
-800,42,134,-1.0
-800,42,136,-1.0
-800,42,138,-1.0
-800,42,140,-1.0
-800,42,142,-1.0
-800,42,144,-1.0
-800,42,146,-1.0
-800,42,148,-1.0
-800,42,150,-1.0
-800,42,152,-1.0
-800,42,154,-1.0
-800,42,156,-1.0
-800,42,158,-1.0
-800,42,160,-1.0
-800,42,162,-1.0
-800,42,164,-1.0
-800,42,166,-1.0
-800,42,168,-1.0
-800,42,170,-1.0
-800,42,172,-1.0
-800,42,174,-1.0
-800,42,176,-1.0
-800,42,178,-1.0
-800,42,180,-1.0
-800,44,0,-1.0
-800,44,2,-1.0
-800,44,4,-1.0
-800,44,6,-1.0
-800,44,8,-1.0
-800,44,10,-1.0
-800,44,12,-1.0
-800,44,14,-1.0
-800,44,16,-1.0
-800,44,18,-1.0
-800,44,20,-1.0
-800,44,22,-1.0
-800,44,24,-1.0
-800,44,26,-1.0
-800,44,28,-1.0
-800,44,30,-1.0
-800,44,32,-1.0
-800,44,34,-1.0
-800,44,36,-1.0
-800,44,38,-1.0
-800,44,40,-1.0
-800,44,42,-1.0
-800,44,44,-1.0
-800,44,46,-1.0
-800,44,48,-1.0
-800,44,50,-1.0
-800,44,52,-1.0
-800,44,54,-1.0
-800,44,56,-1.0
-800,44,58,-1.0
-800,44,60,-1.0
-800,44,62,-1.0
-800,44,64,-1.0
-800,44,66,-1.0
-800,44,68,-1.0
-800,44,70,-1.0
-800,44,72,-1.0
-800,44,74,-1.0
-800,44,76,-1.0
-800,44,78,-1.0
-800,44,80,-1.0
-800,44,82,-1.0
-800,44,84,-1.0
-800,44,86,-1.0
-800,44,88,-1.0
-800,44,90,-1.0
-800,44,92,-1.0
-800,44,94,-1.0
-800,44,96,-1.0
-800,44,98,-1.0
-800,44,100,-1.0
-800,44,102,-1.0
-800,44,104,-1.0
-800,44,106,-1.0
-800,44,108,-1.0
-800,44,110,-1.0
-800,44,112,-1.0
-800,44,114,-1.0
-800,44,116,-1.0
-800,44,118,-1.0
-800,44,120,-1.0
-800,44,122,-1.0
-800,44,124,-1.0
-800,44,126,-1.0
-800,44,128,-1.0
-800,44,130,-1.0
-800,44,132,-1.0
-800,44,134,-1.0
-800,44,136,-1.0
-800,44,138,-1.0
-800,44,140,-1.0
-800,44,142,-1.0
-800,44,144,-1.0
-800,44,146,-1.0
-800,44,148,-1.0
-800,44,150,-1.0
-800,44,152,-1.0
-800,44,154,-1.0
-800,44,156,-1.0
-800,44,158,-1.0
-800,44,160,-1.0
-800,44,162,-1.0
-800,44,164,-1.0
-800,44,166,-1.0
-800,44,168,-1.0
-800,44,170,-1.0
-800,44,172,-1.0
-800,44,174,-1.0
-800,44,176,-1.0
-800,44,178,-1.0
-800,44,180,-1.0
-800,46,0,-1.0
-800,46,2,-1.0
-800,46,4,-1.0
-800,46,6,-1.0
-800,46,8,-1.0
-800,46,10,-1.0
-800,46,12,-1.0
-800,46,14,-1.0
-800,46,16,-1.0
-800,46,18,-1.0
-800,46,20,-1.0
-800,46,22,-1.0
-800,46,24,-1.0
-800,46,26,-1.0
-800,46,28,-1.0
-800,46,30,-1.0
-800,46,32,-1.0
-800,46,34,-1.0
-800,46,36,-1.0
-800,46,38,-1.0
-800,46,40,-1.0
-800,46,42,-1.0
-800,46,44,-1.0
-800,46,46,-1.0
-800,46,48,-1.0
-800,46,50,-1.0
-800,46,52,-1.0
-800,46,54,-1.0
-800,46,56,-1.0
-800,46,58,-1.0
-800,46,60,-1.0
-800,46,62,-1.0
-800,46,64,-1.0
-800,46,66,-1.0
-800,46,68,-1.0
-800,46,70,-1.0
-800,46,72,-1.0
-800,46,74,-1.0
-800,46,76,-1.0
-800,46,78,-1.0
-800,46,80,-1.0
-800,46,82,-1.0
-800,46,84,-1.0
-800,46,86,-1.0
-800,46,88,-1.0
-800,46,90,-1.0
-800,46,92,-1.0
-800,46,94,-1.0
-800,46,96,-1.0
-800,46,98,-1.0
-800,46,100,-1.0
-800,46,102,-1.0
-800,46,104,-1.0
-800,46,106,-1.0
-800,46,108,-1.0
-800,46,110,-1.0
-800,46,112,-1.0
-800,46,114,-1.0
-800,46,116,-1.0
-800,46,118,-1.0
-800,46,120,-1.0
-800,46,122,-1.0
-800,46,124,-1.0
-800,46,126,-1.0
-800,46,128,-1.0
-800,46,130,-1.0
-800,46,132,-1.0
-800,46,134,-1.0
-800,46,136,-1.0
-800,46,138,-1.0
-800,46,140,-1.0
-800,46,142,-1.0
-800,46,144,-1.0
-800,46,146,-1.0
-800,46,148,-1.0
-800,46,150,-1.0
-800,46,152,-1.0
-800,46,154,-1.0
-800,46,156,-1.0
-800,46,158,-1.0
-800,46,160,-1.0
-800,46,162,-1.0
-800,46,164,-1.0
-800,46,166,-1.0
-800,46,168,-1.0
-800,46,170,-1.0
-800,46,172,-1.0
-800,46,174,-1.0
-800,46,176,-1.0
-800,46,178,-1.0
-800,46,180,-1.0
-800,48,0,-1.0
-800,48,2,-1.0
-800,48,4,-1.0
-800,48,6,-1.0
-800,48,8,-1.0
-800,48,10,-1.0
-800,48,12,-1.0
-800,48,14,-1.0
-800,48,16,-1.0
-800,48,18,-1.0
-800,48,20,-1.0
-800,48,22,-1.0
-800,48,24,-1.0
-800,48,26,-1.0
-800,48,28,-1.0
-800,48,30,-1.0
-800,48,32,-1.0
-800,48,34,-1.0
-800,48,36,-1.0
-800,48,38,-1.0
-800,48,40,-1.0
-800,48,42,-1.0
-800,48,44,-1.0
-800,48,46,-1.0
-800,48,48,-1.0
-800,48,50,-1.0
-800,48,52,-1.0
-800,48,54,-1.0
-800,48,56,-1.0
-800,48,58,-1.0
-800,48,60,-1.0
-800,48,62,-1.0
-800,48,64,-1.0
-800,48,66,-1.0
-800,48,68,-1.0
-800,48,70,-1.0
-800,48,72,-1.0
-800,48,74,-1.0
-800,48,76,-1.0
-800,48,78,-1.0
-800,48,80,-1.0
-800,48,82,-1.0
-800,48,84,-1.0
-800,48,86,-1.0
-800,48,88,-1.0
-800,48,90,-1.0
-800,48,92,-1.0
-800,48,94,-1.0
-800,48,96,-1.0
-800,48,98,-1.0
-800,48,100,-1.0
-800,48,102,-1.0
-800,48,104,-1.0
-800,48,106,-1.0
-800,48,108,-1.0
-800,48,110,-1.0
-800,48,112,-1.0
-800,48,114,-1.0
-800,48,116,-1.0
-800,48,118,-1.0
-800,48,120,-1.0
-800,48,122,-1.0
-800,48,124,-1.0
-800,48,126,-1.0
-800,48,128,-1.0
-800,48,130,-1.0
-800,48,132,-1.0
-800,48,134,-1.0
-800,48,136,-1.0
-800,48,138,-1.0
-800,48,140,-1.0
-800,48,142,-1.0
-800,48,144,-1.0
-800,48,146,-1.0
-800,48,148,-1.0
-800,48,150,-1.0
-800,48,152,-1.0
-800,48,154,-1.0
-800,48,156,-1.0
-800,48,158,-1.0
-800,48,160,-1.0
-800,48,162,-1.0
-800,48,164,-1.0
-800,48,166,-1.0
-800,48,168,-1.0
-800,48,170,-1.0
-800,48,172,-1.0
-800,48,174,-1.0
-800,48,176,-1.0
-800,48,178,-1.0
-800,48,180,-1.0
-800,50,0,-1.0
-800,50,2,-1.0
-800,50,4,-1.0
-800,50,6,-1.0
-800,50,8,-1.0
-800,50,10,-1.0
-800,50,12,-1.0
-800,50,14,-1.0
-800,50,16,-1.0
-800,50,18,-1.0
-800,50,20,-1.0
-800,50,22,-1.0
-800,50,24,-1.0
-800,50,26,-1.0
-800,50,28,-1.0
-800,50,30,-1.0
-800,50,32,-1.0
-800,50,34,-1.0
-800,50,36,-1.0
-800,50,38,-1.0
-800,50,40,-1.0
-800,50,42,-1.0
-800,50,44,-1.0
-800,50,46,-1.0
-800,50,48,-1.0
-800,50,50,-1.0
-800,50,52,-1.0
-800,50,54,-1.0
-800,50,56,-1.0
-800,50,58,-1.0
-800,50,60,-1.0
-800,50,62,-1.0
-800,50,64,-1.0
-800,50,66,-1.0
-800,50,68,-1.0
-800,50,70,-1.0
-800,50,72,-1.0
-800,50,74,-1.0
-800,50,76,-1.0
-800,50,78,-1.0
-800,50,80,-1.0
-800,50,82,-1.0
-800,50,84,-1.0
-800,50,86,-1.0
-800,50,88,-1.0
-800,50,90,-1.0
-800,50,92,-1.0
-800,50,94,-1.0
-800,50,96,-1.0
-800,50,98,-1.0
-800,50,100,-1.0
-800,50,102,-1.0
-800,50,104,-1.0
-800,50,106,-1.0
-800,50,108,-1.0
-800,50,110,-1.0
-800,50,112,-1.0
-800,50,114,-1.0
-800,50,116,-1.0
-800,50,118,-1.0
-800,50,120,-1.0
-800,50,122,-1.0
-800,50,124,-1.0
-800,50,126,-1.0
-800,50,128,-1.0
-800,50,130,-1.0
-800,50,132,-1.0
-800,50,134,-1.0
-800,50,136,-1.0
-800,50,138,-1.0
-800,50,140,-1.0
-800,50,142,-1.0
-800,50,144,-1.0
-800,50,146,-1.0
-800,50,148,-1.0
-800,50,150,-1.0
-800,50,152,-1.0
-800,50,154,-1.0
-800,50,156,-1.0
-800,50,158,-1.0
-800,50,160,-1.0
-800,50,162,-1.0
-800,50,164,-1.0
-800,50,166,-1.0
-800,50,168,-1.0
-800,50,170,-1.0
-800,50,172,-1.0
-800,50,174,-1.0
-800,50,176,-1.0
-800,50,178,-1.0
-800,50,180,-1.0
-800,52,0,-1.0
-800,52,2,-1.0
-800,52,4,-1.0
-800,52,6,-1.0
-800,52,8,-1.0
-800,52,10,-1.0
-800,52,12,-1.0
-800,52,14,-1.0
-800,52,16,-1.0
-800,52,18,-1.0
-800,52,20,-1.0
-800,52,22,-1.0
-800,52,24,-1.0
-800,52,26,-1.0
-800,52,28,-1.0
-800,52,30,-1.0
-800,52,32,-1.0
-800,52,34,-1.0
-800,52,36,-1.0
-800,52,38,-1.0
-800,52,40,-1.0
-800,52,42,-1.0
-800,52,44,-1.0
-800,52,46,-1.0
-800,52,48,-1.0
-800,52,50,-1.0
-800,52,52,-1.0
-800,52,54,-1.0
-800,52,56,-1.0
-800,52,58,-1.0
-800,52,60,-1.0
-800,52,62,-1.0
-800,52,64,-1.0
-800,52,66,-1.0
-800,52,68,-1.0
-800,52,70,-1.0
-800,52,72,-1.0
-800,52,74,-1.0
-800,52,76,-1.0
-800,52,78,-1.0
-800,52,80,-1.0
-800,52,82,-1.0
-800,52,84,-1.0
-800,52,86,-1.0
-800,52,88,-1.0
-800,52,90,-1.0
-800,52,92,-1.0
-800,52,94,-1.0
-800,52,96,-1.0
-800,52,98,-1.0
-800,52,100,-1.0
-800,52,102,-1.0
-800,52,104,-1.0
-800,52,106,-1.0
-800,52,108,-1.0
-800,52,110,-1.0
-800,52,112,-1.0
-800,52,114,-1.0
-800,52,116,-1.0
-800,52,118,-1.0
-800,52,120,-1.0
-800,52,122,-1.0
-800,52,124,-1.0
-800,52,126,-1.0
-800,52,128,-1.0
-800,52,130,-1.0
-800,52,132,-1.0
-800,52,134,-1.0
-800,52,136,-1.0
-800,52,138,-1.0
-800,52,140,-1.0
-800,52,142,-1.0
-800,52,144,-1.0
-800,52,146,-1.0
-800,52,148,-1.0
-800,52,150,-1.0
-800,52,152,-1.0
-800,52,154,-1.0
-800,52,156,-1.0
-800,52,158,-1.0
-800,52,160,-1.0
-800,52,162,-1.0
-800,52,164,-1.0
-800,52,166,-1.0
-800,52,168,-1.0
-800,52,170,-1.0
-800,52,172,-1.0
-800,52,174,-1.0
-800,52,176,-1.0
-800,52,178,-1.0
-800,52,180,-1.0
-800,54,0,-1.0
-800,54,2,-1.0
-800,54,4,-1.0
-800,54,6,-1.0
-800,54,8,-1.0
-800,54,10,-1.0
-800,54,12,-1.0
-800,54,14,-1.0
-800,54,16,-1.0
-800,54,18,-1.0
-800,54,20,-1.0
-800,54,22,-1.0
-800,54,24,-1.0
-800,54,26,-1.0
-800,54,28,-1.0
-800,54,30,-1.0
-800,54,32,-1.0
-800,54,34,-1.0
-800,54,36,-1.0
-800,54,38,-1.0
-800,54,40,-1.0
-800,54,42,-1.0
-800,54,44,-1.0
-800,54,46,-1.0
-800,54,48,-1.0
-800,54,50,-1.0
-800,54,52,-1.0
-800,54,54,-1.0
-800,54,56,-1.0
-800,54,58,-1.0
-800,54,60,-1.0
-800,54,62,-1.0
-800,54,64,-1.0
-800,54,66,-1.0
-800,54,68,-1.0
-800,54,70,-1.0
-800,54,72,-1.0
-800,54,74,-1.0
-800,54,76,-1.0
-800,54,78,-1.0
-800,54,80,-1.0
-800,54,82,-1.0
-800,54,84,-1.0
-800,54,86,-1.0
-800,54,88,-1.0
-800,54,90,-1.0
-800,54,92,-1.0
-800,54,94,-1.0
-800,54,96,-1.0
-800,54,98,-1.0
-800,54,100,-1.0
-800,54,102,-1.0
-800,54,104,-1.0
-800,54,106,-1.0
-800,54,108,-1.0
-800,54,110,-1.0
-800,54,112,-1.0
-800,54,114,-1.0
-800,54,116,-1.0
-800,54,118,-1.0
-800,54,120,-1.0
-800,54,122,-1.0
-800,54,124,-1.0
-800,54,126,-1.0
-800,54,128,-1.0
-800,54,130,-1.0
-800,54,132,-1.0
-800,54,134,-1.0
-800,54,136,-1.0
-800,54,138,-1.0
-800,54,140,-1.0
-800,54,142,-1.0
-800,54,144,-1.0
-800,54,146,-1.0
-800,54,148,-1.0
-800,54,150,-1.0
-800,54,152,-1.0
-800,54,154,-1.0
-800,54,156,-1.0
-800,54,158,-1.0
-800,54,160,-1.0
-800,54,162,-1.0
-800,54,164,-1.0
-800,54,166,-1.0
-800,54,168,-1.0
-800,54,170,-1.0
-800,54,172,-1.0
-800,54,174,-1.0
-800,54,176,-1.0
-800,54,178,-1.0
-800,54,180,-1.0
-800,56,0,-1.0
-800,56,2,-1.0
-800,56,4,-1.0
-800,56,6,-1.0
-800,56,8,-1.0
-800,56,10,-1.0
-800,56,12,-1.0
-800,56,14,-1.0
-800,56,16,-1.0
-800,56,18,-1.0
-800,56,20,-1.0
-800,56,22,-1.0
-800,56,24,-1.0
-800,56,26,-1.0
-800,56,28,-1.0
-800,56,30,-1.0
-800,56,32,-1.0
-800,56,34,-1.0
-800,56,36,-1.0
-800,56,38,-1.0
-800,56,40,-1.0
-800,56,42,-1.0
-800,56,44,-1.0
-800,56,46,-1.0
-800,56,48,-1.0
-800,56,50,-1.0
-800,56,52,-1.0
-800,56,54,-1.0
-800,56,56,-1.0
-800,56,58,-1.0
-800,56,60,-1.0
-800,56,62,-1.0
-800,56,64,-1.0
-800,56,66,-1.0
-800,56,68,-1.0
-800,56,70,-1.0
-800,56,72,-1.0
-800,56,74,-1.0
-800,56,76,-1.0
-800,56,78,-1.0
-800,56,80,-1.0
-800,56,82,-1.0
-800,56,84,-1.0
-800,56,86,-1.0
-800,56,88,-1.0
-800,56,90,-1.0
-800,56,92,-1.0
-800,56,94,-1.0
-800,56,96,-1.0
-800,56,98,-1.0
-800,56,100,-1.0
-800,56,102,-1.0
-800,56,104,-1.0
-800,56,106,-1.0
-800,56,108,-1.0
-800,56,110,-1.0
-800,56,112,-1.0
-800,56,114,-1.0
-800,56,116,-1.0
-800,56,118,-1.0
-800,56,120,-1.0
-800,56,122,-1.0
-800,56,124,-1.0
-800,56,126,-1.0
-800,56,128,-1.0
-800,56,130,-1.0
-800,56,132,-1.0
-800,56,134,-1.0
-800,56,136,-1.0
-800,56,138,-1.0
-800,56,140,-1.0
-800,56,142,-1.0
-800,56,144,-1.0
-800,56,146,-1.0
-800,56,148,-1.0
-800,56,150,-1.0
-800,56,152,-1.0
-800,56,154,-1.0
-800,56,156,-1.0
-800,56,158,-1.0
-800,56,160,-1.0
-800,56,162,-1.0
-800,56,164,-1.0
-800,56,166,-1.0
-800,56,168,-1.0
-800,56,170,-1.0
-800,56,172,-1.0
-800,56,174,-1.0
-800,56,176,-1.0
-800,56,178,-1.0
-800,56,180,-1.0
-800,58,0,-1.0
-800,58,2,-1.0
-800,58,4,-1.0
-800,58,6,-1.0
-800,58,8,-1.0
-800,58,10,-1.0
-800,58,12,-1.0
-800,58,14,-1.0
-800,58,16,-1.0
-800,58,18,-1.0
-800,58,20,-1.0
-800,58,22,-1.0
-800,58,24,-1.0
-800,58,26,-1.0
-800,58,28,-1.0
-800,58,30,-1.0
-800,58,32,-1.0
-800,58,34,-1.0
-800,58,36,-1.0
-800,58,38,-1.0
-800,58,40,-1.0
-800,58,42,-1.0
-800,58,44,-1.0
-800,58,46,-1.0
-800,58,48,-1.0
-800,58,50,-1.0
-800,58,52,-1.0
-800,58,54,-1.0
-800,58,56,-1.0
-800,58,58,-1.0
-800,58,60,-1.0
-800,58,62,-1.0
-800,58,64,-1.0
-800,58,66,-1.0
-800,58,68,-1.0
-800,58,70,-1.0
-800,58,72,-1.0
-800,58,74,-1.0
-800,58,76,-1.0
-800,58,78,-1.0
-800,58,80,-1.0
-800,58,82,-1.0
-800,58,84,-1.0
-800,58,86,-1.0
-800,58,88,-1.0
-800,58,90,-1.0
-800,58,92,-1.0
-800,58,94,-1.0
-800,58,96,-1.0
-800,58,98,-1.0
-800,58,100,-1.0
-800,58,102,-1.0
-800,58,104,-1.0
-800,58,106,-1.0
-800,58,108,-1.0
-800,58,110,-1.0
-800,58,112,-1.0
-800,58,114,-1.0
-800,58,116,-1.0
-800,58,118,-1.0
-800,58,120,-1.0
-800,58,122,-1.0
-800,58,124,-1.0
-800,58,126,-1.0
-800,58,128,-1.0
-800,58,130,-1.0
-800,58,132,-1.0
-800,58,134,-1.0
-800,58,136,-1.0
-800,58,138,-1.0
-800,58,140,-1.0
-800,58,142,-1.0
-800,58,144,-1.0
-800,58,146,-1.0
-800,58,148,-1.0
-800,58,150,-1.0
-800,58,152,-1.0
-800,58,154,-1.0
-800,58,156,-1.0
-800,58,158,-1.0
-800,58,160,-1.0
-800,58,162,-1.0
-800,58,164,-1.0
-800,58,166,-1.0
-800,58,168,-1.0
-800,58,170,-1.0
-800,58,172,-1.0
-800,58,174,-1.0
-800,58,176,-1.0
-800,58,178,-1.0
-800,58,180,-1.0
-800,60,0,-1.0
-800,60,2,-1.0
-800,60,4,-1.0
-800,60,6,-1.0
-800,60,8,-1.0
-800,60,10,-1.0
-800,60,12,-1.0
-800,60,14,-1.0
-800,60,16,-1.0
-800,60,18,-1.0
-800,60,20,-1.0
-800,60,22,-1.0
-800,60,24,-1.0
-800,60,26,-1.0
-800,60,28,-1.0
-800,60,30,-1.0
-800,60,32,-1.0
-800,60,34,-1.0
-800,60,36,-1.0
-800,60,38,-1.0
-800,60,40,-1.0
-800,60,42,-1.0
-800,60,44,-1.0
-800,60,46,-1.0
-800,60,48,-1.0
-800,60,50,-1.0
-800,60,52,-1.0
-800,60,54,-1.0
-800,60,56,-1.0
-800,60,58,-1.0
-800,60,60,-1.0
-800,60,62,-1.0
-800,60,64,-1.0
-800,60,66,-1.0
-800,60,68,-1.0
-800,60,70,-1.0
-800,60,72,-1.0
-800,60,74,-1.0
-800,60,76,-1.0
-800,60,78,-1.0
-800,60,80,-1.0
-800,60,82,-1.0
-800,60,84,-1.0
-800,60,86,-1.0
-800,60,88,-1.0
-800,60,90,-1.0
-800,60,92,-1.0
-800,60,94,-1.0
-800,60,96,-1.0
-800,60,98,-1.0
-800,60,100,-1.0
-800,60,102,-1.0
-800,60,104,-1.0
-800,60,106,-1.0
-800,60,108,-1.0
-800,60,110,-1.0
-800,60,112,-1.0
-800,60,114,-1.0
-800,60,116,-1.0
-800,60,118,-1.0
-800,60,120,-1.0
-800,60,122,-1.0
-800,60,124,-1.0
-800,60,126,-1.0
-800,60,128,-1.0
-800,60,130,-1.0
-800,60,132,-1.0
-800,60,134,-1.0
-800,60,136,-1.0
-800,60,138,-1.0
-800,60,140,-1.0
-800,60,142,-1.0
-800,60,144,-1.0
-800,60,146,-1.0
-800,60,148,-1.0
-800,60,150,-1.0
-800,60,152,-1.0
-800,60,154,-1.0
-800,60,156,-1.0
-800,60,158,-1.0
-800,60,160,-1.0
-800,60,162,-1.0
-800,60,164,-1.0
-800,60,166,-1.0
-800,60,168,-1.0
-800,60,170,-1.0
-800,60,172,-1.0
-800,60,174,-1.0
-800,60,176,-1.0
-800,60,178,-1.0
-800,60,180,-1.0
-800,62,0,-1.0
-800,62,2,-1.0
-800,62,4,-1.0
-800,62,6,-1.0
-800,62,8,-1.0
-800,62,10,-1.0
-800,62,12,-1.0
-800,62,14,-1.0
-800,62,16,-1.0
-800,62,18,-1.0
-800,62,20,-1.0
-800,62,22,-1.0
-800,62,24,-1.0
-800,62,26,-1.0
-800,62,28,-1.0
-800,62,30,-1.0
-800,62,32,-1.0
-800,62,34,-1.0
-800,62,36,-1.0
-800,62,38,-1.0
-800,62,40,-1.0
-800,62,42,-1.0
-800,62,44,-1.0
-800,62,46,-1.0
-800,62,48,-1.0
-800,62,50,-1.0
-800,62,52,-1.0
-800,62,54,-1.0
-800,62,56,-1.0
-800,62,58,-1.0
-800,62,60,-1.0
-800,62,62,-1.0
-800,62,64,-1.0
-800,62,66,-1.0
-800,62,68,-1.0
-800,62,70,-1.0
-800,62,72,-1.0
-800,62,74,-1.0
-800,62,76,-1.0
-800,62,78,-1.0
-800,62,80,-1.0
-800,62,82,-1.0
-800,62,84,-1.0
-800,62,86,-1.0
-800,62,88,-1.0
-800,62,90,-1.0
-800,62,92,-1.0
-800,62,94,-1.0
-800,62,96,-1.0
-800,62,98,-1.0
-800,62,100,-1.0
-800,62,102,-1.0
-800,62,104,-1.0
-800,62,106,-1.0
-800,62,108,-1.0
-800,62,110,-1.0
-800,62,112,-1.0
-800,62,114,-1.0
-800,62,116,-1.0
-800,62,118,-1.0
-800,62,120,-1.0
-800,62,122,-1.0
-800,62,124,-1.0
-800,62,126,-1.0
-800,62,128,-1.0
-800,62,130,-1.0
-800,62,132,-1.0
-800,62,134,-1.0
-800,62,136,-1.0
-800,62,138,-1.0
-800,62,140,-1.0
-800,62,142,-1.0
-800,62,144,-1.0
-800,62,146,-1.0
-800,62,148,-1.0
-800,62,150,-1.0
-800,62,152,-1.0
-800,62,154,-1.0
-800,62,156,-1.0
-800,62,158,-1.0
-800,62,160,-1.0
-800,62,162,-1.0
-800,62,164,-1.0
-800,62,166,-1.0
-800,62,168,-1.0
-800,62,170,-1.0
-800,62,172,-1.0
-800,62,174,-1.0
-800,62,176,-1.0
-800,62,178,-1.0
-800,62,180,-1.0
-800,64,0,-1.0
-800,64,2,-1.0
-800,64,4,-1.0
-800,64,6,-1.0
-800,64,8,-1.0
-800,64,10,-1.0
-800,64,12,-1.0
-800,64,14,-1.0
-800,64,16,-1.0
-800,64,18,-1.0
-800,64,20,-1.0
-800,64,22,-1.0
-800,64,24,-1.0
-800,64,26,-1.0
-800,64,28,-1.0
-800,64,30,-1.0
-800,64,32,-1.0
-800,64,34,-1.0
-800,64,36,-1.0
-800,64,38,-1.0
-800,64,40,-1.0
-800,64,42,-1.0
-800,64,44,-1.0
-800,64,46,-1.0
-800,64,48,-1.0
-800,64,50,-1.0
-800,64,52,-1.0
-800,64,54,-1.0
-800,64,56,-1.0
-800,64,58,-1.0
-800,64,60,-1.0
-800,64,62,-1.0
-800,64,64,-1.0
-800,64,66,-1.0
-800,64,68,-1.0
-800,64,70,-1.0
-800,64,72,-1.0
-800,64,74,-1.0
-800,64,76,-1.0
-800,64,78,-1.0
-800,64,80,-1.0
-800,64,82,-1.0
-800,64,84,-1.0
-800,64,86,-1.0
-800,64,88,-1.0
-800,64,90,-1.0
-800,64,92,-1.0
-800,64,94,-1.0
-800,64,96,-1.0
-800,64,98,-1.0
-800,64,100,-1.0
-800,64,102,-1.0
-800,64,104,-1.0
-800,64,106,-1.0
-800,64,108,-1.0
-800,64,110,-1.0
-800,64,112,-1.0
-800,64,114,-1.0
-800,64,116,-1.0
-800,64,118,-1.0
-800,64,120,-1.0
-800,64,122,-1.0
-800,64,124,-1.0
-800,64,126,-1.0
-800,64,128,-1.0
-800,64,130,-1.0
-800,64,132,-1.0
-800,64,134,-1.0
-800,64,136,-1.0
-800,64,138,-1.0
-800,64,140,-1.0
-800,64,142,-1.0
-800,64,144,-1.0
-800,64,146,-1.0
-800,64,148,-1.0
-800,64,150,-1.0
-800,64,152,-1.0
-800,64,154,-1.0
-800,64,156,-1.0
-800,64,158,-1.0
-800,64,160,-1.0
-800,64,162,-1.0
-800,64,164,-1.0
-800,64,166,-1.0
-800,64,168,-1.0
-800,64,170,-1.0
-800,64,172,-1.0
-800,64,174,-1.0
-800,64,176,-1.0
-800,64,178,-1.0
-800,64,180,-1.0
-800,66,0,-1.0
-800,66,2,-1.0
-800,66,4,-1.0
-800,66,6,-1.0
-800,66,8,-1.0
-800,66,10,-1.0
-800,66,12,-1.0
-800,66,14,-1.0
-800,66,16,-1.0
-800,66,18,-1.0
-800,66,20,-1.0
-800,66,22,-1.0
-800,66,24,-1.0
-800,66,26,-1.0
-800,66,28,-1.0
-800,66,30,-1.0
-800,66,32,-1.0
-800,66,34,-1.0
-800,66,36,-1.0
-800,66,38,-1.0
-800,66,40,-1.0
-800,66,42,-1.0
-800,66,44,-1.0
-800,66,46,-1.0
-800,66,48,-1.0
-800,66,50,-1.0
-800,66,52,-1.0
-800,66,54,-1.0
-800,66,56,-1.0
-800,66,58,-1.0
-800,66,60,-1.0
-800,66,62,-1.0
-800,66,64,-1.0
-800,66,66,-1.0
-800,66,68,-1.0
-800,66,70,-1.0
-800,66,72,-1.0
-800,66,74,-1.0
-800,66,76,-1.0
-800,66,78,-1.0
-800,66,80,-1.0
-800,66,82,-1.0
-800,66,84,-1.0
-800,66,86,-1.0
-800,66,88,-1.0
-800,66,90,-1.0
-800,66,92,-1.0
-800,66,94,-1.0
-800,66,96,-1.0
-800,66,98,-1.0
-800,66,100,-1.0
-800,66,102,-1.0
-800,66,104,-1.0
-800,66,106,-1.0
-800,66,108,-1.0
-800,66,110,-1.0
-800,66,112,-1.0
-800,66,114,-1.0
-800,66,116,-1.0
-800,66,118,-1.0
-800,66,120,-1.0
-800,66,122,-1.0
-800,66,124,-1.0
-800,66,126,-1.0
-800,66,128,-1.0
-800,66,130,-1.0
-800,66,132,-1.0
-800,66,134,-1.0
-800,66,136,-1.0
-800,66,138,-1.0
-800,66,140,-1.0
-800,66,142,-1.0
-800,66,144,-1.0
-800,66,146,-1.0
-800,66,148,-1.0
-800,66,150,-1.0
-800,66,152,-1.0
-800,66,154,-1.0
-800,66,156,-1.0
-800,66,158,-1.0
-800,66,160,-1.0
-800,66,162,-1.0
-800,66,164,-1.0
-800,66,166,-1.0
-800,66,168,-1.0
-800,66,170,-1.0
-800,66,172,-1.0
-800,66,174,-1.0
-800,66,176,-1.0
-800,66,178,-1.0
-800,66,180,-1.0
-800,68,0,-1.0
-800,68,2,-1.0
-800,68,4,-1.0
-800,68,6,-1.0
-800,68,8,-1.0
-800,68,10,-1.0
-800,68,12,-1.0
-800,68,14,-1.0
-800,68,16,-1.0
-800,68,18,-1.0
-800,68,20,-1.0
-800,68,22,-1.0
-800,68,24,-1.0
-800,68,26,-1.0
-800,68,28,-1.0
-800,68,30,-1.0
-800,68,32,-1.0
-800,68,34,-1.0
-800,68,36,-1.0
-800,68,38,-1.0
-800,68,40,-1.0
-800,68,42,-1.0
-800,68,44,-1.0
-800,68,46,-1.0
-800,68,48,-1.0
-800,68,50,-1.0
-800,68,52,-1.0
-800,68,54,-1.0
-800,68,56,-1.0
-800,68,58,-1.0
-800,68,60,-1.0
-800,68,62,-1.0
-800,68,64,-1.0
-800,68,66,-1.0
-800,68,68,-1.0
-800,68,70,-1.0
-800,68,72,-1.0
-800,68,74,-1.0
-800,68,76,-1.0
-800,68,78,-1.0
-800,68,80,-1.0
-800,68,82,-1.0
-800,68,84,-1.0
-800,68,86,-1.0
-800,68,88,-1.0
-800,68,90,-1.0
-800,68,92,-1.0
-800,68,94,-1.0
-800,68,96,-1.0
-800,68,98,-1.0
-800,68,100,-1.0
-800,68,102,-1.0
-800,68,104,-1.0
-800,68,106,-1.0
-800,68,108,-1.0
-800,68,110,-1.0
-800,68,112,-1.0
-800,68,114,-1.0
-800,68,116,-1.0
-800,68,118,-1.0
-800,68,120,-1.0
-800,68,122,-1.0
-800,68,124,-1.0
-800,68,126,-1.0
-800,68,128,-1.0
-800,68,130,-1.0
-800,68,132,-1.0
-800,68,134,-1.0
-800,68,136,-1.0
-800,68,138,-1.0
-800,68,140,-1.0
-800,68,142,-1.0
-800,68,144,-1.0
-800,68,146,-1.0
-800,68,148,-1.0
-800,68,150,-1.0
-800,68,152,-1.0
-800,68,154,-1.0
-800,68,156,-1.0
-800,68,158,-1.0
-800,68,160,-1.0
-800,68,162,-1.0
-800,68,164,-1.0
-800,68,166,-1.0
-800,68,168,-1.0
-800,68,170,-1.0
-800,68,172,-1.0
-800,68,174,-1.0
-800,68,176,-1.0
-800,68,178,-1.0
-800,68,180,-1.0
-800,70,0,-1.0
-800,70,2,-1.0
-800,70,4,-1.0
-800,70,6,-1.0
-800,70,8,-1.0
-800,70,10,-1.0
-800,70,12,-1.0
-800,70,14,-1.0
-800,70,16,-1.0
-800,70,18,-1.0
-800,70,20,-1.0
-800,70,22,-1.0
-800,70,24,-1.0
-800,70,26,-1.0
-800,70,28,-1.0
-800,70,30,-1.0
-800,70,32,-1.0
-800,70,34,-1.0
-800,70,36,-1.0
-800,70,38,-1.0
-800,70,40,-1.0
-800,70,42,-1.0
-800,70,44,-1.0
-800,70,46,-1.0
-800,70,48,-1.0
-800,70,50,-1.0
-800,70,52,-1.0
-800,70,54,-1.0
-800,70,56,-1.0
-800,70,58,-1.0
-800,70,60,-1.0
-800,70,62,-1.0
-800,70,64,-1.0
-800,70,66,-1.0
-800,70,68,-1.0
-800,70,70,-1.0
-800,70,72,-1.0
-800,70,74,-1.0
-800,70,76,-1.0
-800,70,78,-1.0
-800,70,80,-1.0
-800,70,82,-1.0
-800,70,84,-1.0
-800,70,86,-1.0
-800,70,88,-1.0
-800,70,90,-1.0
-800,70,92,-1.0
-800,70,94,-1.0
-800,70,96,-1.0
-800,70,98,-1.0
-800,70,100,-1.0
-800,70,102,-1.0
-800,70,104,-1.0
-800,70,106,-1.0
-800,70,108,-1.0
-800,70,110,-1.0
-800,70,112,-1.0
-800,70,114,-1.0
-800,70,116,-1.0
-800,70,118,-1.0
-800,70,120,-1.0
-800,70,122,-1.0
-800,70,124,-1.0
-800,70,126,-1.0
-800,70,128,-1.0
-800,70,130,-1.0
-800,70,132,-1.0
-800,70,134,-1.0
-800,70,136,-1.0
-800,70,138,-1.0
-800,70,140,-1.0
-800,70,142,-1.0
-800,70,144,-1.0
-800,70,146,-1.0
-800,70,148,-1.0
-800,70,150,-1.0
-800,70,152,-1.0
-800,70,154,-1.0
-800,70,156,-1.0
-800,70,158,-1.0
-800,70,160,-1.0
-800,70,162,-1.0
-800,70,164,-1.0
-800,70,166,-1.0
-800,70,168,-1.0
-800,70,170,-1.0
-800,70,172,-1.0
-800,70,174,-1.0
-800,70,176,-1.0
-800,70,178,-1.0
-800,70,180,-1.0
-800,72,0,-1.0
-800,72,2,-1.0
-800,72,4,-1.0
-800,72,6,-1.0
-800,72,8,-1.0
-800,72,10,-1.0
-800,72,12,-1.0
-800,72,14,-1.0
-800,72,16,-1.0
-800,72,18,-1.0
-800,72,20,-1.0
-800,72,22,-1.0
-800,72,24,-1.0
-800,72,26,-1.0
-800,72,28,-1.0
-800,72,30,-1.0
-800,72,32,-1.0
-800,72,34,-1.0
-800,72,36,-1.0
-800,72,38,-1.0
-800,72,40,-1.0
-800,72,42,-1.0
-800,72,44,-1.0
-800,72,46,-1.0
-800,72,48,-1.0
-800,72,50,-1.0
-800,72,52,-1.0
-800,72,54,-1.0
-800,72,56,-1.0
-800,72,58,-1.0
-800,72,60,-1.0
-800,72,62,-1.0
-800,72,64,-1.0
-800,72,66,-1.0
-800,72,68,-1.0
-800,72,70,-1.0
-800,72,72,-1.0
-800,72,74,-1.0
-800,72,76,-1.0
-800,72,78,-1.0
-800,72,80,-1.0
-800,72,82,-1.0
-800,72,84,-1.0
-800,72,86,-1.0
-800,72,88,-1.0
-800,72,90,-1.0
-800,72,92,-1.0
-800,72,94,-1.0
-800,72,96,-1.0
-800,72,98,-1.0
-800,72,100,-1.0
-800,72,102,-1.0
-800,72,104,-1.0
-800,72,106,-1.0
-800,72,108,-1.0
-800,72,110,-1.0
-800,72,112,-1.0
-800,72,114,-1.0
-800,72,116,-1.0
-800,72,118,-1.0
-800,72,120,-1.0
-800,72,122,-1.0
-800,72,124,-1.0
-800,72,126,-1.0
-800,72,128,-1.0
-800,72,130,-1.0
-800,72,132,-1.0
-800,72,134,-1.0
-800,72,136,-1.0
-800,72,138,-1.0
-800,72,140,-1.0
-800,72,142,-1.0
-800,72,144,-1.0
-800,72,146,-1.0
-800,72,148,-1.0
-800,72,150,-1.0
-800,72,152,-1.0
-800,72,154,-1.0
-800,72,156,-1.0
-800,72,158,-1.0
-800,72,160,-1.0
-800,72,162,-1.0
-800,72,164,-1.0
-800,72,166,-1.0
-800,72,168,-1.0
-800,72,170,-1.0
-800,72,172,-1.0
-800,72,174,-1.0
-800,72,176,-1.0
-800,72,178,-1.0
-800,72,180,-1.0
-800,74,0,-1.0
-800,74,2,-1.0
-800,74,4,-1.0
-800,74,6,-1.0
-800,74,8,-1.0
-800,74,10,-1.0
-800,74,12,-1.0
-800,74,14,-1.0
-800,74,16,-1.0
-800,74,18,-1.0
-800,74,20,-1.0
-800,74,22,-1.0
-800,74,24,-1.0
-800,74,26,-1.0
-800,74,28,-1.0
-800,74,30,-1.0
-800,74,32,-1.0
-800,74,34,-1.0
-800,74,36,-1.0
-800,74,38,-1.0
-800,74,40,-1.0
-800,74,42,-1.0
-800,74,44,-1.0
-800,74,46,-1.0
-800,74,48,-1.0
-800,74,50,-1.0
-800,74,52,-1.0
-800,74,54,-1.0
-800,74,56,-1.0
-800,74,58,-1.0
-800,74,60,-1.0
-800,74,62,-1.0
-800,74,64,-1.0
-800,74,66,-1.0
-800,74,68,-1.0
-800,74,70,-1.0
-800,74,72,-1.0
-800,74,74,-1.0
-800,74,76,-1.0
-800,74,78,-1.0
-800,74,80,-1.0
-800,74,82,-1.0
-800,74,84,-1.0
-800,74,86,-1.0
-800,74,88,-1.0
-800,74,90,-1.0
-800,74,92,-1.0
-800,74,94,-1.0
-800,74,96,-1.0
-800,74,98,-1.0
-800,74,100,-1.0
-800,74,102,-1.0
-800,74,104,-1.0
-800,74,106,-1.0
-800,74,108,-1.0
-800,74,110,-1.0
-800,74,112,-1.0
-800,74,114,-1.0
-800,74,116,-1.0
-800,74,118,-1.0
-800,74,120,-1.0
-800,74,122,-1.0
-800,74,124,-1.0
-800,74,126,-1.0
-800,74,128,-1.0
-800,74,130,-1.0
-800,74,132,-1.0
-800,74,134,-1.0
-800,74,136,-1.0
-800,74,138,-1.0
-800,74,140,-1.0
-800,74,142,-1.0
-800,74,144,-1.0
-800,74,146,-1.0
-800,74,148,-1.0
-800,74,150,-1.0
-800,74,152,-1.0
-800,74,154,-1.0
-800,74,156,-1.0
-800,74,158,-1.0
-800,74,160,-1.0
-800,74,162,-1.0
-800,74,164,-1.0
-800,74,166,-1.0
-800,74,168,-1.0
-800,74,170,-1.0
-800,74,172,-1.0
-800,74,174,-1.0
-800,74,176,-1.0
-800,74,178,-1.0
-800,74,180,-1.0
-800,76,0,-1.0
-800,76,2,-1.0
-800,76,4,-1.0
-800,76,6,-1.0
-800,76,8,-1.0
-800,76,10,-1.0
-800,76,12,-1.0
-800,76,14,-1.0
-800,76,16,-1.0
-800,76,18,-1.0
-800,76,20,-1.0
-800,76,22,-1.0
-800,76,24,-1.0
-800,76,26,-1.0
-800,76,28,-1.0
-800,76,30,-1.0
-800,76,32,-1.0
-800,76,34,-1.0
-800,76,36,-1.0
-800,76,38,-1.0
-800,76,40,-1.0
-800,76,42,-1.0
-800,76,44,-1.0
-800,76,46,-1.0
-800,76,48,-1.0
-800,76,50,-1.0
-800,76,52,-1.0
-800,76,54,-1.0
-800,76,56,-1.0
-800,76,58,-1.0
-800,76,60,-1.0
-800,76,62,-1.0
-800,76,64,-1.0
-800,76,66,-1.0
-800,76,68,-1.0
-800,76,70,-1.0
-800,76,72,-1.0
-800,76,74,-1.0
-800,76,76,-1.0
-800,76,78,-1.0
-800,76,80,-1.0
-800,76,82,-1.0
-800,76,84,-1.0
-800,76,86,-1.0
-800,76,88,-1.0
-800,76,90,-1.0
-800,76,92,-1.0
-800,76,94,-1.0
-800,76,96,-1.0
-800,76,98,-1.0
-800,76,100,-1.0
-800,76,102,-1.0
-800,76,104,-1.0
-800,76,106,-1.0
-800,76,108,-1.0
-800,76,110,-1.0
-800,76,112,-1.0
-800,76,114,-1.0
-800,76,116,-1.0
-800,76,118,-1.0
-800,76,120,-1.0
-800,76,122,-1.0
-800,76,124,-1.0
-800,76,126,-1.0
-800,76,128,-1.0
-800,76,130,-1.0
-800,76,132,-1.0
-800,76,134,-1.0
-800,76,136,-1.0
-800,76,138,-1.0
-800,76,140,-1.0
-800,76,142,-1.0
-800,76,144,-1.0
-800,76,146,-1.0
-800,76,148,-1.0
-800,76,150,-1.0
-800,76,152,-1.0
-800,76,154,-1.0
-800,76,156,-1.0
-800,76,158,-1.0
-800,76,160,-1.0
-800,76,162,-1.0
-800,76,164,-1.0
-800,76,166,-1.0
-800,76,168,-1.0
-800,76,170,-1.0
-800,76,172,-1.0
-800,76,174,-1.0
-800,76,176,-1.0
-800,76,178,-1.0
-800,76,180,-1.0
-800,78,0,-1.0
-800,78,2,-1.0
-800,78,4,-1.0
-800,78,6,-1.0
-800,78,8,-1.0
-800,78,10,-1.0
-800,78,12,-1.0
-800,78,14,-1.0
-800,78,16,-1.0
-800,78,18,-1.0
-800,78,20,-1.0
-800,78,22,-1.0
-800,78,24,-1.0
-800,78,26,-1.0
-800,78,28,-1.0
-800,78,30,-1.0
-800,78,32,-1.0
-800,78,34,-1.0
-800,78,36,-1.0
-800,78,38,-1.0
-800,78,40,-1.0
-800,78,42,-1.0
-800,78,44,-1.0
-800,78,46,-1.0
-800,78,48,-1.0
-800,78,50,-1.0
-800,78,52,-1.0
-800,78,54,-1.0
-800,78,56,-1.0
-800,78,58,-1.0
-800,78,60,-1.0
-800,78,62,-1.0
-800,78,64,-1.0
-800,78,66,-1.0
-800,78,68,-1.0
-800,78,70,-1.0
-800,78,72,-1.0
-800,78,74,-1.0
-800,78,76,-1.0
-800,78,78,-1.0
-800,78,80,-1.0
-800,78,82,-1.0
-800,78,84,-1.0
-800,78,86,-1.0
-800,78,88,-1.0
-800,78,90,-1.0
-800,78,92,-1.0
-800,78,94,-1.0
-800,78,96,-1.0
-800,78,98,-1.0
-800,78,100,-1.0
-800,78,102,-1.0
-800,78,104,-1.0
-800,78,106,-1.0
-800,78,108,-1.0
-800,78,110,-1.0
-800,78,112,-1.0
-800,78,114,-1.0
-800,78,116,-1.0
-800,78,118,-1.0
-800,78,120,-1.0
-800,78,122,-1.0
-800,78,124,-1.0
-800,78,126,-1.0
-800,78,128,-1.0
-800,78,130,-1.0
-800,78,132,-1.0
-800,78,134,-1.0
-800,78,136,-1.0
-800,78,138,-1.0
-800,78,140,-1.0
-800,78,142,-1.0
-800,78,144,-1.0
-800,78,146,-1.0
-800,78,148,-1.0
-800,78,150,-1.0
-800,78,152,-1.0
-800,78,154,-1.0
-800,78,156,-1.0
-800,78,158,-1.0
-800,78,160,-1.0
-800,78,162,-1.0
-800,78,164,-1.0
-800,78,166,-1.0
-800,78,168,-1.0
-800,78,170,-1.0
-800,78,172,-1.0
-800,78,174,-1.0
-800,78,176,-1.0
-800,78,178,-1.0
-800,78,180,-1.0
-800,80,0,-1.0
-800,80,2,-1.0
-800,80,4,-1.0
-800,80,6,-1.0
-800,80,8,-1.0
-800,80,10,-1.0
-800,80,12,-1.0
-800,80,14,-1.0
-800,80,16,-1.0
-800,80,18,-1.0
-800,80,20,-1.0
-800,80,22,-1.0
-800,80,24,-1.0
-800,80,26,-1.0
-800,80,28,-1.0
-800,80,30,-1.0
-800,80,32,-1.0
-800,80,34,-1.0
-800,80,36,-1.0
-800,80,38,-1.0
-800,80,40,-1.0
-800,80,42,-1.0
-800,80,44,-1.0
-800,80,46,-1.0
-800,80,48,-1.0
-800,80,50,-1.0
-800,80,52,-1.0
-800,80,54,-1.0
-800,80,56,-1.0
-800,80,58,-1.0
-800,80,60,-1.0
-800,80,62,-1.0
-800,80,64,-1.0
-800,80,66,-1.0
-800,80,68,-1.0
-800,80,70,-1.0
-800,80,72,-1.0
-800,80,74,-1.0
-800,80,76,-1.0
-800,80,78,-1.0
-800,80,80,-1.0
-800,80,82,-1.0
-800,80,84,-1.0
-800,80,86,-1.0
-800,80,88,-1.0
-800,80,90,-1.0
-800,80,92,-1.0
-800,80,94,-1.0
-800,80,96,-1.0
-800,80,98,-1.0
-800,80,100,-1.0
-800,80,102,-1.0
-800,80,104,-1.0
-800,80,106,-1.0
-800,80,108,-1.0
-800,80,110,-1.0
-800,80,112,-1.0
-800,80,114,-1.0
-800,80,116,-1.0
-800,80,118,-1.0
-800,80,120,-1.0
-800,80,122,-1.0
-800,80,124,-1.0
-800,80,126,-1.0
-800,80,128,-1.0
-800,80,130,-1.0
-800,80,132,-1.0
-800,80,134,-1.0
-800,80,136,-1.0
-800,80,138,-1.0
-800,80,140,-1.0
-800,80,142,-1.0
-800,80,144,-1.0
-800,80,146,-1.0
-800,80,148,-1.0
-800,80,150,-1.0
-800,80,152,-1.0
-800,80,154,-1.0
-800,80,156,-1.0
-800,80,158,-1.0
-800,80,160,-1.0
-800,80,162,-1.0
-800,80,164,-1.0
-800,80,166,-1.0
-800,80,168,-1.0
-800,80,170,-1.0
-800,80,172,-1.0
-800,80,174,-1.0
-800,80,176,-1.0
-800,80,178,-1.0
-800,80,180,-1.0
-800,82,0,-1.0
-800,82,2,-1.0
-800,82,4,-1.0
-800,82,6,-1.0
-800,82,8,-1.0
-800,82,10,-1.0
-800,82,12,-1.0
-800,82,14,-1.0
-800,82,16,-1.0
-800,82,18,-1.0
-800,82,20,-1.0
-800,82,22,-1.0
-800,82,24,-1.0
-800,82,26,-1.0
-800,82,28,-1.0
-800,82,30,-1.0
-800,82,32,-1.0
-800,82,34,-1.0
-800,82,36,-1.0
-800,82,38,-1.0
-800,82,40,-1.0
-800,82,42,-1.0
-800,82,44,-1.0
-800,82,46,-1.0
-800,82,48,-1.0
-800,82,50,-1.0
-800,82,52,-1.0
-800,82,54,-1.0
-800,82,56,-1.0
-800,82,58,-1.0
-800,82,60,-1.0
-800,82,62,-1.0
-800,82,64,-1.0
-800,82,66,-1.0
-800,82,68,-1.0
-800,82,70,-1.0
-800,82,72,-1.0
-800,82,74,-1.0
-800,82,76,-1.0
-800,82,78,-1.0
-800,82,80,-1.0
-800,82,82,-1.0
-800,82,84,-1.0
-800,82,86,-1.0
-800,82,88,-1.0
-800,82,90,-1.0
-800,82,92,-1.0
-800,82,94,-1.0
-800,82,96,-1.0
-800,82,98,-1.0
-800,82,100,-1.0
-800,82,102,-1.0
-800,82,104,-1.0
-800,82,106,-1.0
-800,82,108,-1.0
-800,82,110,-1.0
-800,82,112,-1.0
-800,82,114,-1.0
-800,82,116,-1.0
-800,82,118,-1.0
-800,82,120,-1.0
-800,82,122,-1.0
-800,82,124,-1.0
-800,82,126,-1.0
-800,82,128,-1.0
-800,82,130,-1.0
-800,82,132,-1.0
-800,82,134,-1.0
-800,82,136,-1.0
-800,82,138,-1.0
-800,82,140,-1.0
-800,82,142,-1.0
-800,82,144,-1.0
-800,82,146,-1.0
-800,82,148,-1.0
-800,82,150,-1.0
-800,82,152,-1.0
-800,82,154,-1.0
-800,82,156,-1.0
-800,82,158,-1.0
-800,82,160,-1.0
-800,82,162,-1.0
-800,82,164,-1.0
-800,82,166,-1.0
-800,82,168,-1.0
-800,82,170,-1.0
-800,82,172,-1.0
-800,82,174,-1.0
-800,82,176,-1.0
-800,82,178,-1.0
-800,82,180,-1.0
-800,84,0,-1.0
-800,84,2,-1.0
-800,84,4,-1.0
-800,84,6,-1.0
-800,84,8,-1.0
-800,84,10,-1.0
-800,84,12,-1.0
-800,84,14,-1.0
-800,84,16,-1.0
-800,84,18,-1.0
-800,84,20,-1.0
-800,84,22,-1.0
-800,84,24,-1.0
-800,84,26,-1.0
-800,84,28,-1.0
-800,84,30,-1.0
-800,84,32,-1.0
-800,84,34,-1.0
-800,84,36,-1.0
-800,84,38,-1.0
-800,84,40,-1.0
-800,84,42,-1.0
-800,84,44,-1.0
-800,84,46,-1.0
-800,84,48,-1.0
-800,84,50,-1.0
-800,84,52,-1.0
-800,84,54,-1.0
-800,84,56,-1.0
-800,84,58,-1.0
-800,84,60,-1.0
-800,84,62,-1.0
-800,84,64,-1.0
-800,84,66,-1.0
-800,84,68,-1.0
-800,84,70,-1.0
-800,84,72,-1.0
-800,84,74,-1.0
-800,84,76,-1.0
-800,84,78,-1.0
-800,84,80,-1.0
-800,84,82,-1.0
-800,84,84,-1.0
-800,84,86,-1.0
-800,84,88,-1.0
-800,84,90,-1.0
-800,84,92,-1.0
-800,84,94,-1.0
-800,84,96,-1.0
-800,84,98,-1.0
-800,84,100,-1.0
-800,84,102,-1.0
-800,84,104,-1.0
-800,84,106,-1.0
-800,84,108,-1.0
-800,84,110,-1.0
-800,84,112,-1.0
-800,84,114,-1.0
-800,84,116,-1.0
-800,84,118,-1.0
-800,84,120,-1.0
-800,84,122,-1.0
-800,84,124,-1.0
-800,84,126,-1.0
-800,84,128,-1.0
-800,84,130,-1.0
-800,84,132,-1.0
-800,84,134,-1.0
-800,84,136,-1.0
-800,84,138,-1.0
-800,84,140,-1.0
-800,84,142,-1.0
-800,84,144,-1.0
-800,84,146,-1.0
-800,84,148,-1.0
-800,84,150,-1.0
-800,84,152,-1.0
-800,84,154,-1.0
-800,84,156,-1.0
-800,84,158,-1.0
-800,84,160,-1.0
-800,84,162,-1.0
-800,84,164,-1.0
-800,84,166,-1.0
-800,84,168,-1.0
-800,84,170,-1.0
-800,84,172,-1.0
-800,84,174,-1.0
-800,84,176,-1.0
-800,84,178,-1.0
-800,84,180,-1.0
-800,86,0,-1.0
-800,86,2,-1.0
-800,86,4,-1.0
-800,86,6,-1.0
-800,86,8,-1.0
-800,86,10,-1.0
-800,86,12,-1.0
-800,86,14,-1.0
-800,86,16,-1.0
-800,86,18,-1.0
-800,86,20,-1.0
-800,86,22,-1.0
-800,86,24,-1.0
-800,86,26,-1.0
-800,86,28,-1.0
-800,86,30,-1.0
-800,86,32,-1.0
-800,86,34,-1.0
-800,86,36,-1.0
-800,86,38,-1.0
-800,86,40,-1.0
-800,86,42,-1.0
-800,86,44,-1.0
-800,86,46,-1.0
-800,86,48,-1.0
-800,86,50,-1.0
-800,86,52,-1.0
-800,86,54,-1.0
-800,86,56,-1.0
-800,86,58,-1.0
-800,86,60,-1.0
-800,86,62,-1.0
-800,86,64,-1.0
-800,86,66,-1.0
-800,86,68,-1.0
-800,86,70,-1.0
-800,86,72,-1.0
-800,86,74,-1.0
-800,86,76,-1.0
-800,86,78,-1.0
-800,86,80,-1.0
-800,86,82,-1.0
-800,86,84,-1.0
-800,86,86,-1.0
-800,86,88,-1.0
-800,86,90,-1.0
-800,86,92,-1.0
-800,86,94,-1.0
-800,86,96,-1.0
-800,86,98,-1.0
-800,86,100,-1.0
-800,86,102,-1.0
-800,86,104,-1.0
-800,86,106,-1.0
-800,86,108,-1.0
-800,86,110,-1.0
-800,86,112,-1.0
-800,86,114,-1.0
-800,86,116,-1.0
-800,86,118,-1.0
-800,86,120,-1.0
-800,86,122,-1.0
-800,86,124,-1.0
-800,86,126,-1.0
-800,86,128,-1.0
-800,86,130,-1.0
-800,86,132,-1.0
-800,86,134,-1.0
-800,86,136,-1.0
-800,86,138,-1.0
-800,86,140,-1.0
-800,86,142,-1.0
-800,86,144,-1.0
-800,86,146,-1.0
-800,86,148,-1.0
-800,86,150,-1.0
-800,86,152,-1.0
-800,86,154,-1.0
-800,86,156,-1.0
-800,86,158,-1.0
-800,86,160,-1.0
-800,86,162,-1.0
-800,86,164,-1.0
-800,86,166,-1.0
-800,86,168,-1.0
-800,86,170,-1.0
-800,86,172,-1.0
-800,86,174,-1.0
-800,86,176,-1.0
-800,86,178,-1.0
-800,86,180,-1.0
-800,88,0,-1.0
-800,88,2,-1.0
-800,88,4,-1.0
-800,88,6,-1.0
-800,88,8,-1.0
-800,88,10,-1.0
-800,88,12,-1.0
-800,88,14,-1.0
-800,88,16,-1.0
-800,88,18,-1.0
-800,88,20,-1.0
-800,88,22,-1.0
-800,88,24,-1.0
-800,88,26,-1.0
-800,88,28,-1.0
-800,88,30,-1.0
-800,88,32,-1.0
-800,88,34,-1.0
-800,88,36,-1.0
-800,88,38,-1.0
-800,88,40,-1.0
-800,88,42,-1.0
-800,88,44,-1.0
-800,88,46,-1.0
-800,88,48,-1.0
-800,88,50,-1.0
-800,88,52,-1.0
-800,88,54,-1.0
-800,88,56,-1.0
-800,88,58,-1.0
-800,88,60,-1.0
-800,88,62,-1.0
-800,88,64,-1.0
-800,88,66,-1.0
-800,88,68,-1.0
-800,88,70,-1.0
-800,88,72,-1.0
-800,88,74,-1.0
-800,88,76,-1.0
-800,88,78,-1.0
-800,88,80,-1.0
-800,88,82,-1.0
-800,88,84,-1.0
-800,88,86,-1.0
-800,88,88,-1.0
-800,88,90,-1.0
-800,88,92,-1.0
-800,88,94,-1.0
-800,88,96,-1.0
-800,88,98,-1.0
-800,88,100,-1.0
-800,88,102,-1.0
-800,88,104,-1.0
-800,88,106,-1.0
-800,88,108,-1.0
-800,88,110,-1.0
-800,88,112,-1.0
-800,88,114,-1.0
-800,88,116,-1.0
-800,88,118,-1.0
-800,88,120,-1.0
-800,88,122,-1.0
-800,88,124,-1.0
-800,88,126,-1.0
-800,88,128,-1.0
-800,88,130,-1.0
-800,88,132,-1.0
-800,88,134,-1.0
-800,88,136,-1.0
-800,88,138,-1.0
-800,88,140,-1.0
-800,88,142,-1.0
-800,88,144,-1.0
-800,88,146,-1.0
-800,88,148,-1.0
-800,88,150,-1.0
-800,88,152,-1.0
-800,88,154,-1.0
-800,88,156,-1.0
-800,88,158,-1.0
-800,88,160,-1.0
-800,88,162,-1.0
-800,88,164,-1.0
-800,88,166,-1.0
-800,88,168,-1.0
-800,88,170,-1.0
-800,88,172,-1.0
-800,88,174,-1.0
-800,88,176,-1.0
-800,88,178,-1.0
-800,88,180,-1.0
-800,90,0,-1.0
-800,90,2,-1.0
-800,90,4,-1.0
-800,90,6,-1.0
-800,90,8,-1.0
-800,90,10,-1.0
-800,90,12,-1.0
-800,90,14,-1.0
-800,90,16,-1.0
-800,90,18,-1.0
-800,90,20,-1.0
-800,90,22,-1.0
-800,90,24,-1.0
-800,90,26,-1.0
-800,90,28,-1.0
-800,90,30,-1.0
-800,90,32,-1.0
-800,90,34,-1.0
-800,90,36,-1.0
-800,90,38,-1.0
-800,90,40,-1.0
-800,90,42,-1.0
-800,90,44,-1.0
-800,90,46,-1.0
-800,90,48,-1.0
-800,90,50,-1.0
-800,90,52,-1.0
-800,90,54,-1.0
-800,90,56,-1.0
-800,90,58,-1.0
-800,90,60,-1.0
-800,90,62,-1.0
-800,90,64,-1.0
-800,90,66,-1.0
-800,90,68,-1.0
-800,90,70,-1.0
-800,90,72,-1.0
-800,90,74,-1.0
-800,90,76,-1.0
-800,90,78,-1.0
-800,90,80,-1.0
-800,90,82,-1.0
-800,90,84,-1.0
-800,90,86,-1.0
-800,90,88,-1.0
-800,90,90,-1.0
-800,90,92,-1.0
-800,90,94,-1.0
-800,90,96,-1.0
-800,90,98,-1.0
-800,90,100,-1.0
-800,90,102,-1.0
-800,90,104,-1.0
-800,90,106,-1.0
-800,90,108,-1.0
-800,90,110,-1.0
-800,90,112,-1.0
-800,90,114,-1.0
-800,90,116,-1.0
-800,90,118,-1.0
-800,90,120,-1.0
-800,90,122,-1.0
-800,90,124,-1.0
-800,90,126,-1.0
-800,90,128,-1.0
-800,90,130,-1.0
-800,90,132,-1.0
-800,90,134,-1.0
-800,90,136,-1.0
-800,90,138,-1.0
-800,90,140,-1.0
-800,90,142,-1.0
-800,90,144,-1.0
-800,90,146,-1.0
-800,90,148,-1.0
-800,90,150,-1.0
-800,90,152,-1.0
-800,90,154,-1.0
-800,90,156,-1.0
-800,90,158,-1.0
-800,90,160,-1.0
-800,90,162,-1.0
-800,90,164,-1.0
-800,90,166,-1.0
-800,90,168,-1.0
-800,90,170,-1.0
-800,90,172,-1.0
-800,90,174,-1.0
-800,90,176,-1.0
-800,90,178,-1.0
-800,90,180,-1.0
1100,2,0,1100.8
1100,2,2,654.7
1100,2,4,615.9
1100,2,6,543.2
1100,2,8,534.5
1100,2,10,775.7
1100,2,12,446.8
1100,2,14,527.8
1100,2,16,-1.0
1100,2,18,972.1
1100,2,20,875.9
1100,2,22,548.3
1100,2,24,689.2
1100,2,26,732.8
1100,2,28,812.9
1100,2,30,983.2
1100,2,32,885.7
1100,2,34,483.0
1100,2,36,426.8
1100,2,38,721.7
1100,2,40,-1.0
1100,2,42,-1.0
1100,2,44,-1.0
1100,2,46,-1.0
1100,2,48,470.0
1100,2,50,845.1
1100,2,52,-1.0
1100,2,54,-1.0
1100,2,56,-1.0
1100,2,58,26.4
1100,2,60,-1.0
1100,2,62,-1.0
1100,2,64,-1.0
1100,2,66,-1.0
1100,2,68,438.7
1100,2,70,708.9
1100,2,72,-1.0
1100,2,74,112.3
1100,2,76,41.0
1100,2,78,-1.0
1100,2,80,386.6
1100,2,82,-1.0
1100,2,84,-1.0
1100,2,86,-1.0
1100,2,88,-1.0
1100,2,90,214.9
1100,2,92,-1.0
1100,2,94,80.5
1100,2,96,-1.0
1100,2,98,111.5
1100,2,100,112.2
1100,2,102,-1.0
1100,2,104,-1.0
1100,2,106,81.2
1100,2,108,-1.0
1100,2,110,-1.0
1100,2,112,-1.0
1100,2,114,-1.0
1100,2,116,-1.0
1100,2,118,-1.0
1100,2,120,-1.0
1100,2,122,-1.0
1100,2,124,-1.0
1100,2,126,-1.0
1100,2,128,-1.0
1100,2,130,-1.0
1100,2,132,-1.0
1100,2,134,-1.0
1100,2,136,-1.0
1100,2,138,28.6
1100,2,140,-1.0
1100,2,142,-1.0
1100,2,144,-1.0
1100,2,146,-1.0
1100,2,148,-1.0
1100,2,150,-1.0
1100,2,152,-1.0
1100,2,154,-1.0
1100,2,156,-1.0
1100,2,158,-1.0
1100,2,160,-1.0
1100,2,162,-1.0
1100,2,164,-1.0
1100,2,166,-1.0
1100,2,168,-1.0
1100,2,170,-1.0
1100,2,172,-1.0
1100,2,174,-1.0
1100,2,176,-1.0
1100,2,178,-1.0
1100,2,180,-1.0
1100,4,0,1101.6
1100,4,2,950.9
1100,4,4,879.2
1100,4,6,962.1
1100,4,8,961.4
1100,4,10,961.9
1100,4,12,1039.2
1100,4,14,824.0
1100,4,16,1050.5
1100,4,18,980.1
1100,4,20,972.5
1100,4,22,1076.5
1100,4,24,1051.0
1100,4,26,1039.2
1100,4,28,991.0
1100,4,30,984.1
1100,4,32,983.7
1100,4,34,886.2
1100,4,36,928.1
1100,4,38,1027.4
1100,4,40,1002.3
1100,4,42,972.9
1100,4,44,804.8
1100,4,46,938.5
1100,4,48,938.8
1100,4,50,1015.8
1100,4,52,845.7
1100,4,54,878.8
1100,4,56,956.5
1100,4,58,927.8
1100,4,60,928.3
1100,4,62,833.5
1100,4,64,787.6
1100,4,66,869.0
1100,4,68,945.8
1100,4,70,710.2
1100,4,72,783.2
1100,4,74,777.9
1100,4,76,778.7
1100,4,78,859.3
1100,4,80,732.8
1100,4,82,753.3
1100,4,84,785.4
1100,4,86,676.8
1100,4,88,785.2
1100,4,90,747.4
1100,4,92,694.3
1100,4,94,743.1
1100,4,96,800.1
1100,4,98,562.3
1100,4,100,656.6
1100,4,102,667.7
1100,4,104,401.4
1100,4,106,749.3
1100,4,108,622.1
1100,4,110,646.5
1100,4,112,642.6
1100,4,114,670.8
1100,4,116,471.6
1100,4,118,580.5
1100,4,120,550.9
1100,4,122,570.0
1100,4,124,425.6
1100,4,126,628.7
1100,4,128,538.6
1100,4,130,542.4
1100,4,132,560.6
1100,4,134,464.5
1100,4,136,401.2
1100,4,138,484.4
1100,4,140,508.1
1100,4,142,338.4
1100,4,144,397.5
1100,4,146,406.7
1100,4,148,370.9
1100,4,150,383.6
1100,4,152,296.8
1100,4,154,336.4
1100,4,156,331.3
1100,4,158,341.8
1100,4,160,332.7
1100,4,162,276.4
1100,4,164,278.9
1100,4,166,333.0
1100,4,168,342.1
1100,4,170,307.2
1100,4,172,237.3
1100,4,174,276.3
1100,4,176,248.2
1100,4,178,257.0
1100,4,180,246.8
1100,6,0,1102.5
1100,6,2,1027.8
1100,6,4,1089.6
1100,6,6,1028.1
1100,6,8,962.2
1100,6,10,1016.1
1100,6,12,1041.6
1100,6,14,1077.7
1100,6,16,1051.4
1100,6,18,1090.0
1100,6,20,1005.1
1100,6,22,1077.3
1100,6,24,1051.9
1100,6,26,1065.5
1100,6,28,1039.5
1100,6,30,992.2
1100,6,32,1003.3
1100,6,34,1065.2
1100,6,36,1040.1
1100,6,38,1028.3
1100,6,40,1003.2
1100,6,42,1003.6
1100,6,44,1053.5
1100,6,46,974.0
1100,6,48,962.8
1100,6,50,1016.7
1100,6,52,991.9
1100,6,54,957.1
1100,6,56,981.0
1100,6,58,951.7
1100,6,60,952.0
1100,6,62,1005.2
1100,6,64,896.0
1100,6,66,896.5
1100,6,68,970.0
1100,6,70,940.7
1100,6,72,941.4
1100,6,74,886.7
1100,6,76,885.9
1100,6,78,935.4
1100,6,80,959.1
1100,6,82,860.3
1100,6,84,829.8
1100,6,86,903.1
1100,6,88,876.0
1100,6,90,898.2
1100,6,92,801.3
1100,6,94,800.7
1100,6,96,821.0
1100,6,98,893.1
1100,6,100,820.9
1100,6,102,781.4
1100,6,104,816.2
1100,6,106,815.7
1100,6,108,836.4
1100,6,110,768.9
1100,6,112,731.8
1100,6,114,764.0
1100,6,116,831.5
1100,6,118,783.3
1100,6,120,727.6
1100,6,122,684.8
1100,6,124,715.6
1100,6,126,778.8
1100,6,128,733.6
1100,6,130,681.5
1100,6,132,698.3
1100,6,134,677.6
1100,6,136,729.4
1100,6,138,670.5
1100,6,140,655.4
1100,6,142,634.5
1100,6,144,634.6
1100,6,146,662.6
1100,6,148,634.7
1100,6,150,613.8
1100,6,152,570.3
1100,6,154,611.7
1100,6,156,620.7
1100,6,158,594.4
1100,6,160,552.3
1100,6,162,548.9
1100,6,164,573.0
1100,6,166,573.2
1100,6,168,532.5
1100,6,170,517.3
1100,6,172,475.5
1100,6,174,498.7
1100,6,176,537.0
1100,6,178,514.3
1100,6,180,484.6
1100,8,0,1103.3
1100,8,2,1028.7
1100,8,4,1090.4
1100,8,6,1028.9
1100,8,8,1078.1
1100,8,10,1017.0
1100,8,12,1042.4
1100,8,14,1078.6
1100,8,16,1052.1
1100,8,18,1090.9
1100,8,20,1040.6
1100,8,22,1078.2
1100,8,24,1052.8
1100,8,26,1066.3
1100,8,28,1040.3
1100,8,30,1078.6
1100,8,32,1028.9
1100,8,34,1066.0
1100,8,36,1054.0
1100,8,38,1054.3
1100,8,40,1028.6
1100,8,42,1004.5
1100,8,44,1053.5
1100,8,46,1028.5
1100,8,48,1042.1
1100,8,50,1017.6
1100,8,52,992.6
1100,8,54,993.2
1100,8,56,981.8
1100,8,58,963.8
1100,8,60,1030.3
1100,8,62,1006.1
1100,8,64,981.5
1100,8,66,982.1
1100,8,68,970.9
1100,8,70,947.1
1100,8,72,994.1
1100,8,74,994.7
1100,8,76,959.9
1100,8,78,959.6
1100,8,80,960.0
1100,8,82,936.6
1100,8,84,937.1
1100,8,86,904.1
1100,8,88,949.0
1100,8,90,948.6
1100,8,92,949.2
1100,8,94,894.0
1100,8,96,893.6
1100,8,98,915.9
1100,8,100,938.1
1100,8,102,888.8
1100,8,104,842.2
1100,8,106,837.0
1100,8,108,883.3
1100,8,110,905.7
1100,8,112,837.5
1100,8,114,807.7
1100,8,116,852.9
1100,8,118,832.1
1100,8,120,848.2
1100,8,122,784.3
1100,8,124,778.9
1100,8,126,798.8
1100,8,128,843.3
1100,8,130,799.1
1100,8,132,752.8
1100,8,134,794.1
1100,8,136,770.2
1100,8,138,789.7
1100,8,140,748.5
1100,8,142,712.4
1100,8,144,722.1
1100,8,146,761.7
1100,8,148,744.1
1100,8,150,718.3
1100,8,152,696.5
1100,8,154,696.6
1100,8,156,735.5
1100,8,158,714.2
1100,8,160,672.9
1100,8,162,641.7
1100,8,164,652.4
1100,8,166,688.8
1100,8,168,669.0
1100,8,170,621.5
1100,8,172,636.8
1100,8,174,623.0
1100,8,176,665.0
1100,8,178,626.6
1100,8,180,600.1
1100,10,0,1104.1
1100,10,2,1043.3
1100,10,4,1091.7
1100,10,6,1053.2
1100,10,8,1079.3
1100,10,10,1029.9
1100,10,12,1067.2
1100,10,14,1103.7
1100,10,16,1052.9
1100,10,18,1091.7
1100,10,20,1041.5
1100,10,22,1079.0
1100,10,24,1053.6
1100,10,26,1067.1
1100,10,28,1041.3
1100,10,30,1079.4
1100,10,32,1029.7
1100,10,34,1066.9
1100,10,36,1054.8
1100,10,38,1055.2
1100,10,40,1066.7
1100,10,42,1067.3
1100,10,44,1055.1
1100,10,46,1054.8
1100,10,48,1043.0
1100,10,50,1018.5
1100,10,52,1017.9
1100,10,54,1006.4
1100,10,56,982.8
1100,10,58,1017.8
1100,10,60,1031.2
1100,10,62,1007.0
1100,10,64,1006.5
1100,10,66,995.1
1100,10,68,1006.6
1100,10,70,947.8
1100,10,72,1019.5
1100,10,74,995.5
1100,10,76,995.2
1100,10,78,983.8
1100,10,80,961.0
1100,10,82,960.4
1100,10,84,1008.0
1100,10,86,984.3
1100,10,88,973.4
1100,10,90,972.8
1100,10,92,950.0
1100,10,94,949.7
1100,10,96,927.3
1100,10,98,916.9
1100,10,100,962.0
1100,10,102,961.9
1100,10,104,939.2
1100,10,106,906.5
1100,10,108,905.7
1100,10,110,906.7
1100,10,112,951.3
1100,10,114,884.8
1100,10,116,874.7
1100,10,118,896.1
1100,10,120,895.6
1100,10,122,896.2
1100,10,124,849.2
1100,10,126,843.9
1100,10,128,864.9
1100,10,130,885.8
1100,10,132,860.2
1100,10,134,815.1
1100,10,136,834.5
1100,10,138,834.0
1100,10,140,855.2
1100,10,142,810.4
1100,10,144,767.9
1100,10,146,805.8
1100,10,148,805.2
1100,10,150,805.7
1100,10,152,763.5
1100,10,154,777.2
1100,10,156,758.7
1100,10,158,796.3
1100,10,160,773.4
1100,10,162,732.9
1100,10,164,750.5
1100,10,166,728.2
1100,10,168,768.9
1100,10,170,728.6
1100,10,172,703.5
1100,10,174,716.0
1100,10,176,741.5
1100,10,178,720.1
1100,10,180,699.4
1100,12,0,1104.9
1100,12,2,1054.0
1100,12,4,1092.5
1100,12,6,1079.8
1100,12,8,1080.1
1100,12,10,1053.7
1100,12,12,1068.0
1100,12,14,1104.5
1100,12,16,1054.0
1100,12,18,1092.5
1100,12,20,1043.7
1100,12,22,1079.8
1100,12,24,1054.5
1100,12,26,1092.1
1100,12,28,1056.1
1100,12,30,1080.3
1100,12,32,1030.6
1100,12,34,1067.7
1100,12,36,1080.1
1100,12,38,1056.0
1100,12,40,1067.5
1100,12,42,1068.1
1100,12,44,1056.0
1100,12,46,1055.7
1100,12,48,1043.8
1100,12,50,1044.1
1100,12,52,1055.5
1100,12,54,1056.1
1100,12,56,1044.0
1100,12,58,1043.8
1100,12,60,1032.1
1100,12,62,1007.9
1100,12,64,1020.6
1100,12,66,996.0
1100,12,68,1007.3
1100,12,70,1032.1
1100,12,72,1020.4
1100,12,74,996.4
1100,12,76,1009.1
1100,12,78,984.7
1100,12,80,1020.8
1100,12,82,961.3
1100,12,84,1008.9
1100,12,86,985.2
1100,12,88,984.9
1100,12,90,973.7
1100,12,92,974.1
1100,12,94,950.6
1100,12,96,997.6
1100,12,98,974.0
1100,12,100,963.0
1100,12,102,962.8
1100,12,104,963.2
1100,12,106,939.8
1100,12,108,940.4
1100,12,110,951.7
1100,12,112,952.3
1100,12,114,928.8
1100,12,116,952.4
1100,12,118,919.3
1100,12,120,918.8
1100,12,122,919.1
1100,12,124,941.4
1100,12,126,897.3
1100,12,128,887.0
1100,12,130,908.8
1100,12,132,908.3
1100,12,134,908.8
1100,12,136,861.2
1100,12,138,855.7
1100,12,140,856.2
1100,12,142,898.2
1100,12,144,872.3
1100,12,146,826.4
1100,12,148,846.3
1100,12,150,845.7
1100,12,152,867.2
1100,12,154,826.6
1100,12,156,796.9
1100,12,158,817.1
1100,12,160,836.4
1100,12,162,817.0
1100,12,164,793.5
1100,12,166,768.9
1100,12,168,788.4
1100,12,170,807.5
1100,12,172,788.8
1100,12,174,761.5
1100,12,176,761.0
1100,12,178,760.3
1100,12,180,779.8
1100,14,0,1105.7
1100,14,2,1054.8
1100,14,4,1093.3
1100,14,6,1080.7
1100,14,8,1080.9
1100,14,10,1093.2
1100,14,12,1068.8
1100,14,14,1105.3
1100,14,16,1080.5
1100,14,18,1093.3
1100,14,20,1044.6
1100,14,22,1080.7
1100,14,24,1055.1
1100,14,26,1092.9
1100,14,28,1057.0
1100,14,30,1081.1
1100,14,32,1068.8
1100,14,34,1068.5
1100,14,36,1080.9
1100,14,38,1080.7
1100,14,40,1068.4
1100,14,42,1069.0
1100,14,44,1056.8
1100,14,46,1056.5
1100,14,48,1068.8
1100,14,50,1044.9
1100,14,52,1056.3
1100,14,54,1057.0
1100,14,56,1045.0
1100,14,58,1044.6
1100,14,60,1032.9
1100,14,62,1033.2
1100,14,64,1044.4
1100,14,66,1045.1
1100,14,68,1033.3
1100,14,70,1032.9
1100,14,72,1021.3
1100,14,74,1021.6
1100,14,76,1010.0
1100,14,78,1021.0
1100,14,80,1021.7
1100,14,82,1021.3
1100,14,84,1009.8
1100,14,86,1010.1
1100,14,88,998.6
1100,14,90,1009.5
1100,14,92,985.6
1100,14,94,963.8
1100,14,96,998.5
1100,14,98,998.8
1100,14,100,987.4
1100,14,102,975.2
1100,14,104,964.1
1100,14,106,953.0
1100,14,108,987.2
1100,14,110,987.7
1100,14,112,976.3
1100,14,114,952.6
1100,14,116,953.4
1100,14,118,942.4
1100,14,120,919.8
1100,14,122,965.0
1100,14,124,965.4
1100,14,126,942.0
1100,14,128,942.5
1100,14,130,931.9
1100,14,132,909.3
1100,14,134,909.8
1100,14,136,954.6
1100,14,138,909.9
1100,14,140,898.7
1100,14,142,921.5
1100,14,144,898.8
1100,14,146,899.4
1100,14,148,873.3
1100,14,150,867.8
1100,14,152,868.3
1100,14,154,910.9
1100,14,156,868.3
1100,14,158,838.0
1100,14,160,858.2
1100,14,162,857.7
1100,14,164,879.4
1100,14,166,838.3
1100,14,168,808.7
1100,14,170,828.6
1100,14,172,848.2
1100,14,174,828.6
1100,14,176,804.6
1100,14,178,819.0
1100,14,180,799.7
1100,16,0,1106.5
1100,16,2,1055.6
1100,16,4,1094.2
1100,16,6,1081.5
1100,16,8,1081.7
1100,16,10,1094.0
1100,16,12,1069.6
1100,16,14,1106.1
1100,16,16,1081.4
1100,16,18,1094.0
1100,16,20,1057.6
1100,16,22,1081.8
1100,16,24,1057.6
1100,16,26,1093.7
1100,16,28,1081.3
1100,16,30,1081.9
1100,16,32,1093.6
1100,16,34,1069.4
1100,16,36,1081.7
1100,16,38,1081.5
1100,16,40,1069.1
1100,16,42,1069.8
1100,16,44,1057.7
1100,16,46,1057.4
1100,16,48,1069.6
1100,16,50,1069.4
1100,16,52,1057.2
1100,16,54,1057.8
1100,16,56,1045.8
1100,16,58,1057.0
1100,16,60,1057.6
1100,16,62,1045.6
1100,16,64,1045.3
1100,16,66,1046.0
1100,16,68,1033.9
1100,16,70,1033.8
1100,16,72,1022.2
1100,16,74,1033.7
1100,16,76,1033.6
1100,16,78,1034.2
1100,16,80,1022.3
1100,16,82,1022.2
1100,16,84,1010.7
1100,16,86,1022.1
1100,16,88,999.5
1100,16,90,1010.4
1100,16,92,986.6
1100,16,94,1010.7
1100,16,96,999.4
1100,16,98,999.7
1100,16,100,988.3
1100,16,102,976.1
1100,16,104,999.4
1100,16,106,988.0
1100,16,108,988.1
1100,16,110,988.6
1100,16,112,977.2
1100,16,114,965.0
1100,16,116,954.3
1100,16,118,953.7
1100,16,120,953.2
1100,16,122,977.4
1100,16,124,966.3
1100,16,126,942.6
1100,16,128,943.4
1100,16,130,943.1
1100,16,132,943.6
1100,16,134,932.7
1100,16,136,955.5
1100,16,138,932.1
1100,16,140,932.6
1100,16,142,922.4
1100,16,144,921.8
1100,16,146,922.3
1100,16,148,899.9
1100,16,150,900.4
1100,16,152,911.4
1100,16,154,911.9
1100,16,156,911.4
1100,16,158,912.0
1100,16,160,880.5
1100,16,162,880.0
1100,16,164,900.8
1100,16,166,901.4
1100,16,168,880.5
1100,16,170,849.8
1100,16,172,870.3
1100,16,174,869.7
1100,16,176,870.3
1100,16,178,845.1
1100,16,180,839.4
1100,18,0,1107.3
1100,18,2,1058.5
1100,18,4,1095.0
1100,18,6,1081.5
1100,18,8,1082.6
1100,18,10,1094.8
1100,18,12,1070.5
1100,18,14,1106.9
1100,18,16,1082.2
1100,18,18,1095.0
1100,18,20,1070.0
1100,18,22,1082.6
1100,18,24,1058.4
1100,18,26,1094.6
1100,18,28,1107.3
1100,18,30,1082.7
1100,18,32,1094.4
1100,18,34,1070.5
1100,18,36,1082.5
1100,18,38,1082.3
1100,18,40,1070.0
1100,18,42,1070.6
1100,18,44,1082.2
1100,18,46,1082.7
1100,18,48,1070.4
1100,18,50,1070.2
1100,18,52,1058.0
1100,18,54,1070.2
1100,18,56,1046.6
1100,18,58,1057.8
1100,18,60,1058.5
1100,18,62,1058.2
1100,18,64,1046.2
1100,18,66,1046.8
1100,18,68,1034.8
1100,18,70,1045.9
1100,18,72,1046.5
1100,18,74,1034.5
1100,18,76,1034.3
1100,18,78,1035.0
1100,18,80,1034.7
1100,18,82,1023.1
1100,18,84,1023.4
1100,18,86,1023.0
1100,18,88,1022.7
1100,18,90,1023.3
1100,18,92,1011.8
1100,18,94,1011.5
1100,18,96,1012.0
1100,18,98,1011.4
1100,18,100,1000.2
1100,18,102,999.6
1100,18,104,1000.4
1100,18,106,1000.1
1100,18,108,1000.7
1100,18,110,989.5
1100,18,112,978.2
1100,18,114,988.4
1100,18,116,989.1
1100,18,118,978.1
1100,18,120,955.0
1100,18,122,978.3
1100,18,124,977.9
1100,18,126,966.7
1100,18,128,955.5
1100,18,130,944.0
1100,18,132,966.6
1100,18,134,943.8
1100,18,136,956.5
1100,18,138,955.9
1100,18,140,944.9
1100,18,142,955.9
1100,18,144,933.7
1100,18,146,923.3
1100,18,148,912.4
1100,18,150,945.2
1100,18,152,945.7
1100,18,154,912.9
1100,18,156,912.4
1100,18,158,912.7
1100,18,160,912.5
1100,18,162,924.5
1100,18,164,923.9
1100,18,166,924.4
1100,18,168,901.9
1100,18,170,902.4
1100,18,172,892.4
1100,18,174,891.9
1100,18,176,882.2
1100,18,178,914.1
1100,18,180,871.4
1100,20,0,1108.2
1100,20,2,1071.3
1100,20,4,1095.8
1100,20,6,1082.8
1100,20,8,1083.4
1100,20,10,1095.7
1100,20,12,1071.3
1100,20,14,1107.7
1100,20,16,1083.0
1100,20,18,1095.8
1100,20,20,1071.1
1100,20,22,1083.4
1100,20,24,1070.9
1100,20,26,1095.4
1100,20,28,1108.2
1100,20,30,1083.6
1100,20,32,1095.2
1100,20,34,1071.3
1100,20,36,1083.3
1100,20,38,1083.2
1100,20,40,1095.7
1100,20,42,1071.5
1100,20,44,1083.0
1100,20,46,1083.6
1100,20,48,1071.3
1100,20,50,1071.1
1100,20,52,1058.9
1100,20,54,1071.1
1100,20,56,1070.8
1100,20,58,1071.5
1100,20,60,1059.3
1100,20,62,1059.0
1100,20,64,1046.8
1100,20,66,1059.0
1100,20,68,1035.8
1100,20,70,1046.7
1100,20,72,1047.4
1100,20,74,1047.2
1100,20,76,1047.7
1100,20,78,1035.9
1100,20,80,1035.6
1100,20,82,1035.0
1100,20,84,1035.6
1100,20,86,1023.8
1100,20,88,1023.6
1100,20,90,1024.1
1100,20,92,1024.0
1100,20,94,1012.3
1100,20,96,1012.9
1100,20,98,1012.3
1100,20,100,1012.0
1100,20,102,1012.6
1100,20,104,1001.3
1100,20,106,1001.0
1100,20,108,1001.6
1100,20,110,1000.9
1100,20,112,989.7
1100,20,114,989.3
1100,20,116,990.0
1100,20,118,989.7
1100,20,120,990.2
1100,20,122,979.3
1100,20,124,978.8
1100,20,126,978.2
1100,20,128,968.0
1100,20,130,956.8
1100,20,132,967.5
1100,20,134,946.5
1100,20,136,967.8
1100,20,138,968.3
1100,20,140,957.2
1100,20,142,956.9
1100,20,144,933.7
1100,20,146,957.0
1100,20,148,935.4
1100,20,150,946.2
1100,20,152,946.7
1100,20,154,935.6
1100,20,156,923.9
1100,20,158,913.6
1100,20,160,925.0
1100,20,162,925.5
1100,20,164,935.9
1100,20,166,925.3
1100,20,168,902.9
1100,20,170,903.4
1100,20,172,903.0
1100,20,174,903.6
1100,20,176,894.0
1100,20,178,915.1
1100,20,180,914.6
1100,22,0,1109.0
1100,22,2,1084.4
1100,22,4,1096.6
1100,22,6,1083.7
1100,22,8,1084.3
1100,22,10,1096.5
1100,22,12,1072.1
1100,22,14,1108.6
1100,22,16,1083.8
1100,22,18,1096.6
1100,22,20,1072.2
1100,22,22,1084.3
1100,22,24,1070.9
1100,22,26,1096.2
1100,22,28,1109.0
1100,22,30,1084.4
1100,22,32,1096.1
1100,22,34,1072.2
1100,22,36,1084.1
1100,22,38,1084.0
1100,22,40,1096.5
1100,22,42,1072.3
1100,22,44,1083.9
1100,22,46,1084.4
1100,22,48,1072.1
1100,22,50,1083.7
1100,22,52,1084.3
1100,22,54,1071.9
1100,22,56,1071.6
1100,22,58,1072.3
1100,22,60,1060.1
1100,22,62,1059.8
1100,22,64,1047.7
1100,22,66,1059.8
1100,22,68,1059.7
1100,22,70,1060.3
1100,22,72,1048.2
1100,22,74,1048.0
1100,22,76,1048.6
1100,22,78,1048.0
1100,22,80,1036.4
1100,22,82,1035.9
1100,22,84,1036.3
1100,22,86,1036.2
1100,22,88,1036.7
1100,22,90,1025.0
1100,22,92,1024.8
1100,22,94,1024.2
1100,22,96,1024.7
1100,22,98,1013.2
1100,22,100,1012.8
1100,22,102,1013.4
1100,22,104,1013.3
1100,22,106,1013.8
1100,22,108,1002.5
1100,22,110,1002.0
1100,22,112,1001.5
1100,22,114,1002.0
1100,22,116,990.9
1100,22,118,990.6
1100,22,120,991.1
1100,22,122,990.8
1100,22,124,979.7
1100,22,126,980.0
1100,22,128,979.4
1100,22,130,979.3
1100,22,132,979.9
1100,22,134,968.8
1100,22,136,968.7
1100,22,138,969.2
1100,22,140,968.5
1100,22,142,957.8
1100,22,144,936.5
1100,22,146,958.0
1100,22,148,936.4
1100,22,150,958.2
1100,22,152,947.6
1100,22,154,947.0
1100,22,156,946.5
1100,22,158,947.0
1100,22,160,936.2
1100,22,162,926.5
1100,22,164,936.8
1100,22,166,936.4
1100,22,168,937.0
1100,22,170,926.2
1100,22,172,925.9
1100,22,174,904.5
1100,22,176,915.5
1100,22,178,916.0
1100,22,180,915.6
1100,24,0,1109.8
1100,24,2,1085.2
1100,24,4,1097.4
1100,24,6,1084.5
1100,24,8,1085.1
1100,24,10,1097.3
1100,24,12,1097.4
1100,24,14,1109.4
1100,24,16,1084.7
1100,24,18,1097.4
1100,24,20,1072.9
1100,24,22,1085.1
1100,24,24,1096.8
1100,24,26,1097.4
1100,24,28,1109.8
1100,24,30,1085.2
1100,24,32,1096.9
1100,24,34,1073.0
1100,24,36,1085.1
1100,24,38,1084.8
1100,24,40,1097.3
1100,24,42,1073.2
1100,24,44,1084.7
1100,24,46,1097.2
1100,24,48,1072.9
1100,24,50,1084.5
1100,24,52,1085.1
1100,24,54,1084.8
1100,24,56,1072.4
1100,24,58,1073.2
1100,24,60,1061.0
1100,24,62,1072.3
1100,24,64,1073.0
1100,24,66,1060.7
1100,24,68,1060.5
1100,24,70,1061.1
1100,24,72,1060.8
1100,24,74,1048.8
1100,24,76,1049.4
1100,24,78,1048.8
1100,24,80,1048.5
1100,24,82,1049.2
1100,24,84,1037.3
1100,24,86,1037.0
1100,24,88,1037.6
1100,24,90,1037.0
1100,24,92,1025.7
1100,24,94,1026.0
1100,24,96,1025.6
1100,24,98,1025.3
1100,24,100,1025.9
1100,24,102,1014.3
1100,24,104,1014.1
1100,24,106,1014.7
1100,24,108,1014.0
1100,24,110,1002.9
1100,24,112,1002.4
1100,24,114,1002.9
1100,24,116,1002.6
1100,24,118,1003.3
1100,24,120,992.1
1100,24,122,991.7
1100,24,124,992.1
1100,24,126,991.6
1100,24,128,980.3
1100,24,130,980.2
1100,24,132,980.7
1100,24,134,980.4
1100,24,136,981.0
1100,24,138,970.2
1100,24,140,969.6
1100,24,142,958.7
1100,24,144,969.7
1100,24,146,958.9
1100,24,148,958.3
1100,24,150,959.1
1100,24,152,958.7
1100,24,154,959.3
1100,24,156,948.3
1100,24,158,948.0
1100,24,160,947.6
1100,24,162,948.1
1100,24,164,937.7
1100,24,166,937.4
1100,24,168,937.9
1100,24,170,927.1
1100,24,172,926.9
1100,24,174,916.9
1100,24,176,916.4
1100,24,178,926.7
1100,24,180,927.4
1100,26,0,1110.6
1100,26,2,1086.1
1100,26,4,1098.3
1100,26,6,1085.3
1100,26,8,1085.9
1100,26,10,1098.1
1100,26,12,1098.3
1100,26,14,1110.2
1100,26,16,1085.5
1100,26,18,1098.3
1100,26,20,1073.7
1100,26,22,1085.9
1100,26,24,1097.6
1100,26,26,1098.3
1100,26,28,1110.6
1100,26,30,1086.1
1100,26,32,1097.7
1100,26,34,1073.8
1100,26,36,1085.9
1100,26,38,1085.7
1100,26,40,1098.2
1100,26,42,1074.0
1100,26,44,1085.5
1100,26,46,1098.1
1100,26,48,1097.9
1100,26,50,1085.3
1100,26,52,1085.9
1100,26,54,1085.7
1100,26,56,1073.3
1100,26,58,1085.8
1100,26,60,1061.8
1100,26,62,1073.1
1100,26,64,1073.8
1100,26,66,1073.6
1100,26,68,1061.4
1100,26,70,1062.0
1100,26,72,1061.6
1100,26,74,1061.1
1100,26,76,1061.7
1100,26,78,1049.6
1100,26,80,1049.4
1100,26,82,1049.9
1100,26,84,1049.4
1100,26,86,1037.9
1100,26,88,1038.5
1100,26,90,1038.1
1100,26,92,1037.6
1100,26,94,1038.2
1100,26,96,1026.5
1100,26,98,1026.2
1100,26,100,1026.8
1100,26,102,1026.1
1100,26,104,1015.0
1100,26,106,1015.6
1100,26,108,1014.9
1100,26,110,1014.6
1100,26,112,1015.2
1100,26,114,1003.8
1100,26,116,1003.6
1100,26,118,1004.1
1100,26,120,1003.9
1100,26,122,992.7
1100,26,124,993.0
1100,26,126,992.5
1100,26,128,992.1
1100,26,130,992.7
1100,26,132,981.7
1100,26,134,981.3
1100,26,136,981.9
1100,26,138,981.6
1100,26,140,970.5
1100,26,142,970.9
1100,26,144,970.5
1100,26,146,970.2
1100,26,148,970.7
1100,26,150,960.0
1100,26,152,959.7
1100,26,154,960.2
1100,26,156,959.5
1100,26,158,948.9
1100,26,160,948.6
1100,26,162,949.1
1100,26,164,948.7
1100,26,166,949.3
1100,26,168,938.9
1100,26,170,938.3
1100,26,172,938.8
1100,26,174,938.2
1100,26,176,928.4
1100,26,178,927.9
1100,26,180,928.2
1100,28,0,1111.4
1100,28,2,1086.9
1100,28,4,1099.1
1100,28,6,1086.5
1100,28,8,1086.7
1100,28,10,1099.0
1100,28,12,1099.1
1100,28,14,1111.0
1100,28,16,1086.3
1100,28,18,1099.1
1100,28,20,1086.4
1100,28,22,1086.7
1100,28,24,1098.4
1100,28,26,1099.1
1100,28,28,1111.4
1100,28,30,1086.9
1100,28,32,1098.5
1100,28,34,1099.1
1100,28,36,1086.7
1100,28,38,1086.5
1100,28,40,1099.1
1100,28,42,1111.0
1100,28,44,1086.4
1100,28,46,1098.9
1100,28,48,1098.7
1100,28,50,1086.2
1100,28,52,1086.8
1100,28,54,1086.5
1100,28,56,1074.1
1100,28,58,1086.6
1100,28,60,1086.3
1100,28,62,1073.9
1100,28,64,1074.6
1100,28,66,1074.4
1100,28,68,1073.8
1100,28,70,1074.4
1100,28,72,1062.5
1100,28,74,1062.0
1100,28,76,1062.6
1100,28,78,1062.3
1100,28,80,1062.9
1100,28,82,1050.8
1100,28,84,1050.5
1100,28,86,1050.0
1100,28,88,1050.6
1100,28,90,1039.0
1100,28,92,1038.5
1100,28,94,1039.0
1100,28,96,1038.8
1100,28,98,1039.5
1100,28,100,1027.6
1100,28,102,1027.3
1100,28,104,1027.8
1100,28,106,1027.3
1100,28,108,1015.9
1100,28,110,1015.5
1100,28,112,1016.0
1100,28,114,1015.7
1100,28,116,1016.4
1100,28,118,1005.0
1100,28,120,1004.7
1100,28,122,1005.1
1100,28,124,1004.6
1100,28,126,993.4
1100,28,128,993.0
1100,28,130,993.6
1100,28,132,993.3
1100,28,134,993.9
1100,28,136,982.9
1100,28,138,982.5
1100,28,140,982.9
1100,28,142,982.3
1100,28,144,971.4
1100,28,146,971.2
1100,28,148,971.7
1100,28,150,971.4
1100,28,152,971.9
1100,28,154,961.2
1100,28,156,960.6
1100,28,158,960.1
1100,28,160,960.6
1100,28,162,950.0
1100,28,164,949.7
1100,28,166,950.2
1100,28,168,949.9
1100,28,170,950.5
1100,28,172,939.7
1100,28,174,939.2
1100,28,176,938.8
1100,28,178,939.3
1100,28,180,929.2
1100,30,0,1112.2
1100,30,2,1087.7
1100,30,4,1099.9
1100,30,6,1087.3
1100,30,8,1087.5
1100,30,10,1099.8
1100,30,12,1099.5
1100,30,14,1111.8
1100,30,16,1087.6
1100,30,18,1099.9
1100,30,20,1087.2
1100,30,22,1087.6
1100,30,24,1099.7
1100,30,26,1099.9
1100,30,28,1112.2
1100,30,30,1087.7
1100,30,32,1099.4
1100,30,34,1099.9
1100,30,36,1087.6
1100,30,38,1087.6
1100,30,40,1099.9
1100,30,42,1111.8
1100,30,44,1087.5
1100,30,46,1099.7
1100,30,48,1099.5
1100,30,50,1087.0
1100,30,52,1087.6
1100,30,54,1099.4
1100,30,56,1075.0
1100,30,58,1087.3
1100,30,60,1087.2
1100,30,62,1074.7
1100,30,64,1087.2
1100,30,66,1075.3
1100,30,68,1074.6
1100,30,70,1075.2
1100,30,72,1075.0
1100,30,74,1075.7
1100,30,76,1063.4
1100,30,78,1063.1
1100,30,80,1063.8
1100,30,82,1063.2
1100,30,84,1051.4
1100,30,86,1051.9
1100,30,88,1051.4
1100,30,90,1051.1
1100,30,92,1051.8
1100,30,94,1039.8
1100,30,96,1039.5
1100,30,98,1040.3
1100,30,100,1039.5
1100,30,102,1028.1
1100,30,104,1028.7
1100,30,106,1028.2
1100,30,108,1016.8
1100,30,110,1028.6
1100,30,112,1016.9
1100,30,114,1016.6
1100,30,116,1017.2
1100,30,118,1016.9
1100,30,120,1005.6
1100,30,122,1006.0
1100,30,124,1005.5
1100,30,126,1005.2
1100,30,128,1005.8
1100,30,130,994.4
1100,30,132,994.1
1100,30,134,994.8
1100,30,136,994.5
1100,30,138,983.4
1100,30,140,983.8
1100,30,142,983.3
1100,30,144,982.9
1100,30,146,983.6
1100,30,148,972.6
1100,30,150,972.3
1100,30,152,972.8
1100,30,154,972.5
1100,30,156,961.5
1100,30,158,961.9
1100,30,160,961.6
1100,30,162,961.1
1100,30,164,961.8
1100,30,166,951.1
1100,30,168,950.8
1100,30,170,951.4
1100,30,172,950.9
1100,30,174,940.2
1100,30,176,939.5
1100,30,178,940.7
1100,30,180,940.1
1100,32,0,1113.0
1100,32,2,1088.6
1100,32,4,1100.7
1100,32,6,1088.1
1100,32,8,1088.3
1100,32,10,1100.6
1100,32,12,1100.3
1100,32,14,1112.6
1100,32,16,1088.5
1100,32,18,1100.7
1100,32,20,1088.0
1100,32,22,1088.4
1100,32,24,1100.5
1100,32,26,1100.7
1100,32,28,1113.0
1100,32,30,1088.6
1100,32,32,1100.2
1100,32,34,1113.0
1100,32,36,1088.3
1100,32,38,1100.4
1100,32,40,1100.7
1100,32,42,1112.6
1100,32,44,1088.3
1100,32,46,1100.5
1100,32,48,1100.3
1100,32,50,1087.8
1100,32,52,1088.4
1100,32,54,1100.2
1100,32,56,1076.1
1100,32,58,1088.2
1100,32,60,1088.0
1100,32,62,1075.6
1100,32,64,1088.1
1100,32,66,1087.9
1100,32,68,1088.6
1100,32,70,1076.0
1100,32,72,1075.8
1100,32,74,1076.5
1100,32,76,1075.9
1100,32,78,1064.0
1100,32,80,1064.6
1100,32,82,1064.0
1100,32,84,1063.8
1100,32,86,1064.4
1100,32,88,1052.3
1100,32,90,1052.0
1100,32,92,1052.7
1100,32,94,1052.4
1100,32,96,1040.5
1100,32,98,1041.2
1100,32,100,1039.5
1100,32,102,1029.0
1100,32,104,1040.8
1100,32,106,1028.9
1100,32,108,1028.7
1100,32,110,1029.4
1100,32,112,1029.1
1100,32,114,1017.5
1100,32,116,1018.1
1100,32,118,1017.8
1100,32,120,1017.1
1100,32,122,1017.8
1100,32,124,1006.4
1100,32,126,1005.9
1100,32,128,1006.7
1100,32,130,1006.4
1100,32,132,1007.0
1100,32,134,995.7
1100,32,136,995.4
1100,32,138,994.7
1100,32,140,995.3
1100,32,142,984.2
1100,32,144,983.9
1100,32,146,984.5
1100,32,148,984.1
1100,32,150,984.7
1100,32,152,973.7
1100,32,154,973.4
1100,32,156,973.8
1100,32,158,973.3
1100,32,160,962.3
1100,32,162,962.1
1100,32,164,962.7
1100,32,166,962.3
1100,32,168,962.9
1100,32,170,952.4
1100,32,172,951.9
1100,32,174,952.2
1100,32,176,951.7
1100,32,178,941.5
1100,32,180,941.0
1100,34,0,1113.8
1100,34,2,1089.0
1100,34,4,1101.5
1100,34,6,1088.6
1100,34,8,1089.1
1100,34,10,1101.4
1100,34,12,1101.5
1100,34,14,1113.4
1100,34,16,1089.3
1100,34,18,1101.5
1100,34,20,1088.8
1100,34,22,1113.0
1100,34,24,1101.0
1100,34,26,1101.5
1100,34,28,1113.8
1100,34,30,1089.4
1100,34,32,1101.0
1100,34,34,1113.8
1100,34,36,1089.1
1100,34,38,1101.2
1100,34,40,1101.5
1100,34,42,1113.4
1100,34,44,1089.2
1100,34,46,1101.4
1100,34,48,1101.1
1100,34,50,1088.9
1100,34,52,1101.2
1100,34,54,1101.0
1100,34,56,1088.5
1100,34,58,1089.0
1100,34,60,1100.8
1100,34,62,1101.5
1100,34,64,1088.8
1100,34,66,1088.7
1100,34,68,1089.4
1100,34,70,1076.8
1100,34,72,1076.7
1100,34,74,1077.4
1100,34,76,1076.7
1100,34,78,1076.5
1100,34,80,1077.1
1100,34,82,1064.8
1100,34,84,1064.6
1100,34,86,1065.3
1100,34,88,1065.0
1100,34,90,1052.9
1100,34,92,1053.5
1100,34,94,1053.3
1100,34,96,1052.6
1100,34,98,1053.3
1100,34,100,1041.5
1100,34,102,1041.0
1100,34,104,1041.7
1100,34,106,1041.4
1100,34,108,1042.1
1100,34,110,1030.1
1100,34,112,1030.0
1100,34,114,1030.5
1100,34,116,1029.9
1100,34,118,1018.7
1100,34,120,1018.0
1100,34,122,1018.7
1100,34,124,1018.3
1100,34,126,1019.0
1100,34,128,1007.5
1100,34,130,1007.3
1100,34,132,1007.9
1100,34,134,1007.2
1100,34,136,996.3
1100,34,138,996.5
1100,34,140,996.2
1100,34,142,995.8
1100,34,144,996.4
1100,34,146,985.4
1100,34,148,985.1
1100,34,150,985.6
1100,34,152,985.2
1100,34,154,974.3
1100,34,156,974.7
1100,34,158,974.2
1100,34,160,973.8
1100,34,162,974.4
1100,34,164,963.7
1100,34,166,963.2
1100,34,168,963.8
1100,34,170,963.5
1100,34,172,952.8
1100,34,174,953.2
1100,34,176,952.6
1100,34,178,952.3
1100,34,180,953.0
1100,36,0,1114.6
1100,36,2,1090.2
1100,36,4,1102.4
1100,36,6,1089.7
1100,36,8,1114.2
1100,36,10,1102.2
1100,36,12,1102.4
1100,36,14,1114.2
1100,36,16,1090.1
1100,36,18,1102.4
1100,36,20,1089.6
1100,36,22,1113.0
1100,36,24,1102.1
1100,36,26,1102.4
1100,36,28,1114.6
1100,36,30,1090.2
1100,36,32,1102.3
1100,36,34,1114.6
1100,36,36,1089.9
1100,36,38,1102.0
1100,36,40,1102.4
1100,36,42,1114.2
1100,36,44,1089.9
1100,36,46,1102.2
1100,36,48,1114.2
1100,36,50,1089.8
1100,36,52,1102.1
1100,36,54,1101.8
1100,36,56,1114.6
1100,36,58,1089.9
1100,36,60,1101.7
1100,36,62,1102.3
1100,36,64,1089.7
1100,36,66,1089.5
1100,36,68,1090.2
1100,36,70,1077.7
1100,36,72,1089.4
1100,36,74,1089.9
1100,36,76,1077.5
1100,36,78,1077.4
1100,36,80,1077.9
1100,36,82,1077.8
1100,36,84,1065.5
1100,36,86,1066.1
1100,36,88,1065.9
1100,36,90,1065.2
1100,36,92,1065.9
1100,36,94,1054.1
1100,36,96,1053.5
1100,36,98,1054.1
1100,36,100,1053.9
1100,36,102,1041.8
1100,36,104,1042.5
1100,36,106,1042.2
1100,36,108,1042.9
1100,36,110,1042.3
1100,36,112,1030.8
1100,36,114,1031.3
1100,36,116,1030.8
1100,36,118,1030.6
1100,36,120,1031.1
1100,36,122,1019.5
1100,36,124,1019.2
1100,36,126,1019.9
1100,36,128,1019.6
1100,36,130,1008.2
1100,36,132,1008.8
1100,36,134,1008.2
1100,36,136,1007.7
1100,36,138,1008.4
1100,36,140,997.1
1100,36,142,996.8
1100,36,144,997.4
1100,36,146,997.0
1100,36,148,997.6
1100,36,150,986.5
1100,36,152,986.2
1100,36,154,985.5
1100,36,156,986.0
1100,36,158,975.1
1100,36,160,974.8
1100,36,162,975.3
1100,36,164,975.0
1100,36,166,975.6
1100,36,168,964.8
1100,36,170,964.5
1100,36,172,964.8
1100,36,174,964.2
1100,36,176,954.0
1100,36,178,953.6
1100,36,180,953.9
1100,38,0,1115.4
1100,38,2,1091.0
1100,38,4,1103.2
1100,38,6,1114.6
1100,38,8,1114.2
1100,38,10,1103.0
1100,38,12,1103.2
1100,38,14,1115.0
1100,38,16,1102.9
1100,38,18,1103.2
1100,38,20,1090.5
1100,38,22,1113.0
1100,38,24,1102.6
1100,38,26,1103.2
1100,38,28,1115.4
1100,38,30,1102.4
1100,38,32,1103.2
1100,38,34,1115.4
1100,38,36,1090.7
1100,38,38,1102.9
1100,38,40,1103.2
1100,38,42,1115.0
1100,38,44,1090.8
1100,38,46,1103.0
1100,38,48,1115.0
1100,38,50,1090.6
1100,38,52,1102.9
1100,38,54,1102.6
1100,38,56,1115.4
1100,38,58,1090.8
1100,38,60,1102.5
1100,38,62,1103.2
1100,38,64,1090.5
1100,38,66,1102.4
1100,38,68,1103.0
1100,38,70,1090.4
1100,38,72,1090.2
1100,38,74,1090.8
1100,38,76,1090.6
1100,38,78,1078.2
1100,38,80,1078.7
1100,38,82,1078.6
1100,38,84,1078.0
1100,38,86,1078.6
1100,38,88,1066.7
1100,38,90,1066.0
1100,38,92,1066.7
1100,38,94,1066.4
1100,38,96,1054.3
1100,38,98,1055.0
1100,38,100,1054.7
1100,38,102,1055.2
1100,38,104,1054.6
1100,38,106,1043.1
1100,38,108,1043.8
1100,38,110,1043.1
1100,38,112,1042.9
1100,38,114,1043.5
1100,38,116,1031.6
1100,38,118,1031.4
1100,38,120,1032.0
1100,38,122,1031.7
1100,38,124,1020.1
1100,38,126,1020.8
1100,38,128,1020.5
1100,38,130,1019.8
1100,38,132,1020.4
1100,38,134,1009.1
1100,38,136,1008.5
1100,38,138,1009.3
1100,38,140,1008.9
1100,38,142,1009.5
1100,38,144,998.3
1100,38,146,997.9
1100,38,148,998.5
1100,38,150,997.7
1100,38,152,987.1
1100,38,154,987.3
1100,38,156,987.0
1100,38,158,986.6
1100,38,160,987.2
1100,38,162,976.2
1100,38,164,975.9
1100,38,166,976.5
1100,38,168,976.2
1100,38,170,965.4
1100,38,172,965.7
1100,38,174,965.1
1100,38,176,964.8
1100,38,178,965.4
1100,38,180,954.8
1100,40,0,1116.2
1100,40,2,1091.9
1100,40,4,1104.0
1100,40,6,1114.6
1100,40,8,1115.8
1100,40,10,1104.0
1100,40,12,1104.0
1100,40,14,1115.8
1100,40,16,1103.7
1100,40,18,1104.0
1100,40,20,1115.8
1100,40,22,1113.0
1100,40,24,1103.7
1100,40,26,1104.0
1100,40,28,1116.2
1100,40,30,1103.3
1100,40,32,1104.0
1100,40,34,1116.2
1100,40,36,1091.5
1100,40,38,1103.7
1100,40,40,1104.0
1100,40,42,1115.8
1100,40,44,1103.6
1100,40,46,1103.8
1100,40,48,1115.8
1100,40,50,1091.4
1100,40,52,1103.7
1100,40,54,1103.4
1100,40,56,1116.2
1100,40,58,1091.6
1100,40,60,1103.4
1100,40,62,1116.2
1100,40,64,1091.4
1100,40,66,1103.2
1100,40,68,1103.8
1100,40,70,1091.2
1100,40,72,1091.0
1100,40,74,1091.6
1100,40,76,1091.4
1100,40,78,1090.9
1100,40,80,1091.5
1100,40,82,1079.4
1100,40,84,1078.8
1100,40,86,1079.4
1100,40,88,1079.2
1100,40,90,1079.9
1100,40,92,1067.5
1100,40,94,1067.3
1100,40,96,1066.7
1100,40,98,1067.3
1100,40,100,1055.5
1100,40,102,1056.1
1100,40,104,1055.5
1100,40,106,1055.3
1100,40,108,1056.0
1100,40,110,1043.8
1100,40,112,1043.8
1100,40,114,1044.3
1100,40,116,1044.1
1100,40,118,1044.6
1100,40,120,1032.9
1100,40,122,1032.6
1100,40,124,1033.1
1100,40,126,1032.6
1100,40,128,1021.4
1100,40,130,1021.6
1100,40,132,1021.2
1100,40,134,1020.9
1100,40,136,1021.5
1100,40,138,1010.2
1100,40,140,1009.8
1100,40,142,1010.4
1100,40,144,1010.1
1100,40,146,998.8
1100,40,148,999.4
1100,40,150,998.9
1100,40,152,998.4
1100,40,154,999.0
1100,40,156,987.9
1100,40,158,987.6
1100,40,160,988.1
1100,40,162,987.8
1100,40,164,988.3
1100,40,166,977.4
1100,40,168,977.1
1100,40,170,977.4
1100,40,172,976.9
1100,40,174,966.1
1100,40,176,965.6
1100,40,178,966.6
1100,40,180,966.1
1100,42,0,1117.1
1100,42,2,1092.7
1100,42,4,1104.8
1100,42,6,1114.6
1100,42,8,1116.6
1100,42,10,1104.8
1100,42,12,1104.8
1100,42,14,1116.6
1100,42,16,1104.5
1100,42,18,1104.8
1100,42,20,1116.6
1100,42,22,1113.0
1100,42,24,1104.6
1100,42,26,1104.8
1100,42,28,1117.1
1100,42,30,1104.1
1100,42,32,1104.8
1100,42,34,1117.1
1100,42,36,1092.3
1100,42,38,1104.6
1100,42,40,1104.8
1100,42,42,1116.6
1100,42,44,1104.4
1100,42,46,1104.7
1100,42,48,1116.6
1100,42,50,1092.3
1100,42,52,1104.5
1100,42,54,1104.8
1100,42,56,1117.0
1100,42,58,1092.4
1100,42,60,1104.2
1100,42,62,1117.0
1100,42,64,1092.2
1100,42,66,1104.0
1100,42,68,1104.7
1100,42,70,1092.0
1100,42,72,1091.8
1100,42,74,1104.5
1100,42,76,1092.3
1100,42,78,1091.7
1100,42,80,1092.3
1100,42,82,1092.1
1100,42,84,1092.7
1100,42,86,1080.2
1100,42,88,1080.0
1100,42,90,1080.7
1100,42,92,1080.1
1100,42,94,1068.1
1100,42,96,1068.6
1100,42,98,1068.1
1100,42,100,1067.9
1100,42,102,1068.5
1100,42,104,1056.3
1100,42,106,1056.1
1100,42,108,1056.8
1100,42,110,1056.5
1100,42,112,1057.1
1100,42,114,1045.1
1100,42,116,1044.9
1100,42,118,1045.5
1100,42,120,1044.9
1100,42,122,1033.4
1100,42,124,1034.0
1100,42,126,1033.5
1100,42,128,1033.1
1100,42,130,1033.8
1100,42,132,1022.1
1100,42,134,1021.8
1100,42,136,1022.4
1100,42,138,1022.1
1100,42,140,1010.7
1100,42,142,1011.3
1100,42,144,1011.0
1100,42,146,1010.3
1100,42,148,1010.9
1100,42,150,999.8
1100,42,152,999.3
1100,42,154,999.9
1100,42,156,999.6
1100,42,158,1000.2
1100,42,160,989.1
1100,42,162,988.7
1100,42,164,989.3
1100,42,166,988.9
1100,42,168,978.0
1100,42,170,978.4
1100,42,172,977.8
1100,42,174,977.5
1100,42,176,978.1
1100,42,178,967.6
1100,42,180,967.0
1100,44,0,1117.9
1100,44,2,1104.9
1100,44,4,1105.6
1100,44,6,1117.9
1100,44,8,1117.5
1100,44,10,1105.6
1100,44,12,1105.6
1100,44,14,1117.5
1100,44,16,1105.2
1100,44,18,1105.6
1100,44,20,1117.5
1100,44,22,1113.0
1100,44,24,1105.4
1100,44,26,1105.6
1100,44,28,1117.9
1100,44,30,1104.9
1100,44,32,1105.6
1100,44,34,1117.9
1100,44,36,1093.2
1100,44,38,1105.3
1100,44,40,1105.6
1100,44,42,1117.5
1100,44,44,1105.3
1100,44,46,1105.5
1100,44,48,1117.5
1100,44,50,1093.1
1100,44,52,1105.3
1100,44,54,1105.1
1100,44,56,1117.9
1100,44,58,1093.2
1100,44,60,1105.0
1100,44,62,1117.9
1100,44,64,1093.0
1100,44,66,1104.9
1100,44,68,1105.5
1100,44,70,1092.8
1100,44,72,1092.6
1100,44,74,1105.3
1100,44,76,1105.2
1100,44,78,1092.5
1100,44,80,1093.1
1100,44,82,1092.9
1100,44,84,1093.5
1100,44,86,1093.0
1100,44,88,1080.8
1100,44,90,1081.5
1100,44,92,1080.9
1100,44,94,1080.7
1100,44,96,1081.2
1100,44,98,1068.9
1100,44,100,1068.8
1100,44,102,1069.3
1100,44,104,1068.8
1100,44,106,1057.0
1100,44,108,1057.7
1100,44,110,1057.4
1100,44,112,1058.0
1100,44,114,1057.4
1100,44,116,1045.8
1100,44,118,1046.4
1100,44,120,1045.8
1100,44,122,1045.5
1100,44,124,1034.8
1100,44,126,1034.2
1100,44,128,1034.0
1100,44,130,1034.6
1100,44,132,1034.3
1100,44,134,1022.7
1100,44,136,1023.3
1100,44,138,1023.0
1100,44,140,1023.5
1100,44,142,1023.0
1100,44,144,1011.9
1100,44,146,1012.2
1100,44,148,1011.8
1100,44,150,1011.4
1100,44,152,1012.0
1100,44,154,1000.8
1100,44,156,1000.5
1100,44,158,1001.1
1100,44,160,1000.8
1100,44,162,989.6
1100,44,164,990.2
1100,44,166,989.8
1100,44,168,989.1
1100,44,170,989.7
1100,44,172,978.7
1100,44,174,978.4
1100,44,176,979.0
1100,44,178,978.6
1100,44,180,979.3
1100,46,0,1118.7
1100,46,2,1105.7
1100,46,4,1106.4
1100,46,6,1118.7
1100,46,8,1118.3
1100,46,10,1106.4
1100,46,12,1106.4
1100,46,14,1118.3
1100,46,16,1106.1
1100,46,18,1106.4
1100,46,20,1118.3
1100,46,22,1113.0
1100,46,24,1106.4
1100,46,26,1106.4
1100,46,28,1118.7
1100,46,30,1105.7
1100,46,32,1106.4
1100,46,34,1118.7
1100,46,36,1094.0
1100,46,38,1106.3
1100,46,40,1106.4
1100,46,42,1118.3
1100,46,44,1106.1
1100,46,46,1106.4
1100,46,48,1118.3
1100,46,50,1093.9
1100,46,52,1106.1
1100,46,54,1105.9
1100,46,56,1118.7
1100,46,58,1105.6
1100,46,60,1105.8
1100,46,62,1118.7
1100,46,64,1093.8
1100,46,66,1105.7
1100,46,68,1106.3
1100,46,70,1093.7
1100,46,72,1093.5
1100,46,74,1106.1
1100,46,76,1106.0
1100,46,78,1093.3
1100,46,80,1106.0
1100,46,82,1093.8
1100,46,84,1094.3
1100,46,86,1093.8
1100,46,88,1093.7
1100,46,90,1094.2
1100,46,92,1081.7
1100,46,94,1081.6
1100,46,96,1082.2
1100,46,98,1081.9
1100,46,100,1069.6
1100,46,102,1070.2
1100,46,104,1069.6
1100,46,106,1069.3
1100,46,108,1070.0
1100,46,110,1058.2
1100,46,112,1058.8
1100,46,114,1058.3
1100,46,116,1058.0
1100,46,118,1058.7
1100,46,120,1046.6
1100,46,122,1046.3
1100,46,124,1046.9
1100,46,126,1046.7
1100,46,128,1034.9
1100,46,130,1035.5
1100,46,132,1035.2
1100,46,134,1035.7
1100,46,136,1024.2
1100,46,138,1023.9
1100,46,140,1024.4
1100,46,142,1023.8
1100,46,144,1023.5
1100,46,146,1024.2
1100,46,148,1012.6
1100,46,150,1012.3
1100,46,152,1012.9
1100,46,154,1012.6
1100,46,156,1013.2
1100,46,158,1001.9
1100,46,160,1001.7
1100,46,162,1002.0
1100,46,164,1001.5
1100,46,166,990.7
1100,46,168,991.0
1100,46,170,990.6
1100,46,172,990.3
1100,46,174,990.9
1100,46,176,979.9
1100,46,178,979.8
1100,46,180,980.2
1100,48,0,1119.5
1100,48,2,1106.5
1100,48,4,1107.2
1100,48,6,1119.5
1100,48,8,1118.3
1100,48,10,1107.2
1100,48,12,1107.2
1100,48,14,1119.1
1100,48,16,1106.9
1100,48,18,1107.2
1100,48,20,1119.1
1100,48,22,1113.0
1100,48,24,1107.2
1100,48,26,1107.2
1100,48,28,1119.5
1100,48,30,1106.5
1100,48,32,1107.2
1100,48,34,1119.5
1100,48,36,1094.8
1100,48,38,1107.1
1100,48,40,1107.2
1100,48,42,1119.1
1100,48,44,1106.9
1100,48,46,1107.2
1100,48,48,1119.1
1100,48,50,1094.7
1100,48,52,1106.9
1100,48,54,1106.7
1100,48,56,1119.5
1100,48,58,1106.4
1100,48,60,1106.7
1100,48,62,1119.5
1100,48,64,1094.7
1100,48,66,1106.5
1100,48,68,1107.1
1100,48,70,1094.5
1100,48,72,1094.7
1100,48,74,1107.0
1100,48,76,1106.8
1100,48,78,1094.2
1100,48,80,1106.9
1100,48,82,1106.7
1100,48,84,1095.1
1100,48,86,1094.6
1100,48,88,1094.5
1100,48,90,1095.0
1100,48,92,1094.5
1100,48,94,1082.4
1100,48,96,1083.0
1100,48,98,1082.8
1100,48,100,1082.1
1100,48,102,1082.8
1100,48,104,1070.7
1100,48,106,1070.2
1100,48,108,1070.8
1100,48,110,1070.6
1100,48,112,1059.7
1100,48,114,1059.1
1100,48,116,1058.8
1100,48,118,1059.5
1100,48,120,1059.2
1100,48,122,1047.1
1100,48,124,1047.7
1100,48,126,1047.5
1100,48,128,1047.0
1100,48,130,1047.6
1100,48,132,1036.1
1100,48,134,1036.6
1100,48,136,1035.9
1100,48,138,1035.8
1100,48,140,1036.4
1100,48,142,1024.7
1100,48,144,1024.3
1100,48,146,1025.1
1100,48,148,1024.7
1100,48,150,1025.3
1100,48,152,1013.8
1100,48,154,1013.5
1100,48,156,1014.1
1100,48,158,1013.5
1100,48,160,1002.6
1100,48,162,1002.9
1100,48,164,1002.4
1100,48,166,1002.1
1100,48,168,1002.7
1100,48,170,991.6
1100,48,172,991.2
1100,48,174,991.8
1100,48,176,991.4
1100,48,178,992.1
1100,48,180,981.1
1100,50,0,1120.3
1100,50,2,1107.3
1100,50,4,1108.1
1100,50,6,1120.3
1100,50,8,1118.3
1100,50,10,1108.1
1100,50,12,1108.1
1100,50,14,1119.9
1100,50,16,1107.7
1100,50,18,1108.1
1100,50,20,1119.9
1100,50,22,1113.0
1100,50,24,1108.1
1100,50,26,1108.1
1100,50,28,1120.3
1100,50,30,1107.3
1100,50,32,1108.1
1100,50,34,1120.3
1100,50,36,1095.6
1100,50,38,1107.9
1100,50,40,1108.1
1100,50,42,1119.9
1100,50,44,1107.7
1100,50,46,1108.1
1100,50,48,1119.9
1100,50,50,1107.6
1100,50,52,1107.7
1100,50,54,1119.9
1100,50,56,1120.3
1100,50,58,1107.6
1100,50,60,1107.5
1100,50,62,1120.3
1100,50,64,1095.5
1100,50,66,1107.3
1100,50,68,1120.3
1100,50,70,1095.3
1100,50,72,1107.2
1100,50,74,1107.9
1100,50,76,1119.9
1100,50,78,1095.0
1100,50,80,1107.7
1100,50,82,1107.5
1100,50,84,1096.0
1100,50,86,1107.6
1100,50,88,1095.3
1100,50,90,1095.8
1100,50,92,1095.3
1100,50,94,1095.1
1100,50,96,1095.7
1100,50,98,1083.6
1100,50,100,1083.0
1100,50,102,1083.6
1100,50,104,1083.5
1100,50,106,1084.0
1100,50,108,1071.6
1100,50,110,1071.4
1100,50,112,1070.8
1100,50,114,1071.5
1100,50,116,1059.7
1100,50,118,1060.4
1100,50,120,1060.1
1100,50,122,1059.5
1100,50,124,1060.1
1100,50,126,1048.4
1100,50,128,1048.8
1100,50,130,1048.4
1100,50,132,1048.2
1100,50,134,1048.8
1100,50,136,1036.8
1100,50,138,1036.7
1100,50,140,1037.2
1100,50,142,1036.6
1100,50,144,1025.2
1100,50,146,1025.9
1100,50,148,1025.6
1100,50,150,1026.2
1100,50,152,1025.5
1100,50,154,1014.4
1100,50,156,1015.0
1100,50,158,1014.4
1100,50,160,1014.0
1100,50,162,1014.7
1100,50,164,1003.3
1100,50,166,1003.0
1100,50,168,1003.6
1100,50,170,1003.3
1100,50,172,1003.9
1100,50,174,992.7
1100,50,176,992.3
1100,50,178,993.0
1100,50,180,992.3
1100,52,0,1121.1
1100,52,2,1108.1
1100,52,4,1108.9
1100,52,6,1121.1
1100,52,8,1119.1
1100,52,10,1108.9
1100,52,12,1108.9
1100,52,14,1120.7
1100,52,16,1108.5
1100,52,18,1108.9
1100,52,20,1120.7
1100,52,22,1121.1
1100,52,24,1108.9
1100,52,26,1108.9
1100,52,28,1121.1
1100,52,30,1108.1
1100,52,32,1108.9
1100,52,34,1121.1
1100,52,36,1096.4
1100,52,38,1108.7
1100,52,40,1121.1
1100,52,42,1120.7
1100,52,44,1108.5
1100,52,46,1108.9
1100,52,48,1120.7
1100,52,50,1108.4
1100,52,52,1108.6
1100,52,54,1120.7
1100,52,56,1121.1
1100,52,58,1108.4
1100,52,60,1108.3
1100,52,62,1121.1
1100,52,64,1096.3
1100,52,66,1108.2
1100,52,68,1121.1
1100,52,70,1108.5
1100,52,72,1108.0
1100,52,74,1108.7
1100,52,76,1120.7
1100,52,78,1096.2
1100,52,80,1108.5
1100,52,82,1108.3
1100,52,84,1096.8
1100,52,86,1108.4
1100,52,88,1108.2
1100,52,90,1108.9
1100,52,92,1095.3
1100,52,94,1095.9
1100,52,96,1096.5
1100,52,98,1096.4
1100,52,100,1083.8
1100,52,102,1084.4
1100,52,104,1084.3
1100,52,106,1084.8
1100,52,108,1084.3
1100,52,110,1072.3
1100,52,112,1072.8
1100,52,114,1072.2
1100,52,116,1072.0
1100,52,118,1072.7
1100,52,120,1060.9
1100,52,122,1060.2
1100,52,124,1060.9
1100,52,126,1060.6
1100,52,128,1049.7
1100,52,130,1049.3
1100,52,132,1049.0
1100,52,134,1049.7
1100,52,136,1049.4
1100,52,138,1037.5
1100,52,140,1038.0
1100,52,142,1037.7
1100,52,144,1037.2
1100,52,146,1037.8
1100,52,148,1026.5
1100,52,150,1027.1
1100,52,152,1026.3
1100,52,154,1026.2
1100,52,156,1026.8
1100,52,158,1015.2
1100,52,160,1014.9
1100,52,162,1015.6
1100,52,164,1015.3
1100,52,166,1015.9
1100,52,168,1004.5
1100,52,170,1004.2
1100,52,172,1004.8
1100,52,174,1004.0
1100,52,176,993.5
1100,52,178,993.9
1100,52,180,993.3
1100,54,0,1121.9
1100,54,2,1109.7
1100,54,4,1109.7
1100,54,6,1121.9
1100,54,8,1119.1
1100,54,10,1109.7
1100,54,12,1109.7
1100,54,14,1121.5
1100,54,16,1109.3
1100,54,18,1109.7
1100,54,20,1121.5
1100,54,22,1121.9
1100,54,24,1109.7
1100,54,26,1109.7
1100,54,28,1121.9
1100,54,30,1108.9
1100,54,32,1109.7
1100,54,34,1121.9
1100,54,36,1097.1
1100,54,38,1109.5
1100,54,40,1121.9
1100,54,42,1121.5
1100,54,44,1109.3
1100,54,46,1109.7
1100,54,48,1121.5
1100,54,50,1109.2
1100,54,52,1109.4
1100,54,54,1121.5
1100,54,56,1121.9
1100,54,58,1109.2
1100,54,60,1109.7
1100,54,62,1121.9
1100,54,64,1108.8
1100,54,66,1109.0
1100,54,68,1121.9
1100,54,70,1109.3
1100,54,72,1109.2
1100,54,74,1109.4
1100,54,76,1121.5
1100,54,78,1097.0
1100,54,80,1109.3
1100,54,82,1121.5
1100,54,84,1097.6
1100,54,86,1109.2
1100,54,88,1109.0
1100,54,90,1109.7
1100,54,92,1096.8
1100,54,94,1096.8
1100,54,96,1097.3
1100,54,98,1097.2
1100,54,100,1096.6
1100,54,102,1097.2
1100,54,104,1085.1
1100,54,106,1085.7
1100,54,108,1085.1
1100,54,110,1084.9
1100,54,112,1085.5
1100,54,114,1073.0
1100,54,116,1072.9
1100,54,118,1073.5
1100,54,120,1072.9
1100,54,122,1061.0
1100,54,124,1061.8
1100,54,126,1061.5
1100,54,128,1062.0
1100,54,130,1061.5
1100,54,132,1049.9
1100,54,134,1050.5
1100,54,136,1050.2
1100,54,138,1049.6
1100,54,140,1050.2
1100,54,142,1038.7
1100,54,144,1039.1
1100,54,146,1038.7
1100,54,148,1038.4
1100,54,150,1027.9
1100,54,152,1027.2
1100,54,154,1027.1
1100,54,156,1027.7
1100,54,158,1027.4
1100,54,160,1027.9
1100,54,162,1016.5
1100,54,164,1016.2
1100,54,166,1016.8
1100,54,168,1016.1
1100,54,170,1005.1
1100,54,172,1005.7
1100,54,174,1005.2
1100,54,176,1004.6
1100,54,178,1005.3
1100,54,180,994.2
1100,56,0,1122.7
1100,56,2,1110.1
1100,56,4,1110.5
1100,56,6,1122.7
1100,56,8,1119.1
1100,56,10,1110.5
1100,56,12,1110.5
1100,56,14,1122.3
1100,56,16,1110.1
1100,56,18,1110.5
1100,56,20,1122.3
1100,56,22,1121.9
1100,56,24,1110.5
1100,56,26,1110.5
1100,56,28,1122.7
1100,56,30,1109.7
1100,56,32,1110.5
1100,56,34,1122.7
1100,56,36,1109.6
1100,56,38,1110.4
1100,56,40,1122.7
1100,56,42,1122.3
1100,56,44,1110.1
1100,56,46,1110.5
1100,56,48,1122.3
1100,56,50,1110.0
1100,56,52,1110.1
1100,56,54,1122.3
1100,56,56,1122.7
1100,56,58,1110.1
1100,56,60,1110.5
1100,56,62,1122.7
1100,56,64,1109.6
1100,56,66,1109.8
1100,56,68,1122.7
1100,56,70,1110.1
1100,56,72,1110.0
1100,56,74,1110.2
1100,56,76,1122.3
1100,56,78,1097.8
1100,56,80,1110.1
1100,56,82,1122.3
1100,56,84,1097.7
1100,56,86,1110.0
1100,56,88,1109.8
1100,56,90,1110.5
1100,56,92,1097.7
1100,56,94,1109.7
1100,56,96,1110.3
1100,56,98,1098.0
1100,56,100,1097.4
1100,56,102,1098.1
1100,56,104,1097.9
1100,56,106,1086.5
1100,56,108,1085.9
1100,56,110,1085.7
1100,56,112,1086.4
1100,56,114,1086.1
1100,56,116,1073.7
1100,56,118,1074.4
1100,56,120,1073.8
1100,56,122,1073.5
1100,56,124,1074.2
1100,56,126,1062.3
1100,56,128,1062.9
1100,56,130,1062.4
1100,56,132,1062.1
1100,56,134,1062.8
1100,56,136,1051.1
1100,56,138,1050.3
1100,56,140,1051.0
1100,56,142,1050.7
1100,56,144,1051.4
1100,56,146,1039.5
1100,56,148,1039.3
1100,56,150,1039.8
1100,56,152,1039.7
1100,56,154,1028.0
1100,56,156,1028.6
1100,56,158,1028.2
1100,56,160,1028.8
1100,56,162,1028.2
1100,56,164,1017.1
1100,56,166,1017.7
1100,56,168,1017.0
1100,56,170,1016.6
1100,56,172,1017.2
1100,56,174,1006.1
1100,56,176,1005.6
1100,56,178,1006.6
1100,56,180,1006.0
1100,58,0,1123.5
1100,58,2,1110.9
1100,58,4,1111.3
1100,58,6,1123.5
1100,58,8,1123.1
1100,58,10,1111.3
1100,58,12,1111.3
1100,58,14,1123.1
1100,58,16,1111.1
1100,58,18,1111.3
1100,58,20,1123.1
1100,58,22,1121.9
1100,58,24,1111.3
1100,58,26,1111.3
1100,58,28,1123.5
1100,58,30,1110.8
1100,58,32,1111.3
1100,58,34,1123.5
1100,58,36,1110.4
1100,58,38,1111.2
1100,58,40,1123.5
1100,58,42,1123.1
1100,58,44,1110.9
1100,58,46,1111.3
1100,58,48,1123.1
1100,58,50,1110.8
1100,58,52,1111.0
1100,58,54,1123.1
1100,58,56,1123.5
1100,58,58,1110.9
1100,58,60,1111.3
1100,58,62,1123.5
1100,58,64,1110.4
1100,58,66,1110.6
1100,58,68,1123.5
1100,58,70,1110.1
1100,58,72,1110.8
1100,58,74,1123.5
1100,58,76,1123.1
1100,58,78,1110.8
1100,58,80,1110.9
1100,58,82,1123.1
1100,58,84,1111.3
1100,58,86,1110.8
1100,58,88,1110.6
1100,58,90,1111.3
1100,58,92,1098.5
1100,58,94,1110.5
1100,58,96,1111.2
1100,58,98,1098.8
1100,58,100,1098.2
1100,58,102,1098.9
1100,58,104,1098.7
1100,58,106,1098.1
1100,58,108,1098.7
1100,58,110,1086.6
1100,58,112,1087.2
1100,58,114,1086.9
1100,58,116,1086.4
1100,58,118,1087.1
1100,58,120,1074.9
1100,58,122,1074.3
1100,58,124,1075.0
1100,58,126,1074.8
1100,58,128,1063.7
1100,58,130,1063.2
1100,58,132,1062.9
1100,58,134,1063.6
1100,58,136,1063.3
1100,58,138,1051.2
1100,58,140,1051.9
1100,58,142,1051.6
1100,58,144,1052.2
1100,58,146,1051.6
1100,58,148,1040.1
1100,58,150,1040.6
1100,58,152,1040.5
1100,58,154,1039.3
1100,58,156,1040.5
1100,58,158,1029.0
1100,58,160,1029.7
1100,58,162,1029.1
1100,58,164,1028.8
1100,58,166,1018.5
1100,58,168,1017.9
1100,58,170,1017.5
1100,58,172,1018.1
1100,58,174,1017.8
1100,58,176,1018.4
1100,58,178,1007.5
1100,58,180,1006.9
1100,60,0,1124.3
1100,60,2,1111.7
1100,60,4,1112.1
1100,60,6,1124.3
1100,60,8,1123.9
1100,60,10,1112.1
1100,60,12,1112.1
1100,60,14,1123.9
1100,60,16,1111.9
1100,60,18,1112.1
1100,60,20,1123.9
1100,60,22,1123.5
1100,60,24,1112.1
1100,60,26,1112.1
1100,60,28,1124.3
1100,60,30,1111.4
1100,60,32,1112.1
1100,60,34,1124.3
1100,60,36,1111.2
1100,60,38,1112.0
1100,60,40,1124.3
1100,60,42,1123.9
1100,60,44,1111.7
1100,60,46,1112.1
1100,60,48,1123.9
1100,60,50,1111.6
1100,60,52,1111.9
1100,60,54,1123.9
1100,60,56,1124.3
1100,60,58,1111.7
1100,60,60,1111.6
1100,60,62,1124.3
1100,60,64,1111.2
1100,60,66,1111.8
1100,60,68,1124.3
1100,60,70,1110.1
1100,60,72,1111.6
1100,60,74,1124.3
1100,60,76,1123.9
1100,60,78,1111.6
1100,60,80,1111.8
1100,60,82,1123.9
1100,60,84,1112.1
1100,60,86,1111.7
1100,60,88,1111.4
1100,60,90,1112.1
1100,60,92,1111.6
1100,60,94,1111.3
1100,60,96,1112.0
1100,60,98,1099.7
1100,60,100,1111.2
1100,60,102,1111.8
1100,60,104,1099.5
1100,60,106,1098.1
1100,60,108,1099.6
1100,60,110,1099.0
1100,60,112,1088.0
1100,60,114,1087.7
1100,60,116,1087.2
1100,60,118,1087.9
1100,60,120,1087.6
1100,60,122,1075.1
1100,60,124,1075.9
1100,60,126,1075.6
1100,60,128,1075.1
1100,60,130,1075.6
1100,60,132,1063.8
1100,60,134,1064.4
1100,60,136,1064.2
1100,60,138,1063.6
1100,60,140,1064.2
1100,60,142,1052.4
1100,60,144,1053.1
1100,60,146,1052.4
1100,60,148,1052.3
1100,60,150,1052.9
1100,60,152,1041.4
1100,60,154,1040.5
1100,60,156,1041.3
1100,60,158,1041.0
1100,60,160,1041.7
1100,60,162,1029.9
1100,60,164,1029.6
1100,60,166,1030.2
1100,60,168,1029.6
1100,60,170,1030.6
1100,60,172,1019.0
1100,60,174,1018.7
1100,60,176,1019.3
1100,60,178,1019.0
1100,60,180,1007.8
1100,62,0,1125.1
1100,62,2,1112.5
1100,62,4,1112.9
1100,62,6,1125.1
1100,62,8,1124.7
1100,62,10,1112.9
1100,62,12,1112.9
1100,62,14,1124.7
1100,62,16,1112.7
1100,62,18,1112.9
1100,62,20,1124.7
1100,62,22,1123.5
1100,62,24,1112.9
1100,62,26,1124.7
1100,62,28,1125.1
1100,62,30,1112.4
1100,62,32,1112.9
1100,62,34,1125.1
1100,62,36,1124.7
1100,62,38,1112.9
1100,62,40,1125.1
1100,62,42,1124.7
1100,62,44,1112.5
1100,62,46,1112.9
1100,62,48,1124.7
1100,62,50,1112.4
1100,62,52,1112.7
1100,62,54,1124.7
1100,62,56,1125.1
1100,62,58,1112.5
1100,62,60,1124.7
1100,62,62,1125.1
1100,62,64,1112.4
1100,62,66,1112.8
1100,62,68,1125.1
1100,62,70,1112.0
1100,62,72,1112.4
1100,62,74,1125.1
1100,62,76,1124.7
1100,62,78,1112.4
1100,62,80,1112.6
1100,62,82,1124.7
1100,62,84,1112.9
1100,62,86,1112.5
1100,62,88,1124.7
1100,62,90,1112.9
1100,62,92,1112.4
1100,62,94,1112.2
1100,62,96,1112.8
1100,62,98,1100.5
1100,62,100,1112.0
1100,62,102,1112.6
1100,62,104,1112.5
1100,62,106,1099.8
1100,62,108,1100.4
1100,62,110,1099.8
1100,62,112,1100.9
1100,62,114,1100.2
1100,62,116,1088.0
1100,62,118,1088.7
1100,62,120,1088.4
1100,62,122,1087.9
1100,62,124,1088.4
1100,62,126,1076.5
1100,62,128,1077.0
1100,62,130,1076.5
1100,62,132,1076.3
1100,62,134,1076.9
1100,62,136,1065.0
1100,62,138,1065.5
1100,62,140,1065.1
1100,62,142,1064.8
1100,62,144,1065.4
1100,62,146,1053.5
1100,62,148,1053.0
1100,62,150,1053.7
1100,62,152,1053.5
1100,62,154,1054.1
1100,62,156,1042.2
1100,62,158,1041.9
1100,62,160,1042.5
1100,62,162,1042.3
1100,62,164,1030.2
1100,62,166,1031.0
1100,62,168,1030.7
1100,62,170,1031.4
1100,62,172,1030.8
1100,62,174,1019.6
1100,62,176,1020.2
1100,62,178,1019.9
1100,62,180,1019.3
1100,64,0,1125.9
1100,64,2,1113.7
1100,64,4,1113.7
1100,64,6,1125.9
1100,64,8,1125.5
1100,64,10,1113.7
1100,64,12,1113.7
1100,64,14,1125.5
1100,64,16,1113.7
1100,64,18,1113.7
1100,64,20,1125.5
1100,64,22,1124.3
1100,64,24,1113.7
1100,64,26,1125.5
1100,64,28,1125.9
1100,64,30,1113.7
1100,64,32,1113.7
1100,64,34,1125.9
1100,64,36,1125.5
1100,64,38,1113.7
1100,64,40,1125.9
1100,64,42,1125.5
1100,64,44,1113.4
1100,64,46,1113.7
1100,64,48,1125.5
1100,64,50,1113.3
1100,64,52,1113.7
1100,64,54,1125.5
1100,64,56,1125.9
1100,64,58,1113.3
1100,64,60,1125.5
1100,64,62,1125.9
1100,64,64,1113.2
1100,64,66,1113.6
1100,64,68,1125.9
1100,64,70,1112.8
1100,64,72,1113.4
1100,64,74,1125.9
1100,64,76,1125.5
1100,64,78,1113.2
1100,64,80,1113.4
1100,64,82,1125.5
1100,64,84,1113.7
1100,64,86,1113.3
1100,64,88,1125.5
1100,64,90,1113.7
1100,64,92,1113.2
1100,64,94,1113.0
1100,64,96,1113.6
1100,64,98,1101.3
1100,64,100,1112.9
1100,64,102,1113.5
1100,64,104,1113.3
1100,64,106,1112.8
1100,64,108,1113.3
1100,64,110,1101.0
1100,64,112,1101.7
1100,64,114,1101.0
1100,64,116,1100.9
1100,64,118,1101.6
1100,64,120,1089.3
1100,64,122,1088.7
1100,64,124,1089.3
1100,64,126,1089.1
1100,64,128,1089.8
1100,64,130,1077.3
1100,64,132,1077.1
1100,64,134,1077.7
1100,64,136,1077.1
1100,64,138,1066.3
1100,64,140,1065.9
1100,64,142,1065.6
1100,64,144,1066.3
1100,64,146,1066.0
1100,64,148,1053.9
1100,64,150,1054.6
1100,64,152,1054.4
1100,64,154,1054.9
1100,64,156,1054.3
1100,64,158,1042.7
1100,64,160,1043.4
1100,64,162,1043.1
1100,64,164,1042.5
1100,64,166,1043.0
1100,64,168,1031.6
1100,64,170,1032.3
1100,64,172,1031.7
1100,64,174,1031.3
1100,64,176,1021.0
1100,64,178,1020.7
1100,64,180,1020.1
1100,66,0,1126.7
1100,66,2,1114.1
1100,66,4,1114.5
1100,66,6,1126.7
1100,66,8,1126.3
1100,66,10,1114.5
1100,66,12,1114.5
1100,66,14,1126.3
1100,66,16,1114.5
1100,66,18,1114.5
1100,66,20,1126.3
1100,66,22,1125.9
1100,66,24,1114.5
1100,66,26,1126.3
1100,66,28,1126.7
1100,66,30,1114.5
1100,66,32,1114.5
1100,66,34,1126.7
1100,66,36,1126.3
1100,66,38,1114.5
1100,66,40,1126.7
1100,66,42,1126.3
1100,66,44,1114.2
1100,66,46,1114.5
1100,66,48,1126.3
1100,66,50,1114.1
1100,66,52,1114.5
1100,66,54,1126.3
1100,66,56,1126.7
1100,66,58,1114.1
1100,66,60,1126.3
1100,66,62,1126.7
1100,66,64,1114.0
1100,66,66,1114.4
1100,66,68,1126.7
1100,66,70,1113.6
1100,66,72,1114.3
1100,66,74,1126.7
1100,66,76,1126.3
1100,66,78,1114.0
1100,66,80,1126.7
1100,66,82,1126.3
1100,66,84,1114.5
1100,66,86,1114.1
1100,66,88,1126.3
1100,66,90,1114.5
1100,66,92,1114.0
1100,66,94,1113.8
1100,66,96,1114.4
1100,66,98,1113.9
1100,66,100,1113.7
1100,66,102,1126.7
1100,66,104,1114.1
1100,66,106,1113.6
1100,66,108,1114.2
1100,66,110,1114.0
1100,66,112,1102.5
1100,66,114,1101.9
1100,66,116,1101.7
1100,66,118,1102.4
1100,66,120,1102.1
1100,66,122,1089.5
1100,66,124,1090.2
1100,66,126,1089.9
1100,66,128,1090.6
1100,66,130,1089.9
1100,66,132,1077.9
1100,66,134,1078.6
1100,66,136,1077.8
1100,66,138,1077.8
1100,66,140,1078.3
1100,66,142,1066.4
1100,66,144,1067.1
1100,66,146,1066.8
1100,66,148,1066.3
1100,66,150,1055.4
1100,66,152,1055.2
1100,66,154,1055.8
1100,66,156,1055.1
1100,66,158,1054.4
1100,66,160,1044.3
1100,66,162,1044.0
1100,66,164,1043.3
1100,66,166,1043.9
1100,66,168,1043.3
1100,66,170,1044.3
1100,66,172,1032.5
1100,66,174,1032.2
1100,66,176,1032.8
1100,66,178,1032.1
1100,66,180,1033.2
1100,68,0,1127.5
1100,68,2,1115.3
1100,68,4,1115.3
1100,68,6,1127.5
1100,68,8,1127.1
1100,68,10,1115.3
1100,68,12,1115.3
1100,68,14,1127.1
1100,68,16,1115.3
1100,68,18,1115.3
1100,68,20,1127.1
1100,68,22,1126.7
1100,68,24,1115.3
1100,68,26,1127.1
1100,68,28,1127.5
1100,68,30,1115.3
1100,68,32,1115.3
1100,68,34,1127.5
1100,68,36,1127.1
1100,68,38,1115.3
1100,68,40,1127.5
1100,68,42,1127.1
1100,68,44,1115.0
1100,68,46,1126.7
1100,68,48,1127.1
1100,68,50,1114.9
1100,68,52,1115.3
1100,68,54,1127.1
1100,68,56,1127.5
1100,68,58,1114.9
1100,68,60,1127.1
1100,68,62,1127.5
1100,68,64,1114.8
1100,68,66,1115.3
1100,68,68,1127.5
1100,68,70,1114.4
1100,68,72,1115.1
1100,68,74,1127.5
1100,68,76,1127.1
1100,68,78,1114.9
1100,68,80,1127.5
1100,68,82,1127.1
1100,68,84,1115.3
1100,68,86,1114.9
1100,68,88,1127.1
1100,68,90,1115.3
1100,68,92,1114.8
1100,68,94,1127.1
1100,68,96,1115.2
1100,68,98,1114.7
1100,68,100,1114.6
1100,68,102,1127.5
1100,68,104,1114.9
1100,68,106,1114.4
1100,68,108,1115.0
1100,68,110,1114.8
1100,68,112,1103.3
1100,68,114,1114.9
1100,68,116,1102.6
1100,68,118,1103.2
1100,68,120,1102.9
1100,68,122,1102.4
1100,68,124,1091.0
1100,68,126,1090.8
1100,68,128,1091.5
1100,68,130,1090.8
1100,68,132,1090.7
1100,68,134,1091.2
1100,68,136,1078.8
1100,68,138,1078.6
1100,68,140,1079.2
1100,68,142,1079.0
1100,68,144,1068.0
1100,68,146,1067.7
1100,68,148,1067.1
1100,68,150,1067.7
1100,68,152,1067.5
1100,68,154,1068.1
1100,68,156,1055.9
1100,68,158,1055.7
1100,68,160,1056.3
1100,68,162,1056.1
1100,68,164,1044.2
1100,68,166,1044.8
1100,68,168,1044.2
1100,68,170,1045.1
1100,68,172,1044.8
1100,68,174,1033.1
1100,68,176,1033.6
1100,68,178,1033.5
1100,68,180,1034.0
1100,70,0,1128.3
1100,70,2,1116.1
1100,70,4,1116.1
1100,70,6,1128.3
1100,70,8,1127.9
1100,70,10,1116.1
1100,70,12,1116.1
1100,70,14,1127.9
1100,70,16,1116.1
1100,70,18,1116.1
1100,70,20,1127.9
1100,70,22,1127.5
1100,70,24,1116.1
1100,70,26,1127.9
1100,70,28,1128.3
1100,70,30,1116.1
1100,70,32,1116.1
1100,70,34,1128.3
1100,70,36,1127.9
1100,70,38,1116.1
1100,70,40,1128.3
1100,70,42,1127.9
1100,70,44,1115.8
1100,70,46,1128.3
1100,70,48,1127.9
1100,70,50,1128.3
1100,70,52,1116.1
1100,70,54,1127.9
1100,70,56,1128.3
1100,70,58,1115.8
1100,70,60,1127.9
1100,70,62,1128.3
1100,70,64,1115.6
1100,70,66,1127.9
1100,70,68,1128.3
1100,70,70,1115.2
1100,70,72,1116.0
1100,70,74,1128.3
1100,70,76,1127.9
1100,70,78,1115.7
1100,70,80,1128.3
1100,70,82,1127.9
1100,70,84,1116.1
1100,70,86,1115.8
1100,70,88,1127.9
1100,70,90,1116.1
1100,70,92,1115.6
1100,70,94,1127.9
1100,70,96,1116.0
1100,70,98,1115.5
1100,70,100,1115.4
1100,70,102,1128.3
1100,70,104,1115.7
1100,70,106,1115.3
1100,70,108,1128.3
1100,70,110,1115.7
1100,70,112,1115.1
1100,70,114,1115.8
1100,70,116,1115.6
1100,70,118,1116.1
1100,70,120,1103.7
1100,70,122,1103.2
1100,70,124,1103.8
1100,70,126,1103.6
1100,70,128,1092.3
1100,70,130,1091.6
1100,70,132,1091.5
1100,70,134,1092.1
1100,70,136,1091.9
1100,70,138,1079.4
1100,70,140,1080.0
1100,70,142,1079.8
1100,70,144,1079.3
1100,70,146,1079.8
1100,70,148,1067.9
1100,70,150,1068.6
1100,70,152,1068.4
1100,70,154,1069.0
1100,70,156,1068.4
1100,70,158,1056.6
1100,70,160,1057.1
1100,70,162,1056.9
1100,70,164,1056.3
1100,70,166,1056.9
1100,70,168,1044.8
1100,70,170,1046.0
1100,70,172,1045.7
1100,70,174,1045.1
1100,70,176,1045.8
1100,70,178,1034.4
1100,70,180,1034.9
1100,72,0,1129.1
1100,72,2,1117.0
1100,72,4,1117.0
1100,72,6,1129.1
1100,72,8,1128.7
1100,72,10,1117.0
1100,72,12,1117.0
1100,72,14,1128.7
1100,72,16,1117.0
1100,72,18,1117.0
1100,72,20,1128.7
1100,72,22,1127.5
1100,72,24,1117.0
1100,72,26,1128.7
1100,72,28,1129.1
1100,72,30,1116.9
1100,72,32,1116.9
1100,72,34,1129.1
1100,72,36,1128.7
1100,72,38,1116.9
1100,72,40,1129.1
1100,72,42,1128.7
1100,72,44,1116.6
1100,72,46,1129.1
1100,72,48,1128.7
1100,72,50,1129.1
1100,72,52,1116.9
1100,72,54,1128.7
1100,72,56,1129.1
1100,72,58,1116.9
1100,72,60,1128.7
1100,72,62,1129.1
1100,72,64,1116.4
1100,72,66,1128.7
1100,72,68,1129.1
1100,72,70,1116.0
1100,72,72,1116.8
1100,72,74,1129.1
1100,72,76,1128.7
1100,72,78,1116.6
1100,72,80,1129.1
1100,72,82,1128.7
1100,72,84,1116.9
1100,72,86,1116.5
1100,72,88,1128.7
1100,72,90,1116.9
1100,72,92,1116.4
1100,72,94,1128.7
1100,72,96,1116.8
1100,72,98,1116.3
1100,72,100,1116.2
1100,72,102,1129.1
1100,72,104,1116.5
1100,72,106,1116.0
1100,72,108,1129.1
1100,72,110,1116.5
1100,72,112,1115.9
1100,72,114,1116.6
1100,72,116,1116.4
1100,72,118,1116.9
1100,72,120,1116.4
1100,72,122,1104.1
1100,72,124,1104.6
1100,72,126,1104.4
1100,72,128,1103.9
1100,72,130,1104.6
1100,72,132,1092.3
1100,72,134,1092.9
1100,72,136,1092.7
1100,72,138,1092.2
1100,72,140,1080.8
1100,72,142,1080.6
1100,72,144,1080.0
1100,72,146,1079.8
1100,72,148,1080.5
1100,72,150,1081.1
1100,72,152,1069.2
1100,72,154,1069.8
1100,72,156,1069.1
1100,72,158,1068.6
1100,72,160,1058.0
1100,72,162,1057.8
1100,72,164,1057.1
1100,72,166,1057.8
1100,72,168,1057.6
1100,72,170,1058.2
1100,72,172,1046.6
1100,72,174,1045.9
1100,72,176,1046.6
1100,72,178,1045.9
1100,72,180,1047.0
1100,74,0,1129.9
1100,74,2,1117.8
1100,74,4,1117.8
1100,74,6,1129.9
1100,74,8,1129.5
1100,74,10,1117.8
1100,74,12,1129.9
1100,74,14,1129.5
1100,74,16,1117.8
1100,74,18,1117.8
1100,74,20,1129.5
1100,74,22,1129.1
1100,74,24,1117.8
1100,74,26,1129.5
1100,74,28,1129.9
1100,74,30,1117.8
1100,74,32,1117.8
1100,74,34,1129.9
1100,74,36,1129.5
1100,74,38,1117.8
1100,74,40,1129.9
1100,74,42,1129.5
1100,74,44,1117.4
1100,74,46,1129.9
1100,74,48,1129.5
1100,74,50,1129.9
1100,74,52,1117.8
1100,74,54,1129.5
1100,74,56,1129.9
1100,74,58,1117.8
1100,74,60,1129.5
1100,74,62,1129.9
1100,74,64,1117.2
1100,74,66,1129.5
1100,74,68,1129.9
1100,74,70,1116.8
1100,74,72,1117.6
1100,74,74,1129.9
1100,74,76,1129.5
1100,74,78,1117.4
1100,74,80,1129.9
1100,74,82,1129.5
1100,74,84,1117.8
1100,74,86,1129.9
1100,74,88,1129.5
1100,74,90,1117.8
1100,74,92,1117.2
1100,74,94,1129.5
1100,74,96,1116.8
1100,74,98,1117.1
1100,74,100,1117.0
1100,74,102,1129.9
1100,74,104,1117.4
1100,74,106,1116.9
1100,74,108,1129.9
1100,74,110,1117.3
1100,74,112,1116.7
1100,74,114,1117.4
1100,74,116,1117.2
1100,74,118,1117.8
1100,74,120,1117.2
1100,74,122,1117.1
1100,74,124,1117.8
1100,74,126,1105.3
1100,74,128,1104.7
1100,74,130,1105.4
1100,74,132,1104.7
1100,74,134,1105.8
1100,74,136,1093.5
1100,74,138,1093.0
1100,74,140,1093.6
1100,74,142,1093.4
1100,74,144,1080.8
1100,74,146,1081.4
1100,74,148,1081.3
1100,74,150,1081.9
1100,74,152,1081.3
1100,74,154,1070.6
1100,74,156,1070.0
1100,74,158,1069.3
1100,74,160,1069.1
1100,74,162,1070.2
1100,74,164,1057.5
1100,74,166,1058.6
1100,74,168,1058.4
1100,74,170,1059.1
1100,74,172,1058.8
1100,74,174,1046.7
1100,74,176,1047.5
1100,74,178,1047.2
1100,74,180,1047.9
1100,76,0,1130.7
1100,76,2,1118.6
1100,76,4,1118.6
1100,76,6,1130.7
1100,76,8,1130.3
1100,76,10,1118.6
1100,76,12,1130.7
1100,76,14,1130.3
1100,76,16,1130.7
1100,76,18,1118.6
1100,76,20,1130.3
1100,76,22,1130.7
1100,76,24,1118.6
1100,76,26,1130.3
1100,76,28,1130.7
1100,76,30,1118.6
1100,76,32,1130.3
1100,76,34,1130.7
1100,76,36,1130.3
1100,76,38,1118.6
1100,76,40,1130.7
1100,76,42,1130.3
1100,76,44,1118.2
1100,76,46,1130.7
1100,76,48,1130.3
1100,76,50,1130.7
1100,76,52,1118.6
1100,76,54,1130.3
1100,76,56,1130.7
1100,76,58,1118.6
1100,76,60,1130.3
1100,76,62,1130.7
1100,76,64,1118.1
1100,76,66,1130.3
1100,76,68,1130.7
1100,76,70,1117.9
1100,76,72,1118.4
1100,76,74,1130.7
1100,76,76,1130.3
1100,76,78,1118.1
1100,76,80,1130.7
1100,76,82,1130.3
1100,76,84,1118.6
1100,76,86,1130.7
1100,76,88,1130.3
1100,76,90,1118.6
1100,76,92,1118.1
1100,76,94,1130.3
1100,76,96,1130.7
1100,76,98,1118.0
1100,76,100,1130.3
1100,76,102,1130.7
1100,76,104,1118.2
1100,76,106,1117.7
1100,76,108,1130.7
1100,76,110,1118.1
1100,76,112,1117.5
1100,76,114,1130.7
1100,76,116,1118.0
1100,76,118,1118.6
1100,76,120,1118.0
1100,76,122,1117.9
1100,76,124,1118.6
1100,76,126,1117.9
1100,76,128,1105.6
1100,76,130,1106.2
1100,76,132,1106.0
1100,76,134,1106.6
1100,76,136,1106.0
1100,76,138,1093.8
1100,76,140,1094.4
1100,76,142,1094.2
1100,76,144,1093.5
1100,76,146,1094.2
1100,76,148,1082.2
1100,76,150,1082.7
1100,76,152,1082.0
1100,76,154,1082.0
1100,76,156,1082.6
1100,76,158,1070.5
1100,76,160,1071.1
1100,76,162,1071.1
1100,76,164,1070.4
1100,76,166,1071.0
1100,76,168,1059.3
1100,76,170,1059.9
1100,76,172,1059.6
1100,76,174,1059.1
1100,76,176,1059.7
1100,76,178,1048.1
1100,76,180,1048.7
1100,78,0,1131.5
1100,78,2,1119.4
1100,78,4,1119.4
1100,78,6,1131.5
1100,78,8,1131.1
1100,78,10,1119.4
1100,78,12,1131.5
1100,78,14,1131.1
1100,78,16,1131.5
1100,78,18,1119.4
1100,78,20,1131.1
1100,78,22,1131.5
1100,78,24,1119.4
1100,78,26,1131.1
1100,78,28,1131.5
1100,78,30,1131.1
1100,78,32,1131.1
1100,78,34,1131.5
1100,78,36,1131.1
1100,78,38,1119.4
1100,78,40,1131.5
1100,78,42,1131.1
1100,78,44,1119.4
1100,78,46,1131.5
1100,78,48,1131.1
1100,78,50,1131.5
1100,78,52,1131.5
1100,78,54,1131.1
1100,78,56,1131.5
1100,78,58,1119.4
1100,78,60,1131.1
1100,78,62,1131.5
1100,78,64,1118.9
1100,78,66,1131.1
1100,78,68,1131.5
1100,78,70,1118.7
1100,78,72,1119.2
1100,78,74,1131.5
1100,78,76,1131.1
1100,78,78,1118.9
1100,78,80,1131.5
1100,78,82,1131.1
1100,78,84,1119.4
1100,78,86,1131.5
1100,78,88,1131.1
1100,78,90,1119.4
1100,78,92,1118.9
1100,78,94,1131.1
1100,78,96,1131.5
1100,78,98,1119.0
1100,78,100,1131.1
1100,78,102,1131.5
1100,78,104,1119.0
1100,78,106,1118.5
1100,78,108,1131.5
1100,78,110,1118.9
1100,78,112,1118.4
1100,78,114,1131.5
1100,78,116,1118.8
1100,78,118,1119.4
1100,78,120,1118.8
1100,78,122,1118.8
1100,78,124,1119.4
1100,78,126,1118.8
1100,78,128,1118.6
1100,78,130,1119.2
1100,78,132,1106.8
1100,78,134,1107.4
1100,78,136,1106.9
1100,78,138,1106.6
1100,78,140,1107.3
1100,78,142,1095.0
1100,78,144,1094.5
1100,78,146,1095.0
1100,78,148,1094.9
1100,78,150,1095.4
1100,78,152,1083.4
1100,78,154,1082.8
1100,78,156,1083.4
1100,78,158,1083.1
1100,78,160,1083.9
1100,78,162,1071.9
1100,78,164,1071.3
1100,78,166,1071.8
1100,78,168,1071.6
1100,78,170,1072.3
1100,78,172,1060.5
1100,78,174,1059.9
1100,78,176,1060.5
1100,78,178,1059.8
1100,78,180,1060.9
1100,80,0,1132.3
1100,80,2,1120.2
1100,80,4,1120.2
1100,80,6,1132.3
1100,80,8,1131.9
1100,80,10,1132.3
1100,80,12,1132.3
1100,80,14,1131.9
1100,80,16,1132.3
1100,80,18,1120.2
1100,80,20,1131.9
1100,80,22,1132.3
1100,80,24,1120.2
1100,80,26,1131.9
1100,80,28,1132.3
1100,80,30,1131.9
1100,80,32,1131.9
1100,80,34,1132.3
1100,80,36,1131.9
1100,80,38,1120.2
1100,80,40,1132.3
1100,80,42,1131.9
1100,80,44,1120.2
1100,80,46,1132.3
1100,80,48,1131.9
1100,80,50,1132.3
1100,80,52,1132.3
1100,80,54,1131.9
1100,80,56,1132.3
1100,80,58,1120.2
1100,80,60,1131.9
1100,80,62,1132.3
1100,80,64,1119.7
1100,80,66,1131.9
1100,80,68,1132.3
1100,80,70,1119.5
1100,80,72,1120.0
1100,80,74,1132.3
1100,80,76,1131.9
1100,80,78,1119.8
1100,80,80,1132.3
1100,80,82,1131.9
1100,80,84,1120.2
1100,80,86,1132.3
1100,80,88,1131.9
1100,80,90,1120.2
1100,80,92,1119.7
1100,80,94,1131.9
1100,80,96,1132.3
1100,80,98,1119.8
1100,80,100,1131.9
1100,80,102,1132.3
1100,80,104,1119.8
1100,80,106,1119.3
1100,80,108,1132.3
1100,80,110,1119.7
1100,80,112,1119.2
1100,80,114,1132.3
1100,80,116,1119.6
1100,80,118,1120.2
1100,80,120,1119.6
1100,80,122,1119.6
1100,80,124,1120.2
1100,80,126,1119.6
1100,80,128,1119.4
1100,80,130,1120.0
1100,80,132,1119.5
1100,80,134,1108.2
1100,80,136,1107.7
1100,80,138,1107.4
1100,80,140,1108.2
1100,80,142,1107.5
1100,80,144,1095.3
1100,80,146,1095.9
1100,80,148,1095.7
1100,80,150,1096.4
1100,80,152,1095.7
1100,80,154,1083.6
1100,80,156,1084.3
1100,80,158,1084.0
1100,80,160,1084.7
1100,80,162,1084.0
1100,80,164,1072.1
1100,80,166,1072.6
1100,80,168,1072.4
1100,80,170,1073.2
1100,80,172,1072.5
1100,80,174,1060.8
1100,80,176,1061.4
1100,80,178,1061.2
1100,80,180,1061.7
1100,82,0,1133.1
1100,82,2,1121.0
1100,82,4,1121.0
1100,82,6,1133.1
1100,82,8,1132.7
1100,82,10,1133.0
1100,82,12,1133.1
1100,82,14,1132.7
1100,82,16,1133.0
1100,82,18,1121.0
1100,82,20,1132.7
1100,82,22,1133.0
1100,82,24,1121.0
1100,82,26,1132.7
1100,82,28,1133.0
1100,82,30,1132.7
1100,82,32,1132.7
1100,82,34,1133.1
1100,82,36,1132.7
1100,82,38,1121.0
1100,82,40,1133.1
1100,82,42,1132.7
1100,82,44,1121.0
1100,82,46,1133.1
1100,82,48,1132.7
1100,82,50,1133.0
1100,82,52,1133.1
1100,82,54,1132.7
1100,82,56,1133.0
1100,82,58,1133.1
1100,82,60,1132.7
1100,82,62,1133.0
1100,82,64,1120.5
1100,82,66,1132.7
1100,82,68,1133.0
1100,82,70,1120.3
1100,82,72,1120.8
1100,82,74,1133.0
1100,82,76,1132.7
1100,82,78,1120.6
1100,82,80,1133.0
1100,82,82,1132.7
1100,82,84,1121.0
1100,82,86,1133.0
1100,82,88,1132.7
1100,82,90,1121.0
1100,82,92,1133.0
1100,82,94,1132.7
1100,82,96,1133.0
1100,82,98,1120.6
1100,82,100,1132.7
1100,82,102,1133.0
1100,82,104,1120.6
1100,82,106,1120.1
1100,82,108,1133.0
1100,82,110,1120.6
1100,82,112,1120.0
1100,82,114,1133.0
1100,82,116,1120.4
1100,82,118,1121.0
1100,82,120,1133.0
1100,82,122,1120.4
1100,82,124,1121.0
1100,82,126,1120.4
1100,82,128,1120.2
1100,82,130,1121.0
1100,82,132,1120.3
1100,82,134,1120.2
1100,82,136,1120.8
1100,82,138,1108.3
1100,82,140,1109.0
1100,82,142,1108.4
1100,82,144,1108.2
1100,82,146,1096.7
1100,82,148,1096.5
1100,82,150,1097.2
1100,82,152,1096.6
1100,82,154,1095.9
1100,82,156,1096.9
1100,82,158,1084.9
1100,82,160,1085.5
1100,82,162,1084.8
1100,82,164,1084.7
1100,82,166,1085.3
1100,82,168,1073.3
1100,82,170,1074.0
1100,82,172,1073.4
1100,82,174,1073.1
1100,82,176,1073.7
1100,82,178,1062.0
1100,82,180,1062.6
1100,84,0,1133.8
1100,84,2,1121.8
1100,84,4,1133.8
1100,84,6,1133.8
1100,84,8,1133.4
1100,84,10,1133.8
1100,84,12,1133.8
1100,84,14,1133.4
1100,84,16,1133.8
1100,84,18,1133.8
1100,84,20,1133.4
1100,84,22,1133.8
1100,84,24,1121.8
1100,84,26,1133.4
1100,84,28,1133.8
1100,84,30,1133.4
1100,84,32,1133.4
1100,84,34,1133.8
1100,84,36,1133.4
1100,84,38,1121.8
1100,84,40,1133.8
1100,84,42,1133.4
1100,84,44,1133.8
1100,84,46,1133.8
1100,84,48,1133.4
1100,84,50,1133.8
1100,84,52,1133.8
1100,84,54,1133.4
1100,84,56,1133.8
1100,84,58,1133.8
1100,84,60,1133.4
1100,84,62,1133.8
1100,84,64,1121.8
1100,84,66,1133.4
1100,84,68,1133.8
1100,84,70,1121.1
1100,84,72,1133.4
1100,84,74,1133.8
1100,84,76,1133.4
1100,84,78,1121.4
1100,84,80,1133.8
1100,84,82,1133.4
1100,84,84,1121.8
1100,84,86,1133.8
1100,84,88,1133.4
1100,84,90,1121.8
1100,84,92,1133.8
1100,84,94,1133.4
1100,84,96,1133.8
1100,84,98,1121.4
1100,84,100,1133.4
1100,84,102,1133.8
1100,84,104,1121.4
1100,84,106,1133.4
1100,84,108,1133.8
1100,84,110,1121.4
1100,84,112,1120.8
1100,84,114,1133.8
1100,84,116,1121.2
1100,84,118,1121.8
1100,84,120,1133.8
1100,84,122,1121.2
1100,84,124,1121.8
1100,84,126,1121.3
1100,84,128,1121.0
1100,84,130,1121.8
1100,84,132,1121.1
1100,84,134,1121.0
1100,84,136,1121.6
1100,84,138,1121.4
1100,84,140,1109.8
1100,84,142,1109.2
1100,84,144,1109.1
1100,84,146,1109.7
1100,84,148,1109.4
1100,84,150,1098.0
1100,84,152,1097.4
1100,84,154,1096.8
1100,84,156,1097.8
1100,84,158,1097.6
1100,84,160,1086.4
1100,84,162,1085.7
1100,84,164,1085.5
1100,84,166,1086.2
1100,84,168,1086.0
1100,84,170,1074.8
1100,84,172,1074.2
1100,84,174,1073.9
1100,84,176,1074.5
1100,84,178,1074.4
1100,84,180,1063.4
1100,86,0,1134.6
1100,86,2,1134.2
1100,86,4,1134.6
1100,86,6,1134.6
1100,86,8,1134.2
1100,86,10,1134.6
1100,86,12,1134.6
1100,86,14,1134.2
1100,86,16,1134.6
1100,86,18,1134.6
1100,86,20,1134.2
1100,86,22,1134.6
1100,86,24,1122.6
1100,86,26,1134.2
1100,86,28,1134.6
1100,86,30,1134.2
1100,86,32,1134.2
1100,86,34,1134.6
1100,86,36,1134.2
1100,86,38,1122.6
1100,86,40,1134.6
1100,86,42,1134.2
1100,86,44,1134.6
1100,86,46,1134.6
1100,86,48,1134.2
1100,86,50,1134.6
1100,86,52,1134.6
1100,86,54,1134.2
1100,86,56,1134.6
1100,86,58,1134.6
1100,86,60,1134.2
1100,86,62,1134.6
1100,86,64,1134.6
1100,86,66,1134.2
1100,86,68,1134.6
1100,86,70,1134.2
1100,86,72,1134.2
1100,86,74,1134.6
1100,86,76,1134.2
1100,86,78,1122.2
1100,86,80,1134.6
1100,86,82,1134.2
1100,86,84,1122.6
1100,86,86,1134.6
1100,86,88,1134.2
1100,86,90,1122.6
1100,86,92,1134.6
1100,86,94,1134.2
1100,86,96,1134.6
1100,86,98,1122.2
1100,86,100,1134.2
1100,86,102,1134.6
1100,86,104,1122.2
1100,86,106,1134.2
1100,86,108,1134.6
1100,86,110,1122.2
1100,86,112,1121.7
1100,86,114,1134.6
1100,86,116,1122.0
1100,86,118,1122.6
1100,86,120,1134.6
1100,86,122,1122.0
1100,86,124,1122.6
1100,86,126,1122.1
1100,86,128,1121.8
1100,86,130,1122.6
1100,86,132,1122.0
1100,86,134,1121.8
1100,86,136,1122.4
1100,86,138,1122.2
1100,86,140,1121.7
1100,86,142,1122.3
1100,86,144,1109.9
1100,86,146,1110.5
1100,86,148,1110.2
1100,86,150,1109.6
1100,86,152,1098.2
1100,86,154,1097.6
1100,86,156,1098.7
1100,86,158,1098.4
1100,86,160,1097.9
1100,86,162,1086.5
1100,86,164,1086.3
1100,86,166,1087.0
1100,86,168,1086.8
1100,86,170,1086.2
1100,86,172,1086.7
1100,86,174,1074.7
1100,86,176,1075.4
1100,86,178,1075.4
1100,86,180,1074.7
1100,88,0,1135.4
1100,88,2,1135.0
1100,88,4,1135.4
1100,88,6,1135.4
1100,88,8,1135.0
1100,88,10,1135.4
1100,88,12,1135.4
1100,88,14,1135.0
1100,88,16,1135.4
1100,88,18,1135.4
1100,88,20,1135.0
1100,88,22,1135.4
1100,88,24,1135.4
1100,88,26,1135.0
1100,88,28,1135.4
1100,88,30,1135.0
1100,88,32,1135.0
1100,88,34,1135.4
1100,88,36,1135.0
1100,88,38,1123.4
1100,88,40,1135.4
1100,88,42,1135.0
1100,88,44,1135.4
1100,88,46,1135.4
1100,88,48,1135.0
1100,88,50,1135.4
1100,88,52,1135.4
1100,88,54,1135.0
1100,88,56,1135.4
1100,88,58,1135.4
1100,88,60,1135.0
1100,88,62,1135.4
1100,88,64,1135.4
1100,88,66,1135.0
1100,88,68,1135.4
1100,88,70,1134.2
1100,88,72,1135.0
1100,88,74,1135.4
1100,88,76,1135.0
1100,88,78,1123.1
1100,88,80,1135.4
1100,88,82,1135.0
1100,88,84,1123.4
1100,88,86,1135.4
1100,88,88,1135.0
1100,88,90,1123.4
1100,88,92,1135.4
1100,88,94,1135.0
1100,88,96,1135.4
1100,88,98,1123.0
1100,88,100,1135.0
1100,88,102,1135.4
1100,88,104,1123.0
1100,88,106,1135.0
1100,88,108,1135.4
1100,88,110,1123.0
1100,88,112,1135.0
1100,88,114,1135.4
1100,88,116,1122.8
1100,88,118,1123.4
1100,88,120,1135.4
1100,88,122,1122.8
1100,88,124,1123.4
1100,88,126,1135.4
1100,88,128,1122.7
1100,88,130,1123.4
1100,88,132,1122.9
1100,88,134,1135.0
1100,88,136,1123.2
1100,88,138,1123.0
1100,88,140,1122.5
1100,88,142,1123.1
1100,88,144,1123.0
1100,88,146,1111.3
1100,88,148,1111.1
1100,88,150,1110.5
1100,88,152,1109.9
1100,88,154,1110.9
1100,88,156,1099.5
1100,88,158,1099.3
1100,88,160,1098.7
1100,88,162,1099.3
1100,88,164,1099.1
1100,88,166,1087.8
1100,88,168,1087.6
1100,88,170,1087.0
1100,88,172,1087.6
1100,88,174,1087.4
1100,88,176,1088.0
1100,88,178,1076.2
1100,88,180,1075.6
1100,90,0,1136.2
1100,90,2,1135.8
1100,90,4,1136.2
1100,90,6,1136.2
1100,90,8,1135.8
1100,90,10,1136.2
1100,90,12,1136.2
1100,90,14,1135.8
1100,90,16,1136.2
1100,90,18,1136.2
1100,90,20,1135.8
1100,90,22,1136.2
1100,90,24,1136.2
1100,90,26,1135.8
1100,90,28,1136.2
1100,90,30,1135.8
1100,90,32,1135.8
1100,90,34,1136.2
1100,90,36,1135.8
1100,90,38,1135.0
1100,90,40,1136.2
1100,90,42,1135.8
1100,90,44,1136.2
1100,90,46,1136.2
1100,90,48,1135.8
1100,90,50,1136.2
1100,90,52,1136.2
1100,90,54,1135.8
1100,90,56,1136.2
1100,90,58,1136.2
1100,90,60,1135.8
1100,90,62,1136.2
1100,90,64,1136.2
1100,90,66,1135.8
1100,90,68,1136.2
1100,90,70,1135.8
1100,90,72,1135.8
1100,90,74,1136.2
1100,90,76,1135.8
1100,90,78,1123.9
1100,90,80,1136.2
1100,90,82,1135.8
1100,90,84,1124.2
1100,90,86,1136.2
1100,90,88,1135.8
1100,90,90,1124.2
1100,90,92,1136.2
1100,90,94,1135.8
1100,90,96,1136.2
1100,90,98,1123.8
1100,90,100,1135.8
1100,90,102,1136.2
1100,90,104,1123.8
1100,90,106,1135.8
1100,90,108,1136.2
1100,90,110,1123.8
1100,90,112,1135.8
1100,90,114,1136.2
1100,90,116,1123.6
1100,90,118,1124.2
1100,90,120,1136.2
1100,90,122,1123.6
1100,90,124,1124.2
1100,90,126,1136.2
1100,90,128,1123.5
1100,90,130,1124.2
1100,90,132,1123.6
1100,90,134,1135.8
1100,90,136,1124.0
1100,90,138,1123.8
1100,90,140,1123.4
1100,90,142,1124.0
1100,90,144,1123.8
1100,90,146,1123.3
1100,90,148,1123.9
1100,90,150,1111.4
1100,90,152,1111.9
1100,90,154,1111.8
1100,90,156,1111.3
1100,90,158,1111.9
1100,90,160,1099.6
1100,90,162,1100.2
1100,90,164,1099.9
1100,90,166,1099.3
1100,90,168,1100.0
1100,90,170,1087.8
1100,90,172,1088.4
1100,90,174,1088.2
1100,90,176,1088.9
1100,90,178,1088.3
1100,90,180,1076.4
1400,2,0,1400.6
1400,2,2,948.0
1400,2,4,1101.1
1400,2,6,932.2
1400,2,8,-1.0
1400,2,10,1384.5
1400,2,12,901.2
1400,2,14,1237.9
1400,2,16,968.8
1400,2,18,537.7
1400,2,20,1336.2
1400,2,22,801.3
1400,2,24,371.4
1400,2,26,-1.0
1400,2,28,953.6
1400,2,30,997.2
1400,2,32,1071.6
1400,2,34,678.1
1400,2,36,-1.0
1400,2,38,602.0
1400,2,40,415.9
1400,2,42,1101.1
1400,2,44,442.2
1400,2,46,-1.0
1400,2,48,674.0
1400,2,50,1019.3
1400,2,52,798.2
1400,2,54,-1.0
1400,2,56,-1.0
1400,2,58,-1.0
1400,2,60,-1.0
1400,2,62,-1.0
1400,2,64,-1.0
1400,2,66,-1.0
1400,2,68,-1.0
1400,2,70,-1.0
1400,2,72,-1.0
1400,2,74,-1.0
1400,2,76,-1.0
1400,2,78,-1.0
1400,2,80,-1.0
1400,2,82,-1.0
1400,2,84,-1.0
1400,2,86,-1.0
1400,2,88,-1.0
1400,2,90,-1.0
1400,2,92,-1.0
1400,2,94,-1.0
1400,2,96,-1.0
1400,2,98,-1.0
1400,2,100,-1.0
1400,2,102,-1.0
1400,2,104,-1.0
1400,2,106,-1.0
1400,2,108,-1.0
1400,2,110,-1.0
1400,2,112,-1.0
1400,2,114,-1.0
1400,2,116,-1.0
1400,2,118,-1.0
1400,2,120,-1.0
1400,2,122,-1.0
1400,2,124,-1.0
1400,2,126,-1.0
1400,2,128,-1.0
1400,2,130,-1.0
1400,2,132,-1.0
1400,2,134,-1.0
1400,2,136,-1.0
1400,2,138,-1.0
1400,2,140,-1.0
1400,2,142,-1.0
1400,2,144,-1.0
1400,2,146,-1.0
1400,2,148,-1.0
1400,2,150,-1.0
1400,2,152,-1.0
1400,2,154,-1.0
1400,2,156,-1.0
1400,2,158,-1.0
1400,2,160,-1.0
1400,2,162,-1.0
1400,2,164,-1.0
1400,2,166,-1.0
1400,2,168,-1.0
1400,2,170,-1.0
1400,2,172,-1.0
1400,2,174,-1.0
1400,2,176,-1.0
1400,2,178,-1.0
1400,2,180,-1.0
1400,4,0,1401.3
1400,4,2,1195.5
1400,4,4,1182.0
1400,4,6,1224.2
1400,4,8,1106.1
1400,4,10,1385.1
1400,4,12,1106.1
1400,4,14,1238.5
1400,4,16,1238.8
1400,4,18,1084.4
1400,4,20,1336.9
1400,4,22,1154.8
1400,4,24,1224.2
1400,4,26,1321.8
1400,4,28,994.0
1400,4,30,1321.4
1400,4,32,1180.8
1400,4,34,1210.4
1400,4,36,1142.0
1400,4,38,958.0
1400,4,40,1306.8
1400,4,42,1129.0
1400,4,44,1223.9
1400,4,46,1095.8
1400,4,48,1118.7
1400,4,50,1023.0
1400,4,52,1127.2
1400,4,54,1210.4
1400,4,56,866.5
1400,4,58,937.7
1400,4,60,1140.5
1400,4,62,1106.3
1400,4,64,1167.2
1400,4,66,856.5
1400,4,68,973.0
1400,4,70,905.0
1400,4,72,1008.6
1400,4,74,1125.9
1400,4,76,805.3
1400,4,78,850.5
1400,4,80,921.1
1400,4,82,1054.6
1400,4,84,1086.3
1400,4,86,827.0
1400,4,88,837.7
1400,4,90,1018.6
1400,4,92,919.2
1400,4,94,808.2
1400,4,96,833.9
1400,4,98,953.4
1400,4,100,737.9
1400,4,102,722.4
1400,4,104,789.1
1400,4,106,709.4
1400,4,108,773.1
1400,4,110,605.7
1400,4,112,664.6
1400,4,114,567.4
1400,4,116,581.7
1400,4,118,559.1
1400,4,120,551.1
1400,4,122,510.5
1400,4,124,662.0
1400,4,126,498.5
1400,4,128,474.6
1400,4,130,387.7
1400,4,132,493.1
1400,4,134,296.5
1400,4,136,423.9
1400,4,138,398.2
1400,4,140,440.4
1400,4,142,349.6
1400,4,144,290.1
1400,4,146,418.6
1400,4,148,259.4
1400,4,150,291.0
1400,4,152,230.6
1400,4,154,295.8
1400,4,156,262.9
1400,4,158,263.5
1400,4,160,288.3
1400,4,162,216.7
1400,4,164,293.2
1400,4,166,244.9
1400,4,168,250.3
1400,4,170,242.7
1400,4,172,233.1
1400,4,174,182.1
1400,4,176,213.6
1400,4,178,147.0
1400,4,180,164.6
1400,6,0,1401.9
1400,6,2,1224.5
1400,6,4,1322.3
1400,6,6,1355.0
1400,6,8,1239.7
1400,6,10,1385.8
1400,6,12,1211.0
1400,6,14,1322.4
1400,6,16,1386.1
1400,6,18,1247.3
1400,6,20,1337.5
1400,6,22,1278.0
1400,6,24,1337.2
1400,6,26,1354.9
1400,6,28,1253.8
1400,6,30,1322.1
1400,6,32,1182.2
1400,6,34,1322.4
1400,6,36,1307.2
1400,6,38,1219.3
1400,6,40,1307.5
1400,6,42,1129.0
1400,6,44,1261.5
1400,6,46,1292.7
1400,6,48,1225.7
1400,6,50,1292.4
1400,6,52,1155.7
1400,6,54,1216.9
1400,6,56,1127.0
1400,6,58,1217.4
1400,6,60,1278.1
1400,6,62,1139.5
1400,6,64,1203.5
1400,6,66,1113.8
1400,6,68,1203.3
1400,6,70,1128.0
1400,6,72,1155.0
1400,6,74,1184.6
1400,6,76,1154.4
1400,6,78,1190.1
1400,6,80,1087.4
1400,6,82,1115.3
1400,6,84,1148.3
1400,6,86,1113.8
1400,6,88,988.4
1400,6,90,1044.4
1400,6,92,1103.1
1400,6,94,1043.5
1400,6,96,1108.0
1400,6,98,1038.8
1400,6,100,1007.4
1400,6,102,1063.3
1400,6,104,1006.3
1400,6,106,972.4
1400,6,108,972.4
1400,6,110,1027.0
1400,6,112,971.7
1400,6,114,1025.6
1400,6,116,910.1
1400,6,118,882.9
1400,6,120,990.0
1400,6,122,960.1
1400,6,124,821.5
1400,6,126,852.6
1400,6,128,900.2
1400,6,130,899.4
1400,6,132,926.4
1400,6,134,807.6
1400,6,136,831.5
1400,6,138,868.7
1400,6,140,867.3
1400,6,142,758.0
1400,6,144,780.8
1400,6,146,689.8
1400,6,148,776.7
1400,6,150,731.4
1400,6,152,700.0
1400,6,154,678.7
1400,6,156,761.5
1400,6,158,727.6
1400,6,160,608.2
1400,6,162,568.8
1400,6,164,634.2
1400,6,166,554.2
1400,6,168,609.3
1400,6,170,613.7
1400,6,172,548.5
1400,6,174,611.0
1400,6,176,638.9
1400,6,178,589.4
1400,6,180,546.1
1400,8,0,1402.6
1400,8,2,1308.1
1400,8,4,1322.9
1400,8,6,1355.6
1400,8,8,1276.7
1400,8,10,1386.4
1400,8,12,1263.9
1400,8,14,1337.7
1400,8,16,1386.8
1400,8,18,1278.4
1400,8,20,1338.2
1400,8,22,1278.7
1400,8,24,1337.9
1400,8,26,1370.8
1400,8,28,1264.3
1400,8,30,1322.8
1400,8,32,1308.2
1400,8,34,1323.1
1400,8,36,1355.7
1400,8,38,1276.6
1400,8,40,1308.2
1400,8,42,1262.0
1400,8,44,1307.9
1400,8,46,1293.4
1400,8,48,1226.5
1400,8,50,1293.1
1400,8,52,1324.9
1400,8,54,1293.4
1400,8,56,1278.5
1400,8,58,1248.0
1400,8,60,1278.8
1400,8,62,1310.2
1400,8,64,1233.8
1400,8,66,1264.3
1400,8,68,1295.4
1400,8,70,1264.0
1400,8,72,1204.3
1400,8,74,1190.4
1400,8,76,1219.7
1400,8,78,1190.8
1400,8,80,1250.1
1400,8,82,1142.6
1400,8,84,1177.3
1400,8,86,1206.2
1400,8,88,1176.9
1400,8,90,1149.1
1400,8,92,1130.9
1400,8,94,1135.7
1400,8,96,1136.0
1400,8,98,1164.0
1400,8,100,1063.6
1400,8,102,1096.0
1400,8,104,1123.2
1400,8,106,1095.9
1400,8,108,997.0
1400,8,110,1053.0
1400,8,112,1078.9
1400,8,114,1077.3
1400,8,116,1110.6
1400,8,118,986.0
1400,8,120,1015.7
1400,8,122,1016.3
1400,8,124,1039.4
1400,8,126,1014.9
1400,8,128,980.4
1400,8,130,1004.5
1400,8,132,979.7
1400,8,134,1034.1
1400,8,136,927.4
1400,8,138,917.2
1400,8,140,946.3
1400,8,142,968.1
1400,8,144,945.0
1400,8,146,886.1
1400,8,148,907.7
1400,8,150,906.8
1400,8,152,962.8
1400,8,154,858.5
1400,8,156,829.3
1400,8,158,875.9
1400,8,160,849.2
1400,8,162,874.7
1400,8,164,777.0
1400,8,166,845.1
1400,8,168,844.3
1400,8,170,818.9
1400,8,172,819.1
1400,8,174,760.0
1400,8,176,791.4
1400,8,178,790.7
1400,8,180,790.2
1400,10,0,1403.2
1400,10,2,1308.7
1400,10,4,1323.6
1400,10,6,1356.3
1400,10,8,1308.8
1400,10,10,1387.1
1400,10,12,1264.6
1400,10,14,1338.4
1400,10,16,1387.4
1400,10,18,1323.4
1400,10,20,1338.9
1400,10,22,1356.0
1400,10,24,1338.5
1400,10,26,1371.4
1400,10,28,1308.8
1400,10,30,1338.8
1400,10,32,1341.0
1400,10,34,1323.8
1400,10,36,1356.3
1400,10,38,1277.3
1400,10,40,1308.9
1400,10,42,1293.8
1400,10,44,1308.5
1400,10,46,1340.7
1400,10,48,1262.5
1400,10,50,1293.8
1400,10,52,1325.6
1400,10,54,1294.1
1400,10,56,1325.9
1400,10,58,1281.1
1400,10,60,1279.5
1400,10,62,1310.9
1400,10,64,1279.2
1400,10,66,1265.0
1400,10,68,1296.1
1400,10,70,1264.7
1400,10,72,1295.8
1400,10,74,1265.1
1400,10,76,1250.4
1400,10,78,1281.1
1400,10,80,1250.8
1400,10,82,1281.5
1400,10,84,1206.8
1400,10,86,1236.6
1400,10,88,1267.0
1400,10,90,1236.3
1400,10,92,1207.1
1400,10,94,1164.4
1400,10,96,1192.8
1400,10,98,1193.3
1400,10,100,1222.7
1400,10,102,1123.6
1400,10,104,1151.7
1400,10,106,1179.8
1400,10,108,1179.6
1400,10,110,1151.7
1400,10,112,1106.4
1400,10,114,1104.3
1400,10,116,1111.4
1400,10,118,1166.6
1400,10,120,1058.7
1400,10,122,1072.5
1400,10,124,1098.5
1400,10,126,1098.4
1400,10,128,1072.4
1400,10,130,1030.3
1400,10,132,1029.9
1400,10,134,1060.2
1400,10,136,1086.2
1400,10,138,1004.3
1400,10,140,998.5
1400,10,142,1023.0
1400,10,144,993.4
1400,10,146,1023.3
1400,10,148,959.4
1400,10,150,959.0
1400,10,152,987.2
1400,10,154,1011.4
1400,10,156,958.3
1400,10,158,925.7
1400,10,160,948.4
1400,10,162,925.0
1400,10,164,952.8
1400,10,166,897.4
1400,10,168,893.0
1400,10,170,919.2
1400,10,172,914.1
1400,10,174,892.3
1400,10,176,836.8
1400,10,178,883.1
1400,10,180,861.4
1400,12,0,1403.9
1400,12,2,1309.3
1400,12,4,1324.4
1400,12,6,1357.0
1400,12,8,1324.0
1400,12,10,1387.7
1400,12,12,1293.6
1400,12,14,1339.0
1400,12,16,1388.1
1400,12,18,1324.1
1400,12,20,1372.4
1400,12,22,1356.6
1400,12,24,1339.2
1400,12,26,1372.1
1400,12,28,1309.5
1400,12,30,1341.6
1400,12,32,1341.7
1400,12,34,1324.5
1400,12,36,1357.0
1400,12,38,1294.8
1400,12,40,1324.0
1400,12,42,1326.1
1400,12,44,1309.2
1400,12,46,1341.4
1400,12,48,1309.5
1400,12,50,1309.4
1400,12,52,1326.2
1400,12,54,1294.8
1400,12,56,1326.6
1400,12,58,1294.5
1400,12,60,1280.2
1400,12,62,1311.6
1400,12,64,1296.5
1400,12,66,1311.3
1400,12,68,1296.8
1400,12,70,1265.5
1400,12,72,1296.5
1400,12,74,1282.2
1400,12,76,1296.8
1400,12,78,1281.8
1400,12,80,1251.5
1400,12,82,1282.2
1400,12,84,1251.2
1400,12,86,1237.3
1400,12,88,1267.7
1400,12,90,1237.1
1400,12,92,1267.4
1400,12,94,1237.4
1400,12,96,1223.0
1400,12,98,1253.0
1400,12,100,1223.5
1400,12,102,1253.4
1400,12,104,1180.5
1400,12,106,1209.5
1400,12,108,1239.2
1400,12,110,1209.3
1400,12,112,1180.6
1400,12,114,1139.1
1400,12,116,1166.8
1400,12,118,1167.4
1400,12,120,1195.8
1400,12,122,1112.1
1400,12,124,1126.5
1400,12,126,1153.9
1400,12,128,1153.8
1400,12,130,1126.5
1400,12,132,1082.2
1400,12,134,1086.9
1400,12,136,1113.6
1400,12,138,1113.5
1400,12,140,1061.2
1400,12,142,1049.2
1400,12,144,1074.5
1400,12,146,1074.3
1400,12,148,1074.9
1400,12,150,1007.7
1400,12,152,1012.1
1400,12,154,1037.3
1400,12,156,1062.4
1400,12,158,1012.6
1400,12,160,977.0
1400,12,162,1000.6
1400,12,164,1001.0
1400,12,166,1025.6
1400,12,168,948.3
1400,12,170,938.0
1400,12,172,966.0
1400,12,174,989.2
1400,12,176,966.2
1400,12,178,931.5
1400,12,180,927.7
1400,14,0,1404.5
1400,14,2,1310.1
1400,14,4,1357.6
1400,14,6,1404.2
1400,14,8,1324.6
1400,14,10,1388.4
1400,14,12,1311.5
1400,14,14,1339.7
1400,14,16,1404.2
1400,14,18,1327.2
1400,14,20,1373.0
1400,14,22,1357.3
1400,14,24,1339.9
1400,14,26,1388.7
1400,14,28,1342.0
1400,14,30,1342.3
1400,14,32,1372.9
1400,14,34,1325.2
1400,14,36,1357.6
1400,14,38,1327.2
1400,14,40,1326.9
1400,14,42,1341.0
1400,14,44,1325.1
1400,14,46,1342.0
1400,14,48,1310.2
1400,14,50,1342.3
1400,14,52,1326.9
1400,14,54,1295.5
1400,14,56,1327.3
1400,14,58,1295.2
1400,14,60,1326.9
1400,14,62,1312.3
1400,14,64,1297.2
1400,14,66,1312.0
1400,14,68,1297.5
1400,14,70,1312.3
1400,14,72,1297.2
1400,14,74,1282.9
1400,14,76,1297.5
1400,14,78,1282.5
1400,14,80,1252.3
1400,14,82,1282.9
1400,14,84,1268.1
1400,14,86,1282.5
1400,14,88,1268.4
1400,14,90,1237.8
1400,14,92,1268.1
1400,14,94,1254.1
1400,14,96,1268.4
1400,14,98,1253.8
1400,14,100,1224.2
1400,14,102,1254.0
1400,14,104,1223.7
1400,14,106,1210.3
1400,14,108,1240.0
1400,14,110,1209.8
1400,14,112,1181.4
1400,14,114,1210.2
1400,14,116,1196.3
1400,14,118,1225.6
1400,14,120,1196.6
1400,14,122,1167.6
1400,14,124,1168.2
1400,14,126,1183.2
1400,14,128,1212.1
1400,14,130,1182.7
1400,14,132,1154.7
1400,14,134,1114.2
1400,14,136,1141.2
1400,14,138,1141.6
1400,14,140,1169.7
1400,14,142,1114.7
1400,14,144,1101.8
1400,14,146,1128.6
1400,14,148,1128.5
1400,14,150,1129.0
1400,14,152,1050.1
1400,14,154,1063.5
1400,14,156,1089.5
1400,14,158,1116.0
1400,14,160,1063.7
1400,14,162,1025.8
1400,14,164,1025.9
1400,14,166,1051.5
1400,14,168,1077.4
1400,14,170,1001.9
1400,14,172,990.8
1400,14,174,1014.6
1400,14,176,1039.2
1400,14,178,1014.9
1400,14,180,961.6
1400,16,0,1405.1
1400,16,2,1325.1
1400,16,4,1358.3
1400,16,6,1404.8
1400,16,8,1340.5
1400,16,10,1389.0
1400,16,12,1312.2
1400,16,14,1342.7
1400,16,16,1404.8
1400,16,18,1340.7
1400,16,20,1373.7
1400,16,22,1388.9
1400,16,24,1340.6
1400,16,26,1389.4
1400,16,28,1342.7
1400,16,30,1343.0
1400,16,32,1373.6
1400,16,34,1325.8
1400,16,36,1373.4
1400,16,38,1340.9
1400,16,40,1357.9
1400,16,42,1357.7
1400,16,44,1325.1
1400,16,46,1358.2
1400,16,48,1312.5
1400,16,50,1343.0
1400,16,52,1327.6
1400,16,54,1310.4
1400,16,56,1327.9
1400,16,58,1297.9
1400,16,60,1327.6
1400,16,62,1313.0
1400,16,64,1297.9
1400,16,66,1312.6
1400,16,68,1298.2
1400,16,70,1313.0
1400,16,72,1297.9
1400,16,74,1283.6
1400,16,76,1298.2
1400,16,78,1283.2
1400,16,80,1297.9
1400,16,82,1283.6
1400,16,84,1268.8
1400,16,86,1283.2
1400,16,88,1269.1
1400,16,90,1283.5
1400,16,92,1268.8
1400,16,94,1254.8
1400,16,96,1269.0
1400,16,98,1254.5
1400,16,100,1224.9
1400,16,102,1254.0
1400,16,104,1240.2
1400,16,106,1254.4
1400,16,108,1240.7
1400,16,110,1210.5
1400,16,112,1240.2
1400,16,114,1226.6
1400,16,116,1240.6
1400,16,118,1226.3
1400,16,120,1197.3
1400,16,122,1168.4
1400,16,124,1196.8
1400,16,126,1197.5
1400,16,128,1212.8
1400,16,130,1183.4
1400,16,132,1183.9
1400,16,134,1183.7
1400,16,136,1170.2
1400,16,138,1170.4
1400,16,140,1170.5
1400,16,142,1170.2
1400,16,144,1142.6
1400,16,146,1157.4
1400,16,148,1129.3
1400,16,150,1156.8
1400,16,152,1157.4
1400,16,154,1089.9
1400,16,156,1116.8
1400,16,158,1144.2
1400,16,160,1144.0
1400,16,162,1090.2
1400,16,164,1077.8
1400,16,166,1103.9
1400,16,168,1103.7
1400,16,170,1104.3
1400,16,172,1053.8
1400,16,174,1040.2
1400,16,176,1065.6
1400,16,178,1091.5
1400,16,180,1066.0
1400,18,0,1405.8
1400,18,2,1343.7
1400,18,4,1359.0
1400,18,6,1405.5
1400,18,8,1358.6
1400,18,10,1389.7
1400,18,12,1358.6
1400,18,14,1343.3
1400,18,16,1405.5
1400,18,18,1343.7
1400,18,20,1374.3
1400,18,22,1405.8
1400,18,24,1341.2
1400,18,26,1390.0
1400,18,28,1343.4
1400,18,30,1343.6
1400,18,32,1374.2
1400,18,34,1328.3
1400,18,36,1374.1
1400,18,38,1358.7
1400,18,40,1358.6
1400,18,42,1358.4
1400,18,44,1326.4
1400,18,46,1358.9
1400,18,48,1326.1
1400,18,50,1343.7
1400,18,52,1328.3
1400,18,54,1311.1
1400,18,56,1343.3
1400,18,58,1311.9
1400,18,60,1328.3
1400,18,62,1313.7
1400,18,64,1298.8
1400,18,66,1328.5
1400,18,68,1298.9
1400,18,70,1313.7
1400,18,72,1298.6
1400,18,74,1313.3
1400,18,76,1298.9
1400,18,78,1283.9
1400,18,80,1298.6
1400,18,82,1284.3
1400,18,84,1298.9
1400,18,86,1283.9
1400,18,88,1269.8
1400,18,90,1284.2
1400,18,92,1269.5
1400,18,94,1255.6
1400,18,96,1269.7
1400,18,98,1255.2
1400,18,100,1269.4
1400,18,102,1255.5
1400,18,104,1241.0
1400,18,106,1255.1
1400,18,108,1241.4
1400,18,110,1255.4
1400,18,112,1240.2
1400,18,114,1241.3
1400,18,116,1241.2
1400,18,118,1227.1
1400,18,120,1227.2
1400,18,122,1197.6
1400,18,124,1213.1
1400,18,126,1213.2
1400,18,128,1213.6
1400,18,130,1213.0
1400,18,132,1184.6
1400,18,134,1213.5
1400,18,136,1199.2
1400,18,138,1172.6
1400,18,140,1199.7
1400,18,142,1171.0
1400,18,144,1199.5
1400,18,146,1186.0
1400,18,148,1157.5
1400,18,150,1185.9
1400,18,152,1158.2
1400,18,154,1186.4
1400,18,156,1144.6
1400,18,158,1145.0
1400,18,160,1172.8
1400,18,162,1144.6
1400,18,164,1117.6
1400,18,166,1132.0
1400,18,168,1104.2
1400,18,170,1159.3
1400,18,172,1132.0
1400,18,174,1079.8
1400,18,176,1092.5
1400,18,178,1119.4
1400,18,180,1146.6
1400,20,0,1406.4
1400,20,2,1344.3
1400,20,4,1359.6
1400,20,6,1406.1
1400,20,8,1359.6
1400,20,10,1390.3
1400,20,12,1359.3
1400,20,14,1344.0
1400,20,16,1406.1
1400,20,18,1344.3
1400,20,20,1375.0
1400,20,22,1406.4
1400,20,24,1341.9
1400,20,26,1390.6
1400,20,28,1344.0
1400,20,30,1375.0
1400,20,32,1390.2
1400,20,34,1341.7
1400,20,36,1374.7
1400,20,38,1359.4
1400,20,40,1359.3
1400,20,42,1374.9
1400,20,44,1326.8
1400,20,46,1359.5
1400,20,48,1343.7
1400,20,50,1359.3
1400,20,52,1328.9
1400,20,54,1313.9
1400,20,56,1343.9
1400,20,58,1312.6
1400,20,60,1344.4
1400,20,62,1314.4
1400,20,64,1329.2
1400,20,66,1329.1
1400,20,68,1299.6
1400,20,70,1314.4
1400,20,72,1314.1
1400,20,74,1314.0
1400,20,76,1313.8
1400,20,78,1284.7
1400,20,80,1299.3
1400,20,82,1285.0
1400,20,84,1299.6
1400,20,86,1299.3
1400,20,88,1270.6
1400,20,90,1284.8
1400,20,92,1270.2
1400,20,94,1284.6
1400,20,96,1270.4
1400,20,98,1255.9
1400,20,100,1270.1
1400,20,102,1256.0
1400,20,104,1270.4
1400,20,106,1255.8
1400,20,108,1256.1
1400,20,110,1256.1
1400,20,112,1241.7
1400,20,114,1242.0
1400,20,116,1242.0
1400,20,118,1241.7
1400,20,120,1241.5
1400,20,122,1242.1
1400,20,124,1227.6
1400,20,126,1227.4
1400,20,128,1228.1
1400,20,130,1227.8
1400,20,132,1185.2
1400,20,134,1214.2
1400,20,136,1200.0
1400,20,138,1214.0
1400,20,140,1200.4
1400,20,142,1171.8
1400,20,144,1200.3
1400,20,146,1186.8
1400,20,148,1200.6
1400,20,150,1186.6
1400,20,152,1158.9
1400,20,154,1187.1
1400,20,156,1173.0
1400,20,158,1158.9
1400,20,160,1173.6
1400,20,162,1145.3
1400,20,164,1173.3
1400,20,166,1160.2
1400,20,168,1132.0
1400,20,170,1160.1
1400,20,172,1132.8
1400,20,174,1132.6
1400,20,176,1120.2
1400,20,178,1120.2
1400,20,180,1147.4
1400,22,0,1407.1
1400,22,2,1345.0
1400,22,4,1360.3
1400,22,6,1406.7
1400,22,8,1360.3
1400,22,10,1390.9
1400,22,12,1360.0
1400,22,14,1344.7
1400,22,16,1406.7
1400,22,18,1345.0
1400,22,20,1375.6
1400,22,22,1407.1
1400,22,24,1342.6
1400,22,26,1391.3
1400,22,28,1344.7
1400,22,30,1375.6
1400,22,32,1390.9
1400,22,34,1342.3
1400,22,36,1391.3
1400,22,38,1360.1
1400,22,40,1359.9
1400,22,42,1375.6
1400,22,44,1344.7
1400,22,46,1360.2
1400,22,48,1344.4
1400,22,50,1360.0
1400,22,52,1359.8
1400,22,54,1314.6
1400,22,56,1344.6
1400,22,58,1328.8
1400,22,60,1345.0
1400,22,62,1344.7
1400,22,64,1329.9
1400,22,66,1329.7
1400,22,68,1329.5
1400,22,70,1329.5
1400,22,72,1314.8
1400,22,74,1314.7
1400,22,76,1314.5
1400,22,78,1315.0
1400,22,80,1314.8
1400,22,82,1285.7
1400,22,84,1300.3
1400,22,86,1299.9
1400,22,88,1299.9
1400,22,90,1285.5
1400,22,92,1270.9
1400,22,94,1285.3
1400,22,96,1284.9
1400,22,98,1285.6
1400,22,100,1270.6
1400,22,102,1270.4
1400,22,104,1271.2
1400,22,106,1270.7
1400,22,108,1256.8
1400,22,110,1256.8
1400,22,112,1256.5
1400,22,114,1256.4
1400,22,116,1242.7
1400,22,118,1242.4
1400,22,120,1242.2
1400,22,122,1242.9
1400,22,124,1242.5
1400,22,126,1228.3
1400,22,128,1228.8
1400,22,130,1228.6
1400,22,132,1228.5
1400,22,134,1215.0
1400,22,136,1214.5
1400,22,138,1214.7
1400,22,140,1214.3
1400,22,142,1215.0
1400,22,144,1201.0
1400,22,146,1187.5
1400,22,148,1201.1
1400,22,150,1187.4
1400,22,152,1174.0
1400,22,154,1187.9
1400,22,156,1173.8
1400,22,158,1159.7
1400,22,160,1174.4
1400,22,162,1146.1
1400,22,164,1174.1
1400,22,166,1161.0
1400,22,168,1174.2
1400,22,170,1160.9
1400,22,172,1133.6
1400,22,174,1148.2
1400,22,176,1147.5
1400,22,178,1133.6
1400,22,180,1148.2
1400,24,0,1407.7
1400,24,2,1345.7
1400,24,4,1361.0
1400,24,6,1407.4
1400,24,8,1361.0
1400,24,10,1391.6
1400,24,12,1360.6
1400,24,14,1345.7
1400,24,16,1407.4
1400,24,18,1345.7
1400,24,20,1376.3
1400,24,22,1407.7
1400,24,24,1343.2
1400,24,26,1391.9
1400,24,28,1345.4
1400,24,30,1376.3
1400,24,32,1391.5
1400,24,34,1343.0
1400,24,36,1391.9
1400,24,38,1391.8
1400,24,40,1376.3
1400,24,42,1376.3
1400,24,44,1345.4
1400,24,46,1376.0
1400,24,48,1345.1
1400,24,50,1360.6
1400,24,52,1360.4
1400,24,54,1330.5
1400,24,56,1360.9
1400,24,58,1330.2
1400,24,60,1345.7
1400,24,62,1345.4
1400,24,64,1345.4
1400,24,66,1330.4
1400,24,68,1330.1
1400,24,70,1330.2
1400,24,72,1329.9
1400,24,74,1315.4
1400,24,76,1315.0
1400,24,78,1315.7
1400,24,80,1315.5
1400,24,82,1315.3
1400,24,84,1301.0
1400,24,86,1300.7
1400,24,88,1300.6
1400,24,90,1300.3
1400,24,92,1301.0
1400,24,94,1285.7
1400,24,96,1285.6
1400,24,98,1286.3
1400,24,100,1286.0
1400,24,102,1271.8
1400,24,104,1271.9
1400,24,106,1271.4
1400,24,108,1271.4
1400,24,110,1257.4
1400,24,112,1257.3
1400,24,114,1257.2
1400,24,116,1257.6
1400,24,118,1257.4
1400,24,120,1242.8
1400,24,122,1243.6
1400,24,124,1243.3
1400,24,126,1243.2
1400,24,128,1229.6
1400,24,130,1229.3
1400,24,132,1229.3
1400,24,134,1228.8
1400,24,136,1229.5
1400,24,138,1215.4
1400,24,140,1215.1
1400,24,142,1215.7
1400,24,144,1215.3
1400,24,146,1201.8
1400,24,148,1201.8
1400,24,150,1201.6
1400,24,152,1201.6
1400,24,154,1202.1
1400,24,156,1188.0
1400,24,158,1187.9
1400,24,160,1188.5
1400,24,162,1188.2
1400,24,164,1174.3
1400,24,166,1175.0
1400,24,168,1174.9
1400,24,170,1174.9
1400,24,172,1161.7
1400,24,174,1161.4
1400,24,176,1161.5
1400,24,178,1161.3
1400,24,180,1162.0
1400,26,0,1408.3
1400,26,2,1346.3
1400,26,4,1361.6
1400,26,6,1408.0
1400,26,8,1361.6
1400,26,10,1392.2
1400,26,12,1361.3
1400,26,14,1346.4
1400,26,16,1408.0
1400,26,18,1361.3
1400,26,20,1376.9
1400,26,22,1408.3
1400,26,24,1345.9
1400,26,26,1392.6
1400,26,28,1361.4
1400,26,30,1377.0
1400,26,32,1392.2
1400,26,34,1343.7
1400,26,36,1392.6
1400,26,38,1392.4
1400,26,40,1377.0
1400,26,42,1376.9
1400,26,44,1346.1
1400,26,46,1376.7
1400,26,48,1376.4
1400,26,50,1361.3
1400,26,52,1361.1
1400,26,54,1360.8
1400,26,56,1361.5
1400,26,58,1361.2
1400,26,60,1346.4
1400,26,62,1346.1
1400,26,64,1346.0
1400,26,66,1345.8
1400,26,68,1330.1
1400,26,70,1330.8
1400,26,72,1330.6
1400,26,74,1331.2
1400,26,76,1331.0
1400,26,78,1316.4
1400,26,80,1316.1
1400,26,82,1315.9
1400,26,84,1315.9
1400,26,86,1301.2
1400,26,88,1301.3
1400,26,90,1301.0
1400,26,92,1301.7
1400,26,94,1301.4
1400,26,96,1286.3
1400,26,98,1287.0
1400,26,100,1286.7
1400,26,102,1286.6
1400,26,104,1272.5
1400,26,106,1272.2
1400,26,108,1272.1
1400,26,110,1271.8
1400,26,112,1272.4
1400,26,114,1257.9
1400,26,116,1258.3
1400,26,118,1258.2
1400,26,120,1258.1
1400,26,122,1244.3
1400,26,124,1244.0
1400,26,126,1243.9
1400,26,128,1243.5
1400,26,130,1244.2
1400,26,132,1230.0
1400,26,134,1229.4
1400,26,136,1230.3
1400,26,138,1229.8
1400,26,140,1216.3
1400,26,142,1216.4
1400,26,144,1215.8
1400,26,146,1215.9
1400,26,148,1216.6
1400,26,150,1202.3
1400,26,152,1202.1
1400,26,154,1202.9
1400,26,156,1202.5
1400,26,158,1188.6
1400,26,160,1189.3
1400,26,162,1189.0
1400,26,164,1188.9
1400,26,166,1175.8
1400,26,168,1175.7
1400,26,170,1175.6
1400,26,172,1175.2
1400,26,174,1175.9
1400,26,176,1162.3
1400,26,178,1162.3
1400,26,180,1162.8
1400,28,0,1409.0
1400,28,2,1362.3
1400,28,4,1362.3
1400,28,6,1408.7
1400,28,8,1362.3
1400,28,10,1392.7
1400,28,12,1361.9
1400,28,14,1347.1
1400,28,16,1408.7
1400,28,18,1361.9
1400,28,20,1377.6
1400,28,22,1409.0
1400,28,24,1346.6
1400,28,26,1393.2
1400,28,28,1362.0
1400,28,30,1377.6
1400,28,32,1392.8
1400,28,34,1344.3
1400,28,36,1393.2
1400,28,38,1393.1
1400,28,40,1377.6
1400,28,42,1392.9
1400,28,44,1346.7
1400,28,46,1377.3
1400,28,48,1377.1
1400,28,50,1361.9
1400,28,52,1377.6
1400,28,54,1360.8
1400,28,56,1362.1
1400,28,58,1361.9
1400,28,60,1361.9
1400,28,62,1346.7
1400,28,64,1346.7
1400,28,66,1346.5
1400,28,68,1346.2
1400,28,70,1346.9
1400,28,72,1331.2
1400,28,74,1331.9
1400,28,76,1331.6
1400,28,78,1331.7
1400,28,80,1316.8
1400,28,82,1316.7
1400,28,84,1316.6
1400,28,86,1316.2
1400,28,88,1317.0
1400,28,90,1301.6
1400,28,92,1302.4
1400,28,94,1302.1
1400,28,96,1302.0
1400,28,98,1287.7
1400,28,100,1287.2
1400,28,102,1287.3
1400,28,104,1287.0
1400,28,106,1287.7
1400,28,108,1272.8
1400,28,110,1273.3
1400,28,112,1273.1
1400,28,114,1272.8
1400,28,116,1259.1
1400,28,118,1258.9
1400,28,120,1258.8
1400,28,122,1258.4
1400,28,124,1259.1
1400,28,126,1244.7
1400,28,128,1244.3
1400,28,130,1244.9
1400,28,132,1244.5
1400,28,134,1230.8
1400,28,136,1231.0
1400,28,138,1230.5
1400,28,140,1230.5
1400,28,142,1216.9
1400,28,144,1216.7
1400,28,146,1216.7
1400,28,148,1217.3
1400,28,150,1216.9
1400,28,152,1202.6
1400,28,154,1203.6
1400,28,156,1202.5
1400,28,158,1203.2
1400,28,160,1190.0
1400,28,162,1189.7
1400,28,164,1189.5
1400,28,166,1189.2
1400,28,168,1189.9
1400,28,170,1176.4
1400,28,172,1176.6
1400,28,174,1176.6
1400,28,176,1176.2
1400,28,178,1163.2
1400,28,180,1163.6
1400,30,0,1409.6
1400,30,2,1362.9
1400,30,4,1362.9
1400,30,6,1409.3
1400,30,8,1362.9
1400,30,10,1393.5
1400,30,12,1362.6
1400,30,14,1347.7
1400,30,16,1409.3
1400,30,18,1362.6
1400,30,20,1378.2
1400,30,22,1409.6
1400,30,24,1347.2
1400,30,26,1393.9
1400,30,28,1362.7
1400,30,30,1378.3
1400,30,32,1393.5
1400,30,34,1347.4
1400,30,36,1393.9
1400,30,38,1393.7
1400,30,40,1378.3
1400,30,42,1393.6
1400,30,44,1347.4
1400,30,46,1378.0
1400,30,48,1377.8
1400,30,50,1362.6
1400,30,52,1378.2
1400,30,54,1360.8
1400,30,56,1362.8
1400,30,58,1362.5
1400,30,60,1362.6
1400,30,62,1362.3
1400,30,64,1347.4
1400,30,66,1347.0
1400,30,68,1346.8
1400,30,70,1347.6
1400,30,72,1347.3
1400,30,74,1332.5
1400,30,76,1332.3
1400,30,78,1332.3
1400,30,80,1332.1
1400,30,82,1332.7
1400,30,84,1317.3
1400,30,86,1316.9
1400,30,88,1317.6
1400,30,90,1317.4
1400,30,92,1303.1
1400,30,94,1302.8
1400,30,96,1302.7
1400,30,98,1302.4
1400,30,100,1303.1
1400,30,102,1288.0
1400,30,104,1287.7
1400,30,106,1288.4
1400,30,108,1288.1
1400,30,110,1274.0
1400,30,112,1273.8
1400,30,114,1273.7
1400,30,116,1273.5
1400,30,118,1259.4
1400,30,120,1259.5
1400,30,122,1259.1
1400,30,124,1259.8
1400,30,126,1259.4
1400,30,128,1245.0
1400,30,130,1245.6
1400,30,132,1245.3
1400,30,134,1245.2
1400,30,136,1231.7
1400,30,138,1231.3
1400,30,140,1231.0
1400,30,142,1231.7
1400,30,144,1231.5
1400,30,146,1217.4
1400,30,148,1218.0
1400,30,150,1217.7
1400,30,152,1217.5
1400,30,154,1204.4
1400,30,156,1204.0
1400,30,158,1203.9
1400,30,160,1203.5
1400,30,162,1204.2
1400,30,164,1190.0
1400,30,166,1190.7
1400,30,168,1190.7
1400,30,170,1190.5
1400,30,172,1177.3
1400,30,174,1177.4
1400,30,176,1177.1
1400,30,178,1176.7
1400,30,180,1177.6
1400,32,0,1410.2
1400,32,2,1363.6
1400,32,4,1363.6
1400,32,6,1409.9
1400,32,8,1363.6
1400,32,10,1394.2
1400,32,12,1363.3
1400,32,14,1348.4
1400,32,16,1409.9
1400,32,18,1363.3
1400,32,20,1378.9
1400,32,22,1410.2
1400,32,24,1347.9
1400,32,26,1394.5
1400,32,28,1394.3
1400,32,30,1378.9
1400,32,32,1394.1
1400,32,34,1348.1
1400,32,36,1394.5
1400,32,38,1409.9
1400,32,40,1378.9
1400,32,42,1394.2
1400,32,44,1348.1
1400,32,46,1378.6
1400,32,48,1394.4
1400,32,50,1363.3
1400,32,52,1378.9
1400,32,54,1378.6
1400,32,56,1378.6
1400,32,58,1363.2
1400,32,60,1363.3
1400,32,62,1363.0
1400,32,64,1363.6
1400,32,66,1363.4
1400,32,68,1348.3
1400,32,70,1348.3
1400,32,72,1348.0
1400,32,74,1347.9
1400,32,76,1332.8
1400,32,78,1333.0
1400,32,80,1332.7
1400,32,82,1333.3
1400,32,84,1333.1
1400,32,86,1317.6
1400,32,88,1318.3
1400,32,90,1318.0
1400,32,92,1318.0
1400,32,94,1303.5
1400,32,96,1303.4
1400,32,98,1303.1
1400,32,100,1303.7
1400,32,102,1303.4
1400,32,104,1288.4
1400,32,106,1289.1
1400,32,108,1288.8
1400,32,110,1288.7
1400,32,112,1274.5
1400,32,114,1274.4
1400,32,116,1274.2
1400,32,118,1274.7
1400,32,120,1274.5
1400,32,122,1259.9
1400,32,124,1260.6
1400,32,126,1260.1
1400,32,128,1260.1
1400,32,130,1246.3
1400,32,132,1245.8
1400,32,134,1246.0
1400,32,136,1245.5
1400,32,138,1246.2
1400,32,140,1231.8
1400,32,142,1232.5
1400,32,144,1232.3
1400,32,146,1232.2
1400,32,148,1218.8
1400,32,150,1218.4
1400,32,152,1218.3
1400,32,154,1217.9
1400,32,156,1218.6
1400,32,158,1204.7
1400,32,160,1204.9
1400,32,162,1204.9
1400,32,164,1204.8
1400,32,166,1191.4
1400,32,168,1191.4
1400,32,170,1191.3
1400,32,172,1190.9
1400,32,174,1191.5
1400,32,176,1177.9
1400,32,178,1177.9
1400,32,180,1178.3
1400,34,0,1410.9
1400,34,2,1364.3
1400,34,4,1364.3
1400,34,6,1410.6
1400,34,8,1364.3
1400,34,10,1394.8
1400,34,12,1394.6
1400,34,14,1349.1
1400,34,16,1410.6
1400,34,18,1364.0
1400,34,20,1379.6
1400,34,22,1410.9
1400,34,24,1348.6
1400,34,26,1395.2
1400,34,28,1410.6
1400,34,30,1379.6
1400,34,32,1394.8
1400,34,34,1348.7
1400,34,36,1395.2
1400,34,38,1410.6
1400,34,40,1379.6
1400,34,42,1394.8
1400,34,44,1394.6
1400,34,46,1379.3
1400,34,48,1395.0
1400,34,50,1363.9
1400,34,52,1379.5
1400,34,54,1379.3
1400,34,56,1379.3
1400,34,58,1379.1
1400,34,60,1363.9
1400,34,62,1363.7
1400,34,64,1364.2
1400,34,66,1364.1
1400,34,68,1363.8
1400,34,70,1348.9
1400,34,72,1348.6
1400,34,74,1348.6
1400,34,76,1348.4
1400,34,78,1349.1
1400,34,80,1333.4
1400,34,82,1334.0
1400,34,84,1333.8
1400,34,86,1333.5
1400,34,88,1319.0
1400,34,90,1318.7
1400,34,92,1318.7
1400,34,94,1318.4
1400,34,96,1319.1
1400,34,98,1303.8
1400,34,100,1304.4
1400,34,102,1304.1
1400,34,104,1303.9
1400,34,106,1289.8
1400,34,108,1289.3
1400,34,110,1289.4
1400,34,112,1275.2
1400,34,114,1289.8
1400,34,116,1274.9
1400,34,118,1275.4
1400,34,120,1275.2
1400,34,122,1260.6
1400,34,124,1261.3
1400,34,126,1260.7
1400,34,128,1260.8
1400,34,130,1260.4
1400,34,132,1261.1
1400,34,134,1246.7
1400,34,136,1247.0
1400,34,138,1246.9
1400,34,140,1246.5
1400,34,142,1233.2
1400,34,144,1233.0
1400,34,146,1232.9
1400,34,148,1232.5
1400,34,150,1233.1
1400,34,152,1219.0
1400,34,154,1219.3
1400,34,156,1219.1
1400,34,158,1218.9
1400,34,160,1205.7
1400,34,162,1205.4
1400,34,164,1205.5
1400,34,166,1205.1
1400,34,168,1205.7
1400,34,170,1192.0
1400,34,172,1191.7
1400,34,174,1192.3
1400,34,176,1191.9
1400,34,178,1178.7
1400,34,180,1179.1
1400,36,0,1411.5
1400,36,2,1364.9
1400,36,4,1364.9
1400,36,6,1411.2
1400,36,8,1364.9
1400,36,10,1395.4
1400,36,12,1395.3
1400,36,14,1349.7
1400,36,16,1411.2
1400,36,18,1364.7
1400,36,20,1380.2
1400,36,22,1411.5
1400,36,24,1349.2
1400,36,26,1395.8
1400,36,28,1411.2
1400,36,30,1380.2
1400,36,32,1395.4
1400,36,34,1349.4
1400,36,36,1395.8
1400,36,38,1411.2
1400,36,40,1380.3
1400,36,42,1395.5
1400,36,44,1411.5
1400,36,46,1380.0
1400,36,48,1395.7
1400,36,50,1380.2
1400,36,52,1395.5
1400,36,54,1379.9
1400,36,56,1380.0
1400,36,58,1379.7
1400,36,60,1364.6
1400,36,62,1380.2
1400,36,64,1364.9
1400,36,66,1364.7
1400,36,68,1364.4
1400,36,70,1349.6
1400,36,72,1349.2
1400,36,74,1349.3
1400,36,76,1349.0
1400,36,78,1349.7
1400,36,80,1349.5
1400,36,82,1334.7
1400,36,84,1334.5
1400,36,86,1334.2
1400,36,88,1334.2
1400,36,90,1319.3
1400,36,92,1319.3
1400,36,94,1319.1
1400,36,96,1319.8
1400,36,98,1319.5
1400,36,100,1305.1
1400,36,102,1304.8
1400,36,104,1304.7
1400,36,106,1304.6
1400,36,108,1290.0
1400,36,110,1290.1
1400,36,112,1289.7
1400,36,114,1290.5
1400,36,116,1290.2
1400,36,118,1276.1
1400,36,120,1275.9
1400,36,122,1275.8
1400,36,124,1275.5
1400,36,126,1276.2
1400,36,128,1261.4
1400,36,130,1261.2
1400,36,132,1261.8
1400,36,134,1261.5
1400,36,136,1247.8
1400,36,138,1247.7
1400,36,140,1247.5
1400,36,142,1247.2
1400,36,144,1247.9
1400,36,146,1233.6
1400,36,148,1233.0
1400,36,150,1233.9
1400,36,152,1233.5
1400,36,154,1220.1
1400,36,156,1219.9
1400,36,158,1219.8
1400,36,160,1219.6
1400,36,162,1220.2
1400,36,164,1206.3
1400,36,166,1205.9
1400,36,168,1206.5
1400,36,170,1206.0
1400,36,172,1192.8
1400,36,174,1193.0
1400,36,176,1192.7
1400,36,178,1192.5
1400,36,180,1193.2
1400,38,0,1412.2
1400,38,2,1365.6
1400,38,4,1365.6
1400,38,6,1411.8
1400,38,8,1365.6
1400,38,10,1396.1
1400,38,12,1395.9
1400,38,14,1365.0
1400,38,16,1411.8
1400,38,18,1365.3
1400,38,20,1380.9
1400,38,22,1412.2
1400,38,24,1349.9
1400,38,26,1396.5
1400,38,28,1411.8
1400,38,30,1380.9
1400,38,32,1396.1
1400,38,34,1350.1
1400,38,36,1396.5
1400,38,38,1411.8
1400,38,40,1380.9
1400,38,42,1396.1
1400,38,44,1412.2
1400,38,46,1380.6
1400,38,48,1396.3
1400,38,50,1380.9
1400,38,52,1396.1
1400,38,54,1396.0
1400,38,56,1380.6
1400,38,58,1380.4
1400,38,60,1365.2
1400,38,62,1380.8
1400,38,64,1380.6
1400,38,66,1365.4
1400,38,68,1365.1
1400,38,70,1365.1
1400,38,72,1364.9
1400,38,74,1365.6
1400,38,76,1349.7
1400,38,78,1350.4
1400,38,80,1350.2
1400,38,82,1349.8
1400,38,84,1335.0
1400,38,86,1334.8
1400,38,88,1334.9
1400,38,90,1334.6
1400,38,92,1335.2
1400,38,94,1319.7
1400,38,96,1320.5
1400,38,98,1320.1
1400,38,100,1320.2
1400,38,102,1305.5
1400,38,104,1305.4
1400,38,106,1305.2
1400,38,108,1304.9
1400,38,110,1305.6
1400,38,112,1290.4
1400,38,114,1291.2
1400,38,116,1290.9
1400,38,118,1290.8
1400,38,120,1276.6
1400,38,122,1276.5
1400,38,124,1276.2
1400,38,126,1276.9
1400,38,128,1276.6
1400,38,130,1262.5
1400,38,132,1262.5
1400,38,134,1262.2
1400,38,136,1262.2
1400,38,138,1248.3
1400,38,140,1248.2
1400,38,142,1247.9
1400,38,144,1248.6
1400,38,146,1248.3
1400,38,148,1234.5
1400,38,150,1234.6
1400,38,152,1234.2
1400,38,154,1234.2
1400,38,156,1220.6
1400,38,158,1220.5
1400,38,160,1220.3
1400,38,162,1221.0
1400,38,164,1220.6
1400,38,166,1207.1
1400,38,168,1207.2
1400,38,170,1206.9
1400,38,172,1206.8
1400,38,174,1207.4
1400,38,176,1193.4
1400,38,178,1193.6
1400,38,180,1193.9
1400,40,0,1412.8
1400,40,2,1366.2
1400,40,4,1366.2
1400,40,6,1412.5
1400,40,8,1366.2
1400,40,10,1396.5
1400,40,12,1396.6
1400,40,14,1365.7
1400,40,16,1412.5
1400,40,18,1366.0
1400,40,20,1381.5
1400,40,22,1412.8
1400,40,24,1350.6
1400,40,26,1397.1
1400,40,28,1412.5
1400,40,30,1381.5
1400,40,32,1396.7
1400,40,34,1350.7
1400,40,36,1397.1
1400,40,38,1412.5
1400,40,40,1381.6
1400,40,42,1396.8
1400,40,44,1412.8
1400,40,46,1381.3
1400,40,48,1397.0
1400,40,50,1381.5
1400,40,52,1396.8
1400,40,54,1396.6
1400,40,56,1381.3
1400,40,58,1397.1
1400,40,60,1365.9
1400,40,62,1381.5
1400,40,64,1381.2
1400,40,66,1381.3
1400,40,68,1365.8
1400,40,70,1365.7
1400,40,72,1365.6
1400,40,74,1366.2
1400,40,76,1366.0
1400,40,78,1351.1
1400,40,80,1350.8
1400,40,82,1350.5
1400,40,84,1350.6
1400,40,86,1335.6
1400,40,88,1335.6
1400,40,90,1335.2
1400,40,92,1335.9
1400,40,94,1335.7
1400,40,96,1321.2
1400,40,98,1320.8
1400,40,100,1320.9
1400,40,102,1320.5
1400,40,104,1321.2
1400,40,106,1305.7
1400,40,108,1306.4
1400,40,110,1306.3
1400,40,112,1291.0
1400,40,114,1291.9
1400,40,116,1291.3
1400,40,118,1291.5
1400,40,120,1291.2
1400,40,122,1291.9
1400,40,124,1276.9
1400,40,126,1277.6
1400,40,128,1277.3
1400,40,130,1277.3
1400,40,132,1263.2
1400,40,134,1262.8
1400,40,136,1262.9
1400,40,138,1262.5
1400,40,140,1263.2
1400,40,142,1248.6
1400,40,144,1249.4
1400,40,146,1249.0
1400,40,148,1248.6
1400,40,150,1235.3
1400,40,152,1234.9
1400,40,154,1234.7
1400,40,156,1235.4
1400,40,158,1235.1
1400,40,160,1221.0
1400,40,162,1221.7
1400,40,164,1221.2
1400,40,166,1221.2
1400,40,168,1208.0
1400,40,170,1207.6
1400,40,172,1207.3
1400,40,174,1208.1
1400,40,176,1207.7
1400,40,178,1194.3
1400,40,180,1194.7
1400,42,0,1413.4
1400,42,2,1366.9
1400,42,4,1366.9
1400,42,6,1413.1
1400,42,8,1366.9
1400,42,10,1397.1
1400,42,12,1397.2
1400,42,14,1366.3
1400,42,16,1413.1
1400,42,18,1366.7
1400,42,20,1382.2
1400,42,22,1413.4
1400,42,24,1351.2
1400,42,26,1397.7
1400,42,28,1413.1
1400,42,30,1382.2
1400,42,32,1397.2
1400,42,34,1366.1
1400,42,36,1397.7
1400,42,38,1413.1
1400,42,40,1382.2
1400,42,42,1397.4
1400,42,44,1413.4
1400,42,46,1381.9
1400,42,48,1397.6
1400,42,50,1382.2
1400,42,52,1397.4
1400,42,54,1397.3
1400,42,56,1381.9
1400,42,58,1397.7
1400,42,60,1397.5
1400,42,62,1382.1
1400,42,64,1381.9
1400,42,66,1381.9
1400,42,68,1381.7
1400,42,70,1366.4
1400,42,72,1366.2
1400,42,74,1366.9
1400,42,76,1366.6
1400,42,78,1366.4
1400,42,80,1351.5
1400,42,82,1351.1
1400,42,84,1351.1
1400,42,86,1351.0
1400,42,88,1336.2
1400,42,90,1335.9
1400,42,92,1336.6
1400,42,94,1336.3
1400,42,96,1336.4
1400,42,98,1321.5
1400,42,100,1321.5
1400,42,102,1321.3
1400,42,104,1321.9
1400,42,106,1321.6
1400,42,108,1307.1
1400,42,110,1307.0
1400,42,112,1306.7
1400,42,114,1306.7
1400,42,116,1292.1
1400,42,118,1292.2
1400,42,120,1291.8
1400,42,122,1292.6
1400,42,124,1292.3
1400,42,126,1278.3
1400,42,128,1278.0
1400,42,130,1278.0
1400,42,132,1277.6
1400,42,134,1278.3
1400,42,136,1263.6
1400,42,138,1264.0
1400,42,140,1263.9
1400,42,142,1263.5
1400,42,144,1250.1
1400,42,146,1249.7
1400,42,148,1249.5
1400,42,150,1249.3
1400,42,152,1249.9
1400,42,154,1235.4
1400,42,156,1236.1
1400,42,158,1235.8
1400,42,160,1235.8
1400,42,162,1222.5
1400,42,164,1221.2
1400,42,166,1221.9
1400,42,168,1221.5
1400,42,170,1222.3
1400,42,172,1208.1
1400,42,174,1208.9
1400,42,176,1208.5
1400,42,178,1208.3
1400,42,180,1195.4
1400,44,0,1414.1
1400,44,2,1367.6
1400,44,4,1367.6
1400,44,6,1413.8
1400,44,8,1367.6
1400,44,10,1397.8
1400,44,12,1397.8
1400,44,14,1367.0
1400,44,16,1413.8
1400,44,18,1367.3
1400,44,20,1382.8
1400,44,22,1414.1
1400,44,24,1351.9
1400,44,26,1398.4
1400,44,28,1413.8
1400,44,30,1382.9
1400,44,32,1397.8
1400,44,34,1397.8
1400,44,36,1398.4
1400,44,38,1413.8
1400,44,40,1382.9
1400,44,42,1398.1
1400,44,44,1414.1
1400,44,46,1382.6
1400,44,48,1398.2
1400,44,50,1413.8
1400,44,52,1398.1
1400,44,54,1397.9
1400,44,56,1382.6
1400,44,58,1398.4
1400,44,60,1398.1
1400,44,62,1382.8
1400,44,64,1382.5
1400,44,66,1382.6
1400,44,68,1382.3
1400,44,70,1382.0
1400,44,72,1382.8
1400,44,74,1367.6
1400,44,76,1367.3
1400,44,78,1367.1
1400,44,80,1367.1
1400,44,82,1352.0
1400,44,84,1351.8
1400,44,86,1351.6
1400,44,88,1352.2
1400,44,90,1352.0
1400,44,92,1337.3
1400,44,94,1337.0
1400,44,96,1337.1
1400,44,98,1336.8
1400,44,100,1337.4
1400,44,102,1322.0
1400,44,104,1322.6
1400,44,106,1322.3
1400,44,108,1322.0
1400,44,110,1307.6
1400,44,112,1307.4
1400,44,114,1307.4
1400,44,116,1307.0
1400,44,118,1307.7
1400,44,120,1292.5
1400,44,122,1293.3
1400,44,124,1293.0
1400,44,126,1292.9
1400,44,128,1278.7
1400,44,130,1278.7
1400,44,132,1278.3
1400,44,134,1279.0
1400,44,136,1278.6
1400,44,138,1264.7
1400,44,140,1264.7
1400,44,142,1264.4
1400,44,144,1264.2
1400,44,146,1250.4
1400,44,148,1250.2
1400,44,150,1249.9
1400,44,152,1250.7
1400,44,154,1250.3
1400,44,156,1236.8
1400,44,158,1236.6
1400,44,160,1236.6
1400,44,162,1236.2
1400,44,164,1236.8
1400,44,166,1222.6
1400,44,168,1223.0
1400,44,170,1223.0
1400,44,172,1222.8
1400,44,174,1209.6
1400,44,176,1209.2
1400,44,178,1209.5
1400,44,180,1208.8
1400,46,0,1414.7
1400,46,2,1368.2
1400,46,4,1368.2
1400,46,6,1414.4
1400,46,8,1368.2
1400,46,10,1398.7
1400,46,12,1398.4
1400,46,14,1367.6
1400,46,16,1414.4
1400,46,18,1368.0
1400,46,20,1383.5
1400,46,22,1414.7
1400,46,24,1352.5
1400,46,26,1399.0
1400,46,28,1414.4
1400,46,30,1383.5
1400,46,32,1414.7
1400,46,34,1398.4
1400,46,36,1399.0
1400,46,38,1414.4
1400,46,40,1383.5
1400,46,42,1398.7
1400,46,44,1414.7
1400,46,46,1383.2
1400,46,48,1398.9
1400,46,50,1414.4
1400,46,52,1398.7
1400,46,54,1398.6
1400,46,56,1383.2
1400,46,58,1399.0
1400,46,60,1398.8
1400,46,62,1383.4
1400,46,64,1398.6
1400,46,66,1383.2
1400,46,68,1383.0
1400,46,70,1382.7
1400,46,72,1383.4
1400,46,74,1383.2
1400,46,76,1368.0
1400,46,78,1367.7
1400,46,80,1367.7
1400,46,82,1367.5
1400,46,84,1368.2
1400,46,86,1352.3
1400,46,88,1352.9
1400,46,90,1352.6
1400,46,92,1352.7
1400,46,94,1337.6
1400,46,96,1337.7
1400,46,98,1337.4
1400,46,100,1338.1
1400,46,102,1337.8
1400,46,104,1323.2
1400,46,106,1322.9
1400,46,108,1322.9
1400,46,110,1308.3
1400,46,112,1308.1
1400,46,114,1308.1
1400,46,116,1307.7
1400,46,118,1308.4
1400,46,120,1308.1
1400,46,122,1293.9
1400,46,124,1293.7
1400,46,126,1293.6
1400,46,128,1293.3
1400,46,130,1293.9
1400,46,132,1279.0
1400,46,134,1279.7
1400,46,136,1279.3
1400,46,138,1279.4
1400,46,140,1265.4
1400,46,142,1265.1
1400,46,144,1264.9
1400,46,146,1265.5
1400,46,148,1265.3
1400,46,150,1251.3
1400,46,152,1251.4
1400,46,154,1251.0
1400,46,156,1251.0
1400,46,158,1237.3
1400,46,160,1237.3
1400,46,162,1236.9
1400,46,164,1237.5
1400,46,166,1237.1
1400,46,168,1223.7
1400,46,170,1223.7
1400,46,172,1223.6
1400,46,174,1223.2
1400,46,176,1223.9
1400,46,178,1210.2
1400,46,180,1210.2
1400,48,0,1415.3
1400,48,2,1368.9
1400,48,4,1368.9
1400,48,6,1415.0
1400,48,8,1368.9
1400,48,10,1399.0
1400,48,12,1398.5
1400,48,14,1368.3
1400,48,16,1415.0
1400,48,18,1368.6
1400,48,20,1384.1
1400,48,22,1415.3
1400,48,24,1353.2
1400,48,26,1399.7
1400,48,28,1415.0
1400,48,30,1384.2
1400,48,32,1415.3
1400,48,34,1399.0
1400,48,36,1399.7
1400,48,38,1415.0
1400,48,40,1384.2
1400,48,42,1399.4
1400,48,44,1415.3
1400,48,46,1383.9
1400,48,48,1399.5
1400,48,50,1415.0
1400,48,52,1399.4
1400,48,54,1399.2
1400,48,56,1383.9
1400,48,58,1399.7
1400,48,60,1399.4
1400,48,62,1384.1
1400,48,64,1399.2
1400,48,66,1399.0
1400,48,68,1399.7
1400,48,70,1383.4
1400,48,72,1384.1
1400,48,74,1383.9
1400,48,76,1383.9
1400,48,78,1368.4
1400,48,80,1368.4
1400,48,82,1368.2
1400,48,84,1368.9
1400,48,86,1368.6
1400,48,88,1353.6
1400,48,90,1353.3
1400,48,92,1353.4
1400,48,94,1353.1
1400,48,96,1338.4
1400,48,98,1338.1
1400,48,100,1338.7
1400,48,102,1338.5
1400,48,104,1338.2
1400,48,106,1323.6
1400,48,108,1323.5
1400,48,110,1323.2
1400,48,112,1323.0
1400,48,114,1323.8
1400,48,116,1309.1
1400,48,118,1309.1
1400,48,120,1308.6
1400,48,122,1308.8
1400,48,124,1294.4
1400,48,126,1294.3
1400,48,128,1294.0
1400,48,130,1294.6
1400,48,132,1294.3
1400,48,134,1280.4
1400,48,136,1280.0
1400,48,138,1280.1
1400,48,140,1279.7
1400,48,142,1280.4
1400,48,144,1265.4
1400,48,146,1266.2
1400,48,148,1266.0
1400,48,150,1265.9
1400,48,152,1252.1
1400,48,154,1251.7
1400,48,156,1251.7
1400,48,158,1252.2
1400,48,160,1252.0
1400,48,162,1237.6
1400,48,164,1238.2
1400,48,166,1237.9
1400,48,168,1237.9
1400,48,170,1224.5
1400,48,172,1224.3
1400,48,174,1223.9
1400,48,176,1224.7
1400,48,178,1224.2
1400,48,180,1210.9
1400,50,0,1416.0
1400,50,2,1369.5
1400,50,4,1369.5
1400,50,6,1415.7
1400,50,8,1369.5
1400,50,10,1399.7
1400,50,12,1399.7
1400,50,14,1369.0
1400,50,16,1415.7
1400,50,18,1383.9
1400,50,20,1384.8
1400,50,22,1416.0
1400,50,24,1368.7
1400,50,26,1400.3
1400,50,28,1415.7
1400,50,30,1384.8
1400,50,32,1415.3
1400,50,34,1399.7
1400,50,36,1400.3
1400,50,38,1415.7
1400,50,40,1384.8
1400,50,42,1400.0
1400,50,44,1416.0
1400,50,46,1384.5
1400,50,48,1400.2
1400,50,50,1415.7
1400,50,52,1400.0
1400,50,54,1399.8
1400,50,56,1384.5
1400,50,58,1400.3
1400,50,60,1400.0
1400,50,62,1384.7
1400,50,64,1399.8
1400,50,66,1399.7
1400,50,68,1400.3
1400,50,70,1400.2
1400,50,72,1384.7
1400,50,74,1384.5
1400,50,76,1384.5
1400,50,78,1384.3
1400,50,80,1369.0
1400,50,82,1368.8
1400,50,84,1369.5
1400,50,86,1369.3
1400,50,88,1369.0
1400,50,90,1354.0
1400,50,92,1354.0
1400,50,94,1353.8
1400,50,96,1353.5
1400,50,98,1338.8
1400,50,100,1339.4
1400,50,102,1339.1
1400,50,104,1338.8
1400,50,106,1338.9
1400,50,108,1324.2
1400,50,110,1323.9
1400,50,112,1323.7
1400,50,114,1324.4
1400,50,116,1324.2
1400,50,118,1309.8
1400,50,120,1309.3
1400,50,122,1309.5
1400,50,124,1309.2
1400,50,126,1309.8
1400,50,128,1294.7
1400,50,130,1295.3
1400,50,132,1295.0
1400,50,134,1295.0
1400,50,136,1280.7
1400,50,138,1280.8
1400,50,140,1280.4
1400,50,142,1281.1
1400,50,144,1280.7
1400,50,146,1266.9
1400,50,148,1266.7
1400,50,150,1266.6
1400,50,152,1266.3
1400,50,154,1267.0
1400,50,156,1252.5
1400,50,158,1252.9
1400,50,160,1252.7
1400,50,162,1252.6
1400,50,164,1239.0
1400,50,166,1238.7
1400,50,168,1238.6
1400,50,170,1238.2
1400,50,172,1238.8
1400,50,174,1224.6
1400,50,176,1225.4
1400,50,178,1225.0
1400,50,180,1225.0
1400,52,0,1416.6
1400,52,2,1384.9
1400,52,4,1370.2
1400,52,6,1416.3
1400,52,8,1370.2
1400,52,10,1416.6
1400,52,12,1400.3
1400,52,14,1369.6
1400,52,16,1416.3
1400,52,18,1384.6
1400,52,20,1385.5
1400,52,22,1416.6
1400,52,24,1368.7
1400,52,26,1401.0
1400,52,28,1416.3
1400,52,30,1385.5
1400,52,32,1415.3
1400,52,34,1400.3
1400,52,36,1401.0
1400,52,38,1416.3
1400,52,40,1385.5
1400,52,42,1400.6
1400,52,44,1416.6
1400,52,46,1385.2
1400,52,48,1400.8
1400,52,50,1416.3
1400,52,52,1400.6
1400,52,54,1400.5
1400,52,56,1385.2
1400,52,58,1401.0
1400,52,60,1400.7
1400,52,62,1385.4
1400,52,64,1400.5
1400,52,66,1400.3
1400,52,68,1401.0
1400,52,70,1400.8
1400,52,72,1385.4
1400,52,74,1385.2
1400,52,76,1385.2
1400,52,78,1384.9
1400,52,80,1384.7
1400,52,82,1385.4
1400,52,84,1370.2
1400,52,86,1369.9
1400,52,88,1369.6
1400,52,90,1369.7
1400,52,92,1354.7
1400,52,94,1354.5
1400,52,96,1354.2
1400,52,98,1354.9
1400,52,100,1354.6
1400,52,102,1339.8
1400,52,104,1339.5
1400,52,106,1339.6
1400,52,108,1339.3
1400,52,110,1339.9
1400,52,112,1325.1
1400,52,114,1325.1
1400,52,116,1324.8
1400,52,118,1324.8
1400,52,120,1310.0
1400,52,122,1310.1
1400,52,124,1309.8
1400,52,126,1310.5
1400,52,128,1310.2
1400,52,130,1296.0
1400,52,132,1295.7
1400,52,134,1295.7
1400,52,136,1295.3
1400,52,138,1296.0
1400,52,140,1281.1
1400,52,142,1281.8
1400,52,144,1281.4
1400,52,146,1281.5
1400,52,148,1267.4
1400,52,150,1267.3
1400,52,152,1267.0
1400,52,154,1267.7
1400,52,156,1267.3
1400,52,158,1253.6
1400,52,160,1253.4
1400,52,162,1253.3
1400,52,164,1253.0
1400,52,166,1253.7
1400,52,168,1239.3
1400,52,170,1239.7
1400,52,172,1239.5
1400,52,174,1239.5
1400,52,176,1226.1
1400,52,178,1225.4
1400,52,180,1225.8
1400,54,0,1417.3
1400,54,2,1385.6
1400,54,4,1370.8
1400,54,6,1416.9
1400,54,8,1370.8
1400,54,10,1417.3
1400,54,12,1400.9
1400,54,14,1370.3
1400,54,16,1416.9
1400,54,18,1385.2
1400,54,20,1386.1
1400,54,22,1417.3
1400,54,24,1368.7
1400,54,26,1401.6
1400,54,28,1416.9
1400,54,30,1386.1
1400,54,32,1415.3
1400,54,34,1401.0
1400,54,36,1401.6
1400,54,38,1416.9
1400,54,40,1386.1
1400,54,42,1401.3
1400,54,44,1417.3
1400,54,46,1385.8
1400,54,48,1401.5
1400,54,50,1416.9
1400,54,52,1401.3
1400,54,54,1401.1
1400,54,56,1417.3
1400,54,58,1401.6
1400,54,60,1401.3
1400,54,62,1386.0
1400,54,64,1401.1
1400,54,66,1417.3
1400,54,68,1401.6
1400,54,70,1401.5
1400,54,72,1386.0
1400,54,74,1401.3
1400,54,76,1385.8
1400,54,78,1385.6
1400,54,80,1385.3
1400,54,82,1386.0
1400,54,84,1385.8
1400,54,86,1370.6
1400,54,88,1370.3
1400,54,90,1370.3
1400,54,92,1370.1
1400,54,94,1370.8
1400,54,96,1355.6
1400,54,98,1355.6
1400,54,100,1355.3
1400,54,102,1355.0
1400,54,104,1340.3
1400,54,106,1340.3
1400,54,108,1339.9
1400,54,110,1340.6
1400,54,112,1340.4
1400,54,114,1325.8
1400,54,116,1325.5
1400,54,118,1325.5
1400,54,120,1325.1
1400,54,122,1326.0
1400,54,124,1310.5
1400,54,126,1311.2
1400,54,128,1310.8
1400,54,130,1296.7
1400,54,132,1296.4
1400,54,134,1296.4
1400,54,136,1296.0
1400,54,138,1296.7
1400,54,140,1296.5
1400,54,142,1282.5
1400,54,144,1282.1
1400,54,146,1282.2
1400,54,148,1281.8
1400,54,150,1282.5
1400,54,152,1267.7
1400,54,154,1268.4
1400,54,156,1268.1
1400,54,158,1268.0
1400,54,160,1254.1
1400,54,162,1254.0
1400,54,164,1253.8
1400,54,166,1254.4
1400,54,168,1254.0
1400,54,170,1240.4
1400,54,172,1240.3
1400,54,174,1240.2
1400,54,176,1239.9
1400,54,178,1240.6
1400,54,180,1226.5
1400,56,0,1417.9
1400,56,2,1386.2
1400,56,4,1371.5
1400,56,6,1417.6
1400,56,8,1371.5
1400,56,10,1417.9
1400,56,12,1417.9
1400,56,14,1370.9
1400,56,16,1417.6
1400,56,18,1385.9
1400,56,20,1386.8
1400,56,22,1417.9
1400,56,24,1369.4
1400,56,26,1402.2
1400,56,28,1417.6
1400,56,30,1386.8
1400,56,32,1415.3
1400,56,34,1401.6
1400,56,36,1402.2
1400,56,38,1417.6
1400,56,40,1386.8
1400,56,42,1401.9
1400,56,44,1417.9
1400,56,46,1386.5
1400,56,48,1402.1
1400,56,50,1417.6
1400,56,52,1401.9
1400,56,54,1401.8
1400,56,56,1417.9
1400,56,58,1402.2
1400,56,60,1402.0
1400,56,62,1386.7
1400,56,64,1401.8
1400,56,66,1417.9
1400,56,68,1402.2
1400,56,70,1402.1
1400,56,72,1401.9
1400,56,74,1401.9
1400,56,76,1401.6
1400,56,78,1386.2
1400,56,80,1386.0
1400,56,82,1386.7
1400,56,84,1386.5
1400,56,86,1386.5
1400,56,88,1371.0
1400,56,90,1371.0
1400,56,92,1370.8
1400,56,94,1371.5
1400,56,96,1371.2
1400,56,98,1356.2
1400,56,100,1356.0
1400,56,102,1355.9
1400,56,104,1355.7
1400,56,106,1356.4
1400,56,108,1340.6
1400,56,110,1341.3
1400,56,112,1341.0
1400,56,114,1341.1
1400,56,116,1326.2
1400,56,118,1326.1
1400,56,120,1325.8
1400,56,122,1326.6
1400,56,124,1326.2
1400,56,126,1311.9
1400,56,128,1311.5
1400,56,130,1311.5
1400,56,132,1311.3
1400,56,134,1312.0
1400,56,136,1296.7
1400,56,138,1297.4
1400,56,140,1297.2
1400,56,142,1297.2
1400,56,144,1282.6
1400,56,146,1282.9
1400,56,148,1282.3
1400,56,150,1283.2
1400,56,152,1282.9
1400,56,154,1269.1
1400,56,156,1268.8
1400,56,158,1268.7
1400,56,160,1268.4
1400,56,162,1254.8
1400,56,164,1254.5
1400,56,166,1255.1
1400,56,168,1254.6
1400,56,170,1254.8
1400,56,172,1241.0
1400,56,174,1240.9
1400,56,176,1240.6
1400,56,178,1241.3
1400,56,180,1241.0
1400,58,0,1418.5
1400,58,2,1386.8
1400,58,4,1401.9
1400,58,6,1418.2
1400,58,8,1386.5
1400,58,10,1418.5
1400,58,12,1418.5
1400,58,14,1371.6
1400,58,16,1418.2
1400,58,18,1386.5
1400,58,20,1402.6
1400,58,22,1418.5
1400,58,24,1371.6
1400,58,26,1402.9
1400,58,28,1418.2
1400,58,30,1387.4
1400,58,32,1418.5
1400,58,34,1402.2
1400,58,36,1402.9
1400,58,38,1418.2
1400,58,40,1402.5
1400,58,42,1402.6
1400,58,44,1418.5
1400,58,46,1387.1
1400,58,48,1402.7
1400,58,50,1418.2
1400,58,52,1402.6
1400,58,54,1402.4
1400,58,56,1418.5
1400,58,58,1402.9
1400,58,60,1402.6
1400,58,62,1387.3
1400,58,64,1402.4
1400,58,66,1418.5
1400,58,68,1402.9
1400,58,70,1402.7
1400,58,72,1402.5
1400,58,74,1402.6
1400,58,76,1402.2
1400,58,78,1386.9
1400,58,80,1402.7
1400,58,82,1387.3
1400,58,84,1387.1
1400,58,86,1387.1
1400,58,88,1386.9
1400,58,90,1371.7
1400,58,92,1371.5
1400,58,94,1372.1
1400,58,96,1371.9
1400,58,98,1371.6
1400,58,100,1356.5
1400,58,102,1356.5
1400,58,104,1356.3
1400,58,106,1357.0
1400,58,108,1356.8
1400,58,110,1342.0
1400,58,112,1341.7
1400,58,114,1341.8
1400,58,116,1341.5
1400,58,118,1342.1
1400,58,120,1326.5
1400,58,122,1327.3
1400,58,124,1326.9
1400,58,126,1327.0
1400,58,128,1312.2
1400,58,130,1312.2
1400,58,132,1312.0
1400,58,134,1312.7
1400,58,136,1312.3
1400,58,138,1298.0
1400,58,140,1297.9
1400,58,142,1297.9
1400,58,144,1297.5
1400,58,146,1298.2
1400,58,148,1283.1
1400,58,150,1283.9
1400,58,152,1283.4
1400,58,154,1283.2
1400,58,156,1269.5
1400,58,158,1269.5
1400,58,160,1268.9
1400,58,162,1269.5
1400,58,164,1269.3
1400,58,166,1255.8
1400,58,168,1255.3
1400,58,170,1255.5
1400,58,172,1255.0
1400,58,174,1255.7
1400,58,176,1241.4
1400,58,178,1242.0
1400,58,180,1241.7
1400,60,0,1419.2
1400,60,2,1387.5
1400,60,4,1402.5
1400,60,6,1418.8
1400,60,8,1387.5
1400,60,10,1419.2
1400,60,12,1419.2
1400,60,14,1372.2
1400,60,16,1418.8
1400,60,18,1387.2
1400,60,20,1403.2
1400,60,22,1419.2
1400,60,24,1387.4
1400,60,26,1403.5
1400,60,28,1418.8
1400,60,30,1388.1
1400,60,32,1419.2
1400,60,34,1418.5
1400,60,36,1403.5
1400,60,38,1418.8
1400,60,40,1403.1
1400,60,42,1403.2
1400,60,44,1419.2
1400,60,46,1387.8
1400,60,48,1403.4
1400,60,50,1418.8
1400,60,52,1403.2
1400,60,54,1403.1
1400,60,56,1419.2
1400,60,58,1403.5
1400,60,60,1403.3
1400,60,62,1388.0
1400,60,64,1403.1
1400,60,66,1419.2
1400,60,68,1403.5
1400,60,70,1403.4
1400,60,72,1418.8
1400,60,74,1403.2
1400,60,76,1402.9
1400,60,78,1387.5
1400,60,80,1403.4
1400,60,82,1403.2
1400,60,84,1387.8
1400,60,86,1387.8
1400,60,88,1387.5
1400,60,90,1387.3
1400,60,92,1388.0
1400,60,94,1372.8
1400,60,96,1372.5
1400,60,98,1372.3
1400,60,100,1372.3
1400,60,102,1357.2
1400,60,104,1357.0
1400,60,106,1357.7
1400,60,108,1357.4
1400,60,110,1357.2
1400,60,112,1342.4
1400,60,114,1342.4
1400,60,116,1342.1
1400,60,118,1342.8
1400,60,120,1342.5
1400,60,122,1328.0
1400,60,124,1327.6
1400,60,126,1327.6
1400,60,128,1327.4
1400,60,130,1328.0
1400,60,132,1312.4
1400,60,134,1313.4
1400,60,136,1313.0
1400,60,138,1313.0
1400,60,140,1298.6
1400,60,142,1298.6
1400,60,144,1298.2
1400,60,146,1298.9
1400,60,148,1298.5
1400,60,150,1284.6
1400,60,152,1284.1
1400,60,154,1283.8
1400,60,156,1283.9
1400,60,158,1270.2
1400,60,160,1269.6
1400,60,162,1270.2
1400,60,164,1270.0
1400,60,166,1269.7
1400,60,168,1256.0
1400,60,170,1256.2
1400,60,172,1255.7
1400,60,174,1256.4
1400,60,176,1256.0
1400,60,178,1242.7
1400,60,180,1242.4
1400,62,0,1419.8
1400,62,2,1388.1
1400,62,4,1402.5
1400,62,6,1419.5
1400,62,8,1388.1
1400,62,10,1419.8
1400,62,12,1419.8
1400,62,14,1372.9
1400,62,16,1419.5
1400,62,18,1387.8
1400,62,20,1403.9
1400,62,22,1419.8
1400,62,24,1388.0
1400,62,26,1404.2
1400,62,28,1419.5
1400,62,30,1388.7
1400,62,32,1419.2
1400,62,34,1419.2
1400,62,36,1404.2
1400,62,38,1419.5
1400,62,40,1403.8
1400,62,42,1403.9
1400,62,44,1419.8
1400,62,46,1388.4
1400,62,48,1404.0
1400,62,50,1419.5
1400,62,52,1403.9
1400,62,54,1403.7
1400,62,56,1419.8
1400,62,58,1404.2
1400,62,60,1403.9
1400,62,62,1403.7
1400,62,64,1403.7
1400,62,66,1419.8
1400,62,68,1404.2
1400,62,70,1404.0
1400,62,72,1419.5
1400,62,74,1403.9
1400,62,76,1403.5
1400,62,78,1388.2
1400,62,80,1404.0
1400,62,82,1403.8
1400,62,84,1403.9
1400,62,86,1388.4
1400,62,88,1388.2
1400,62,90,1388.0
1400,62,92,1388.7
1400,62,94,1388.4
1400,62,96,1373.2
1400,62,98,1373.0
1400,62,100,1373.0
1400,62,102,1372.7
1400,62,104,1373.5
1400,62,106,1358.4
1400,62,108,1358.1
1400,62,110,1357.8
1400,62,112,1357.6
1400,62,114,1343.1
1400,62,116,1342.8
1400,62,118,1343.4
1400,62,120,1343.2
1400,62,122,1328.7
1400,62,124,1328.3
1400,62,126,1328.3
1400,62,128,1328.0
1400,62,130,1328.7
1400,62,132,1328.4
1400,62,134,1314.1
1400,62,136,1313.7
1400,62,138,1313.7
1400,62,140,1313.4
1400,62,142,1314.1
1400,62,144,1298.9
1400,62,146,1299.6
1400,62,148,1299.2
1400,62,150,1299.3
1400,62,152,1284.8
1400,62,154,1284.7
1400,62,156,1284.4
1400,62,158,1284.2
1400,62,160,1284.9
1400,62,162,1271.0
1400,62,164,1270.7
1400,62,166,1270.6
1400,62,168,1270.4
1400,62,170,1271.0
1400,62,172,1256.4
1400,62,174,1257.1
1400,62,176,1256.8
1400,62,178,1256.8
1400,62,180,1243.2
1400,64,0,1420.4
1400,64,2,1388.8
1400,64,4,1403.7
1400,64,6,1420.1
1400,64,8,1388.8
1400,64,10,1420.4
1400,64,12,1419.8
1400,64,14,1373.7
1400,64,16,1420.1
1400,64,18,1404.4
1400,64,20,1404.5
1400,64,22,1420.4
1400,64,24,1388.7
1400,64,26,1404.8
1400,64,28,1420.1
1400,64,30,1389.4
1400,64,32,1419.2
1400,64,34,1419.8
1400,64,36,1404.8
1400,64,38,1420.1
1400,64,40,1404.4
1400,64,42,1404.5
1400,64,44,1420.4
1400,64,46,1389.1
1400,64,48,1404.7
1400,64,50,1420.1
1400,64,52,1404.5
1400,64,54,1404.3
1400,64,56,1420.4
1400,64,58,1404.8
1400,64,60,1420.1
1400,64,62,1404.4
1400,64,64,1404.3
1400,64,66,1420.4
1400,64,68,1404.8
1400,64,70,1404.7
1400,64,72,1420.1
1400,64,74,1404.5
1400,64,76,1404.2
1400,64,78,1420.4
1400,64,80,1404.7
1400,64,82,1404.5
1400,64,84,1404.5
1400,64,86,1404.3
1400,64,88,1388.8
1400,64,90,1388.6
1400,64,92,1389.4
1400,64,94,1389.1
1400,64,96,1388.8
1400,64,98,1373.6
1400,64,100,1373.6
1400,64,102,1373.4
1400,64,104,1374.1
1400,64,106,1373.8
1400,64,108,1358.8
1400,64,110,1358.5
1400,64,112,1358.5
1400,64,114,1358.3
1400,64,116,1359.0
1400,64,118,1344.1
1400,64,120,1343.8
1400,64,122,1343.5
1400,64,124,1343.6
1400,64,126,1329.0
1400,64,128,1328.7
1400,64,130,1329.3
1400,64,132,1329.1
1400,64,134,1328.8
1400,64,136,1314.3
1400,64,138,1314.4
1400,64,140,1314.1
1400,64,142,1314.7
1400,64,144,1314.5
1400,64,146,1300.3
1400,64,148,1299.9
1400,64,150,1300.0
1400,64,152,1299.6
1400,64,154,1300.3
1400,64,156,1285.3
1400,64,158,1285.8
1400,64,160,1285.6
1400,64,162,1285.5
1400,64,164,1271.4
1400,64,166,1271.3
1400,64,168,1271.1
1400,64,170,1271.8
1400,64,172,1271.4
1400,64,174,1257.8
1400,64,176,1257.5
1400,64,178,1257.8
1400,64,180,1257.2
1400,66,0,1421.1
1400,66,2,1389.4
1400,66,4,1403.7
1400,66,6,1420.7
1400,66,8,1389.4
1400,66,10,1421.1
1400,66,12,1419.8
1400,66,14,1389.1
1400,66,16,1420.7
1400,66,18,1405.0
1400,66,20,1405.1
1400,66,22,1421.1
1400,66,24,1389.3
1400,66,26,1405.5
1400,66,28,1420.7
1400,66,30,1390.0
1400,66,32,1419.2
1400,66,34,1420.4
1400,66,36,1405.5
1400,66,38,1420.7
1400,66,40,1405.0
1400,66,42,1405.1
1400,66,44,1421.1
1400,66,46,1389.7
1400,66,48,1405.3
1400,66,50,1420.7
1400,66,52,1405.1
1400,66,54,1405.0
1400,66,56,1421.1
1400,66,58,1405.5
1400,66,60,1420.7
1400,66,62,1405.0
1400,66,64,1405.0
1400,66,66,1421.1
1400,66,68,1405.5
1400,66,70,1405.3
1400,66,72,1420.7
1400,66,74,1405.1
1400,66,76,1404.9
1400,66,78,1421.1
1400,66,80,1405.3
1400,66,82,1405.1
1400,66,84,1405.1
1400,66,86,1405.0
1400,66,88,1404.7
1400,66,90,1405.5
1400,66,92,1390.0
1400,66,94,1389.7
1400,66,96,1389.4
1400,66,98,1389.5
1400,66,100,1374.3
1400,66,102,1374.0
1400,66,104,1374.8
1400,66,106,1374.5
1400,66,108,1374.3
1400,66,110,1359.1
1400,66,112,1359.2
1400,66,114,1358.9
1400,66,116,1359.7
1400,66,118,1344.8
1400,66,120,1344.5
1400,66,122,1344.2
1400,66,124,1344.3
1400,66,126,1344.0
1400,66,128,1344.6
1400,66,130,1330.0
1400,66,132,1329.7
1400,66,134,1329.5
1400,66,136,1329.5
1400,66,138,1315.1
1400,66,140,1314.8
1400,66,142,1315.4
1400,66,144,1315.1
1400,66,146,1314.9
1400,66,148,1300.6
1400,66,150,1300.7
1400,66,152,1300.3
1400,66,154,1301.0
1400,66,156,1300.6
1400,66,158,1286.6
1400,66,160,1286.3
1400,66,162,1286.2
1400,66,164,1286.0
1400,66,166,1286.6
1400,66,168,1272.4
1400,66,170,1272.5
1400,66,172,1272.1
1400,66,174,1272.1
1400,66,176,1258.3
1400,66,178,1258.5
1400,66,180,1258.5
1400,68,0,1421.7
1400,68,2,1390.1
1400,68,4,1405.0
1400,68,6,1421.4
1400,68,8,1390.1
1400,68,10,1421.7
1400,68,12,1421.7
1400,68,14,1389.8
1400,68,16,1421.4
1400,68,18,1405.6
1400,68,20,1405.8
1400,68,22,1421.7
1400,68,24,1389.9
1400,68,26,1406.1
1400,68,28,1421.4
1400,68,30,1390.7
1400,68,32,1419.2
1400,68,34,1421.1
1400,68,36,1406.1
1400,68,38,1421.4
1400,68,40,1405.6
1400,68,42,1405.8
1400,68,44,1421.7
1400,68,46,1390.3
1400,68,48,1405.9
1400,68,50,1421.4
1400,68,52,1405.8
1400,68,54,1405.6
1400,68,56,1421.7
1400,68,58,1406.1
1400,68,60,1421.4
1400,68,62,1405.6
1400,68,64,1405.6
1400,68,66,1421.7
1400,68,68,1406.1
1400,68,70,1405.9
1400,68,72,1421.4
1400,68,74,1405.8
1400,68,76,1405.5
1400,68,78,1421.7
1400,68,80,1405.9
1400,68,82,1405.8
1400,68,84,1405.8
1400,68,86,1405.6
1400,68,88,1405.3
1400,68,90,1406.1
1400,68,92,1390.7
1400,68,94,1390.3
1400,68,96,1390.1
1400,68,98,1390.1
1400,68,100,1389.9
1400,68,102,1390.7
1400,68,104,1375.4
1400,68,106,1375.2
1400,68,108,1374.9
1400,68,110,1374.9
1400,68,112,1359.9
1400,68,114,1359.6
1400,68,116,1360.3
1400,68,118,1360.0
1400,68,120,1360.0
1400,68,122,1344.9
1400,68,124,1345.0
1400,68,126,1344.7
1400,68,128,1345.3
1400,68,130,1345.0
1400,68,132,1330.4
1400,68,134,1330.2
1400,68,136,1330.2
1400,68,138,1329.9
1400,68,140,1330.6
1400,68,142,1316.1
1400,68,144,1315.8
1400,68,146,1315.7
1400,68,148,1315.5
1400,68,150,1301.4
1400,68,152,1301.0
1400,68,154,1301.7
1400,68,156,1301.3
1400,68,158,1301.4
1400,68,160,1287.0
1400,68,162,1286.9
1400,68,164,1286.7
1400,68,166,1287.3
1400,68,168,1287.0
1400,68,170,1273.2
1400,68,172,1272.8
1400,68,174,1272.8
1400,68,176,1272.4
1400,68,178,1273.2
1400,68,180,1259.3
1400,70,0,1422.3
1400,70,2,1390.7
1400,70,4,1406.7
1400,70,6,1422.0
1400,70,8,1390.7
1400,70,10,1422.3
1400,70,12,1422.3
1400,70,14,1390.6
1400,70,16,1422.0
1400,70,18,1406.3
1400,70,20,1406.4
1400,70,22,1422.3
1400,70,24,1390.6
1400,70,26,1406.7
1400,70,28,1422.0
1400,70,30,1391.3
1400,70,32,1419.2
1400,70,34,1422.3
1400,70,36,1406.7
1400,70,38,1422.0
1400,70,40,1406.3
1400,70,42,1406.4
1400,70,44,1422.3
1400,70,46,1391.0
1400,70,48,1406.7
1400,70,50,1422.0
1400,70,52,1406.4
1400,70,54,1406.3
1400,70,56,1422.3
1400,70,58,1406.7
1400,70,60,1422.0
1400,70,62,1422.0
1400,70,64,1406.3
1400,70,66,1422.3
1400,70,68,1406.7
1400,70,70,1406.6
1400,70,72,1422.0
1400,70,74,1406.4
1400,70,76,1406.1
1400,70,78,1422.3
1400,70,80,1406.6
1400,70,82,1406.4
1400,70,84,1422.0
1400,70,86,1406.3
1400,70,88,1406.1
1400,70,90,1406.7
1400,70,92,1391.3
1400,70,94,1406.3
1400,70,96,1390.7
1400,70,98,1390.8
1400,70,100,1390.6
1400,70,102,1391.3
1400,70,104,1391.1
1400,70,106,1375.8
1400,70,108,1374.9
1400,70,110,1375.6
1400,70,112,1375.4
1400,70,114,1376.1
1400,70,116,1361.0
1400,70,118,1360.6
1400,70,120,1360.7
1400,70,122,1360.4
1400,70,124,1345.6
1400,70,126,1345.4
1400,70,128,1346.0
1400,70,130,1345.7
1400,70,132,1345.8
1400,70,134,1330.9
1400,70,136,1330.9
1400,70,138,1330.6
1400,70,140,1331.2
1400,70,142,1331.0
1400,70,144,1316.5
1400,70,146,1316.4
1400,70,148,1316.2
1400,70,150,1315.8
1400,70,152,1316.7
1400,70,154,1302.4
1400,70,156,1302.0
1400,70,158,1302.0
1400,70,160,1301.7
1400,70,162,1302.4
1400,70,164,1287.4
1400,70,166,1288.0
1400,70,168,1287.7
1400,70,170,1287.6
1400,70,172,1273.5
1400,70,174,1273.5
1400,70,176,1273.9
1400,70,178,1273.9
1400,70,180,1273.6
1400,72,0,1423.0
1400,72,2,1391.4
1400,72,4,1407.4
1400,72,6,1422.6
1400,72,8,1391.4
1400,72,10,1423.0
1400,72,12,1423.0
1400,72,14,1391.2
1400,72,16,1422.6
1400,72,18,1406.9
1400,72,20,1407.1
1400,72,22,1423.0
1400,72,24,1391.2
1400,72,26,1407.4
1400,72,28,1422.6
1400,72,30,1392.0
1400,72,32,1419.2
1400,72,34,1423.0
1400,72,36,1407.4
1400,72,38,1422.6
1400,72,40,1406.9
1400,72,42,1407.1
1400,72,44,1423.0
1400,72,46,1391.6
1400,72,48,1407.4
1400,72,50,1422.6
1400,72,52,1407.1
1400,72,54,1406.9
1400,72,56,1423.0
1400,72,58,1407.4
1400,72,60,1422.6
1400,72,62,1422.6
1400,72,64,1407.1
1400,72,66,1423.0
1400,72,68,1407.4
1400,72,70,1407.2
1400,72,72,1422.6
1400,72,74,1407.1
1400,72,76,1406.7
1400,72,78,1423.0
1400,72,80,1407.2
1400,72,82,1407.1
1400,72,84,1422.6
1400,72,86,1406.9
1400,72,88,1406.7
1400,72,90,1407.4
1400,72,92,1407.2
1400,72,94,1406.9
1400,72,96,1390.7
1400,72,98,1391.5
1400,72,100,1391.2
1400,72,102,1392.0
1400,72,104,1391.7
1400,72,106,1391.5
1400,72,108,1376.1
1400,72,110,1376.2
1400,72,112,1376.0
1400,72,114,1376.7
1400,72,116,1376.5
1400,72,118,1361.3
1400,72,120,1361.3
1400,72,122,1361.1
1400,72,124,1360.9
1400,72,126,1346.0
1400,72,128,1346.6
1400,72,130,1346.4
1400,72,132,1346.4
1400,72,134,1346.2
1400,72,136,1331.6
1400,72,138,1331.2
1400,72,140,1331.9
1400,72,142,1331.6
1400,72,144,1331.7
1400,72,146,1317.1
1400,72,148,1316.9
1400,72,150,1317.4
1400,72,152,1317.3
1400,72,154,1317.0
1400,72,156,1302.7
1400,72,158,1302.7
1400,72,160,1302.3
1400,72,162,1303.1
1400,72,164,1288.1
1400,72,166,1288.7
1400,72,168,1288.4
1400,72,170,1288.3
1400,72,172,1288.1
1400,72,174,1288.7
1400,72,176,1274.6
1400,72,178,1274.6
1400,72,180,1274.3
1400,74,0,1423.6
1400,74,2,1392.0
1400,74,4,1408.0
1400,74,6,1423.3
1400,74,8,1392.0
1400,74,10,1423.6
1400,74,12,1423.6
1400,74,14,1391.8
1400,74,16,1423.3
1400,74,18,1407.5
1400,74,20,1407.7
1400,74,22,1423.6
1400,74,24,1391.9
1400,74,26,1408.0
1400,74,28,1423.3
1400,74,30,1392.6
1400,74,32,1419.2
1400,74,34,1423.6
1400,74,36,1408.0
1400,74,38,1423.3
1400,74,40,1407.5
1400,74,42,1407.7
1400,74,44,1423.6
1400,74,46,1392.3
1400,74,48,1408.0
1400,74,50,1423.3
1400,74,52,1407.7
1400,74,54,1407.5
1400,74,56,1423.6
1400,74,58,1408.0
1400,74,60,1422.6
1400,74,62,1423.3
1400,74,64,1407.7
1400,74,66,1423.6
1400,74,68,1408.0
1400,74,70,1407.9
1400,74,72,1423.3
1400,74,74,1407.7
1400,74,76,1407.4
1400,74,78,1423.6
1400,74,80,1407.9
1400,74,82,1407.7
1400,74,84,1423.3
1400,74,86,1407.5
1400,74,88,1407.3
1400,74,90,1408.0
1400,74,92,1407.8
1400,74,94,1407.5
1400,74,96,1407.7
1400,74,98,1407.4
1400,74,100,1391.9
1400,74,102,1392.6
1400,74,104,1392.4
1400,74,106,1392.1
1400,74,108,1391.8
1400,74,110,1376.9
1400,74,112,1376.7
1400,74,114,1377.4
1400,74,116,1377.1
1400,74,118,1376.9
1400,74,120,1362.0
1400,74,122,1361.7
1400,74,124,1361.6
1400,74,126,1361.3
1400,74,128,1361.9
1400,74,130,1347.0
1400,74,132,1347.1
1400,74,134,1346.8
1400,74,136,1346.6
1400,74,138,1347.3
1400,74,140,1332.6
1400,74,142,1332.2
1400,74,144,1332.4
1400,74,146,1331.7
1400,74,148,1332.7
1400,74,150,1318.1
1400,74,152,1318.0
1400,74,154,1317.7
1400,74,156,1317.7
1400,74,158,1303.4
1400,74,160,1303.0
1400,74,162,1303.8
1400,74,164,1303.3
1400,74,166,1303.4
1400,74,168,1289.1
1400,74,170,1289.0
1400,74,172,1288.8
1400,74,174,1289.4
1400,74,176,1289.1
1400,74,178,1275.3
1400,74,180,1275.0
1400,76,0,1424.2
1400,76,2,1392.7
1400,76,4,1408.7
1400,76,6,1423.9
1400,76,8,1392.7
1400,76,10,1424.2
1400,76,12,1424.2
1400,76,14,1392.4
1400,76,16,1423.9
1400,76,18,1408.2
1400,76,20,1408.3
1400,76,22,1424.2
1400,76,24,1407.8
1400,76,26,1408.7
1400,76,28,1423.9
1400,76,30,1393.3
1400,76,32,1419.2
1400,76,34,1424.2
1400,76,36,1408.7
1400,76,38,1423.9
1400,76,40,1423.9
1400,76,42,1408.3
1400,76,44,1424.2
1400,76,46,1407.8
1400,76,48,1408.7
1400,76,50,1423.9
1400,76,52,1408.3
1400,76,54,1408.2
1400,76,56,1424.2
1400,76,58,1408.7
1400,76,60,1423.9
1400,76,62,1423.9
1400,76,64,1408.3
1400,76,66,1424.2
1400,76,68,1408.7
1400,76,70,1408.5
1400,76,72,1423.9
1400,76,74,1408.3
1400,76,76,1408.0
1400,76,78,1424.2
1400,76,80,1408.5
1400,76,82,1408.3
1400,76,84,1423.9
1400,76,86,1408.2
1400,76,88,1408.0
1400,76,90,1424.2
1400,76,92,1408.5
1400,76,94,1408.2
1400,76,96,1408.3
1400,76,98,1408.0
1400,76,100,1407.9
1400,76,102,1408.5
1400,76,104,1393.0
1400,76,106,1392.8
1400,76,108,1392.5
1400,76,110,1392.5
1400,76,112,1393.3
1400,76,114,1378.0
1400,76,116,1377.8
1400,76,118,1377.5
1400,76,120,1377.5
1400,76,122,1362.4
1400,76,124,1362.2
1400,76,126,1361.9
1400,76,128,1362.6
1400,76,130,1362.7
1400,76,132,1347.8
1400,76,134,1347.5
1400,76,136,1347.3
1400,76,138,1348.0
1400,76,140,1347.6
1400,76,142,1332.9
1400,76,144,1333.1
1400,76,146,1332.6
1400,76,148,1333.4
1400,76,150,1333.1
1400,76,152,1318.5
1400,76,154,1317.7
1400,76,156,1318.4
1400,76,158,1318.1
1400,76,160,1318.7
1400,76,162,1304.5
1400,76,164,1304.0
1400,76,166,1304.1
1400,76,168,1303.9
1400,76,170,1304.5
1400,76,172,1289.5
1400,76,174,1290.1
1400,76,176,1289.8
1400,76,178,1289.7
1400,76,180,1275.7
1400,78,0,1424.9
1400,78,2,1408.4
1400,78,4,1409.3
1400,78,6,1424.5
1400,78,8,1393.3
1400,78,10,1424.9
1400,78,12,1424.9
1400,78,14,1393.0
1400,78,16,1424.5
1400,78,18,1408.8
1400,78,20,1409.0
1400,78,22,1424.9
1400,78,24,1408.4
1400,78,26,1409.3
1400,78,28,1424.5
1400,78,30,1393.9
1400,78,32,1419.2
1400,78,34,1424.9
1400,78,36,1409.3
1400,78,38,1424.5
1400,78,40,1424.5
1400,78,42,1409.0
1400,78,44,1424.9
1400,78,46,1408.4
1400,78,48,1409.3
1400,78,50,1424.5
1400,78,52,1409.0
1400,78,54,1408.8
1400,78,56,1424.9
1400,78,58,1409.3
1400,78,60,1424.5
1400,78,62,1424.5
1400,78,64,1409.0
1400,78,66,1424.9
1400,78,68,1409.3
1400,78,70,1409.1
1400,78,72,1424.5
1400,78,74,1409.0
1400,78,76,1408.7
1400,78,78,1424.9
1400,78,80,1409.1
1400,78,82,1409.0
1400,78,84,1424.5
1400,78,86,1408.8
1400,78,88,1408.6
1400,78,90,1424.9
1400,78,92,1409.1
1400,78,94,1408.8
1400,78,96,1409.0
1400,78,98,1408.6
1400,78,100,1408.5
1400,78,102,1409.1
1400,78,104,1409.0
1400,78,106,1393.4
1400,78,108,1393.2
1400,78,110,1393.2
1400,78,112,1393.9
1400,78,114,1393.7
1400,78,116,1378.4
1400,78,118,1378.2
1400,78,120,1378.2
1400,78,122,1378.0
1400,78,124,1378.7
1400,78,126,1363.4
1400,78,128,1363.3
1400,78,130,1363.3
1400,78,132,1363.1
1400,78,134,1348.2
1400,78,136,1348.7
1400,78,138,1348.6
1400,78,140,1348.2
1400,78,142,1348.3
1400,78,144,1333.7
1400,78,146,1333.2
1400,78,148,1334.1
1400,78,150,1333.8
1400,78,152,1333.5
1400,78,154,1317.8
1400,78,156,1319.0
1400,78,158,1318.7
1400,78,160,1319.4
1400,78,162,1319.1
1400,78,164,1304.7
1400,78,166,1304.8
1400,78,168,1304.6
1400,78,170,1305.2
1400,78,172,1304.9
1400,78,174,1290.8
1400,78,176,1290.5
1400,78,178,1290.9
1400,78,180,1290.3
1400,80,0,1425.5
1400,80,2,1409.6
1400,80,4,1409.9
1400,80,6,1425.2
1400,80,8,1394.0
1400,80,10,1425.5
1400,80,12,1425.5
1400,80,14,1393.7
1400,80,16,1425.2
1400,80,18,1409.4
1400,80,20,1409.6
1400,80,22,1425.5
1400,80,24,1409.1
1400,80,26,1409.9
1400,80,28,1425.2
1400,80,30,1394.6
1400,80,32,1419.2
1400,80,34,1425.5
1400,80,36,1409.9
1400,80,38,1425.2
1400,80,40,1425.2
1400,80,42,1409.6
1400,80,44,1425.5
1400,80,46,1425.5
1400,80,48,1409.9
1400,80,50,1425.2
1400,80,52,1409.6
1400,80,54,1409.5
1400,80,56,1425.5
1400,80,58,1409.9
1400,80,60,1425.2
1400,80,62,1425.2
1400,80,64,1409.6
1400,80,66,1425.5
1400,80,68,1425.5
1400,80,70,1409.8
1400,80,72,1425.2
1400,80,74,1409.6
1400,80,76,1409.3
1400,80,78,1425.5
1400,80,80,1409.8
1400,80,82,1409.6
1400,80,84,1425.2
1400,80,86,1409.5
1400,80,88,1409.3
1400,80,90,1425.5
1400,80,92,1409.8
1400,80,94,1409.5
1400,80,96,1409.6
1400,80,98,1409.3
1400,80,100,1409.1
1400,80,102,1409.8
1400,80,104,1409.6
1400,80,106,1409.6
1400,80,108,1394.1
1400,80,110,1393.8
1400,80,112,1394.6
1400,80,114,1394.3
1400,80,116,1394.1
1400,80,118,1378.8
1400,80,120,1378.9
1400,80,122,1378.6
1400,80,124,1379.3
1400,80,126,1379.1
1400,80,128,1363.9
1400,80,130,1364.0
1400,80,132,1363.7
1400,80,134,1363.5
1400,80,136,1349.3
1400,80,138,1349.3
1400,80,140,1348.9
1400,80,142,1349.0
1400,80,144,1348.7
1400,80,146,1349.4
1400,80,148,1334.7
1400,80,150,1334.5
1400,80,152,1334.4
1400,80,154,1334.1
1400,80,156,1319.7
1400,80,158,1319.4
1400,80,160,1320.1
1400,80,162,1319.8
1400,80,164,1319.5
1400,80,166,1305.5
1400,80,168,1305.2
1400,80,170,1305.8
1400,80,172,1305.6
1400,80,174,1305.3
1400,80,176,1291.3
1400,80,178,1291.6
1400,80,180,1291.0
1400,82,0,1426.1
1400,82,2,1410.2
1400,82,4,1410.6
1400,82,6,1425.8
1400,82,8,1394.6
1400,82,10,1426.1
1400,82,12,1426.1
1400,82,14,1394.3
1400,82,16,1425.8
1400,82,18,1410.0
1400,82,20,1410.2
1400,82,22,1426.1
1400,82,24,1409.7
1400,82,26,1410.6
1400,82,28,1425.8
1400,82,30,1395.2
1400,82,32,1419.2
1400,82,34,1426.1
1400,82,36,1410.6
1400,82,38,1425.8
1400,82,40,1425.8
1400,82,42,1410.2
1400,82,44,1426.1
1400,82,46,1426.1
1400,82,48,1410.6
1400,82,50,1425.8
1400,82,52,1410.2
1400,82,54,1410.1
1400,82,56,1426.1
1400,82,58,1410.6
1400,82,60,1425.8
1400,82,62,1425.8
1400,82,64,1410.2
1400,82,66,1426.1
1400,82,68,1426.1
1400,82,70,1410.4
1400,82,72,1425.8
1400,82,74,1410.2
1400,82,76,1409.9
1400,82,78,1426.1
1400,82,80,1410.4
1400,82,82,1410.2
1400,82,84,1425.8
1400,82,86,1410.1
1400,82,88,1409.9
1400,82,90,1426.1
1400,82,92,1410.4
1400,82,94,1410.1
1400,82,96,1410.2
1400,82,98,1409.9
1400,82,100,1409.8
1400,82,102,1410.4
1400,82,104,1410.2
1400,82,106,1410.2
1400,82,108,1410.1
1400,82,110,1394.5
1400,82,112,1395.2
1400,82,114,1395.0
1400,82,116,1394.8
1400,82,118,1394.9
1400,82,120,1379.5
1400,82,122,1379.3
1400,82,124,1380.0
1400,82,126,1379.7
1400,82,128,1379.5
1400,82,130,1364.6
1400,82,132,1364.4
1400,82,134,1364.1
1400,82,136,1363.8
1400,82,138,1364.5
1400,82,140,1349.6
1400,82,142,1349.6
1400,82,144,1349.4
1400,82,146,1350.1
1400,82,148,1349.8
1400,82,150,1335.1
1400,82,152,1335.0
1400,82,154,1334.8
1400,82,156,1334.6
1400,82,158,1335.3
1400,82,160,1320.7
1400,82,162,1320.4
1400,82,164,1320.4
1400,82,166,1320.1
1400,82,168,1320.9
1400,82,170,1306.5
1400,82,172,1306.3
1400,82,174,1306.1
1400,82,176,1305.9
1400,82,178,1292.3
1400,82,180,1291.7
1400,84,0,1426.7
1400,84,2,1410.9
1400,84,4,1411.2
1400,84,6,1426.4
1400,84,8,1395.3
1400,84,10,1426.7
1400,84,12,1426.7
1400,84,14,1395.0
1400,84,16,1426.4
1400,84,18,1426.4
1400,84,20,1410.9
1400,84,22,1426.7
1400,84,24,1410.3
1400,84,26,1411.2
1400,84,28,1426.4
1400,84,30,1395.8
1400,84,32,1419.2
1400,84,34,1426.7
1400,84,36,1411.2
1400,84,38,1426.4
1400,84,40,1426.4
1400,84,42,1410.9
1400,84,44,1426.7
1400,84,46,1426.7
1400,84,48,1411.2
1400,84,50,1426.4
1400,84,52,1410.9
1400,84,54,1410.7
1400,84,56,1426.7
1400,84,58,1411.2
1400,84,60,1426.4
1400,84,62,1426.4
1400,84,64,1410.9
1400,84,66,1426.7
1400,84,68,1426.7
1400,84,70,1411.1
1400,84,72,1426.4
1400,84,74,1410.9
1400,84,76,1410.7
1400,84,78,1426.7
1400,84,80,1411.1
1400,84,82,1410.9
1400,84,84,1426.4
1400,84,86,1410.7
1400,84,88,1410.5
1400,84,90,1426.7
1400,84,92,1411.1
1400,84,94,1410.7
1400,84,96,1426.4
1400,84,98,1410.6
1400,84,100,1410.4
1400,84,102,1411.1
1400,84,104,1410.9
1400,84,106,1410.9
1400,84,108,1410.7
1400,84,110,1410.4
1400,84,112,1411.2
1400,84,114,1395.7
1400,84,116,1395.4
1400,84,118,1395.5
1400,84,120,1395.3
1400,84,122,1379.9
1400,84,124,1380.6
1400,84,126,1380.4
1400,84,128,1380.1
1400,84,130,1380.2
1400,84,132,1365.0
1400,84,134,1364.8
1400,84,136,1364.5
1400,84,138,1365.2
1400,84,140,1365.3
1400,84,142,1350.3
1400,84,144,1350.0
1400,84,146,1350.8
1400,84,148,1350.5
1400,84,150,1350.2
1400,84,152,1335.7
1400,84,154,1335.5
1400,84,156,1335.3
1400,84,158,1336.0
1400,84,160,1335.6
1400,84,162,1321.1
1400,84,164,1321.0
1400,84,166,1320.8
1400,84,168,1321.6
1400,84,170,1321.3
1400,84,172,1307.0
1400,84,174,1306.8
1400,84,176,1306.6
1400,84,178,1306.3
1400,84,180,1307.0
1400,86,0,1427.4
1400,86,2,1411.5
1400,86,4,1411.8
1400,86,6,1427.1
1400,86,8,1395.9
1400,86,10,1427.4
1400,86,12,1427.4
1400,86,14,1411.8
1400,86,16,1427.1
1400,86,18,1427.1
1400,86,20,1411.5
1400,86,22,1427.4
1400,86,24,1411.0
1400,86,26,1411.8
1400,86,28,1427.1
1400,86,30,1396.5
1400,86,32,1419.2
1400,86,34,1427.4
1400,86,36,1411.8
1400,86,38,1427.1
1400,86,40,1427.1
1400,86,42,1411.5
1400,86,44,1427.4
1400,86,46,1427.4
1400,86,48,1411.8
1400,86,50,1427.1
1400,86,52,1427.1
1400,86,54,1411.4
1400,86,56,1427.4
1400,86,58,1411.8
1400,86,60,1427.1
1400,86,62,1427.1
1400,86,64,1411.5
1400,86,66,1427.4
1400,86,68,1427.4
1400,86,70,1411.7
1400,86,72,1427.1
1400,86,74,1427.1
1400,86,76,1411.4
1400,86,78,1427.4
1400,86,80,1411.8
1400,86,82,1411.5
1400,86,84,1427.1
1400,86,86,1411.4
1400,86,88,1411.2
1400,86,90,1427.4
1400,86,92,1411.7
1400,86,94,1411.4
1400,86,96,1427.1
1400,86,98,1411.3
1400,86,100,1411.1
1400,86,102,1411.7
1400,86,104,1411.5
1400,86,106,1411.5
1400,86,108,1411.4
1400,86,110,1411.1
1400,86,112,1411.8
1400,86,114,1396.3
1400,86,116,1396.1
1400,86,118,1396.2
1400,86,120,1395.9
1400,86,122,1395.6
1400,86,124,1381.3
1400,86,126,1381.0
1400,86,128,1380.8
1400,86,130,1380.8
1400,86,132,1380.6
1400,86,134,1381.3
1400,86,136,1366.0
1400,86,138,1365.9
1400,86,140,1366.0
1400,86,142,1365.7
1400,86,144,1350.7
1400,86,146,1351.4
1400,86,148,1351.2
1400,86,150,1350.9
1400,86,152,1350.6
1400,86,154,1336.1
1400,86,156,1335.9
1400,86,158,1336.6
1400,86,160,1336.3
1400,86,162,1336.3
1400,86,164,1321.7
1400,86,166,1321.5
1400,86,168,1322.3
1400,86,170,1322.0
1400,86,172,1321.9
1400,86,174,1307.5
1400,86,176,1307.3
1400,86,178,1307.8
1400,86,180,1307.7
1400,88,0,1428.0
1400,88,2,1412.2
1400,88,4,1412.5
1400,88,6,1427.7
1400,88,8,1396.5
1400,88,10,1428.0
1400,88,12,1428.0
1400,88,14,1412.5
1400,88,16,1427.7
1400,88,18,1427.7
1400,88,20,1412.2
1400,88,22,1428.0
1400,88,24,1411.6
1400,88,26,1412.5
1400,88,28,1427.7
1400,88,30,1411.9
1400,88,32,1419.2
1400,88,34,1428.0
1400,88,36,1412.5
1400,88,38,1427.7
1400,88,40,1427.7
1400,88,42,1412.2
1400,88,44,1428.0
1400,88,46,1428.0
1400,88,48,1412.5
1400,88,50,1427.7
1400,88,52,1427.7
1400,88,54,1412.0
1400,88,56,1428.0
1400,88,58,1412.5
1400,88,60,1427.7
1400,88,62,1427.7
1400,88,64,1412.2
1400,88,66,1428.0
1400,88,68,1428.0
1400,88,70,1412.3
1400,88,72,1427.7
1400,88,74,1427.7
1400,88,76,1412.0
1400,88,78,1428.0
1400,88,80,1412.5
1400,88,82,1412.2
1400,88,84,1427.7
1400,88,86,1412.0
1400,88,88,1411.8
1400,88,90,1428.0
1400,88,92,1412.3
1400,88,94,1412.0
1400,88,96,1427.7
1400,88,98,1411.8
1400,88,100,1411.7
1400,88,102,1412.3
1400,88,104,1412.2
1400,88,106,1412.2
1400,88,108,1412.0
1400,88,110,1411.8
1400,88,112,1412.5
1400,88,114,1412.3
1400,88,116,1412.0
1400,88,118,1396.8
1400,88,120,1396.6
1400,88,122,1396.2
1400,88,124,1396.1
1400,88,126,1396.7
1400,88,128,1381.4
1400,88,130,1381.5
1400,88,132,1381.2
1400,88,134,1382.0
1400,88,136,1381.7
1400,88,138,1366.5
1400,88,140,1366.6
1400,88,142,1366.4
1400,88,144,1366.0
1400,88,146,1366.7
1400,88,148,1351.8
1400,88,150,1351.7
1400,88,152,1351.5
1400,88,154,1351.2
1400,88,156,1352.0
1400,88,158,1337.3
1400,88,160,1336.9
1400,88,162,1337.0
1400,88,164,1336.4
1400,88,166,1337.4
1400,88,168,1322.9
1400,88,170,1322.6
1400,88,172,1322.6
1400,88,174,1322.3
1400,88,176,1308.3
1400,88,178,1308.5
1400,88,180,1308.4
1400,90,0,1428.6
1400,90,2,1412.8
1400,90,4,1413.1
1400,90,6,1428.3
1400,90,8,1411.9
1400,90,10,1428.6
1400,90,12,1428.6
1400,90,14,1413.1
1400,90,16,1428.3
1400,90,18,1428.3
1400,90,20,1412.8
1400,90,22,1428.6
1400,90,24,1428.0
1400,90,26,1413.1
1400,90,28,1428.3
1400,90,30,1412.5
1400,90,32,1419.2
1400,90,34,1428.6
1400,90,36,1413.1
1400,90,38,1428.3
1400,90,40,1428.3
1400,90,42,1412.8
1400,90,44,1428.6
1400,90,46,1428.6
1400,90,48,1413.1
1400,90,50,1428.3
1400,90,52,1428.3
1400,90,54,1412.6
1400,90,56,1428.6
1400,90,58,1413.1
1400,90,60,1428.3
1400,90,62,1428.3
1400,90,64,1412.8
1400,90,66,1428.6
1400,90,68,1428.6
1400,90,70,1413.0
1400,90,72,1428.3
1400,90,74,1428.3
1400,90,76,1412.6
1400,90,78,1428.6
1400,90,80,1413.1
1400,90,82,1412.8
1400,90,84,1428.3
1400,90,86,1412.8
1400,90,88,1412.5
1400,90,90,1428.6
1400,90,92,1413.0
1400,90,94,1412.6
1400,90,96,1428.3
1400,90,98,1412.5
1400,90,100,1412.3
1400,90,102,1428.6
1400,90,104,1412.8
1400,90,106,1412.8
1400,90,108,1412.6
1400,90,110,1412.5
1400,90,112,1413.1
1400,90,114,1413.0
1400,90,116,1412.6
1400,90,118,1412.8
1400,90,120,1397.2
1400,90,122,1396.9
1400,90,124,1396.7
1400,90,126,1397.4
1400,90,128,1397.5
1400,90,130,1382.1
1400,90,132,1381.9
1400,90,134,1382.6
1400,90,136,1382.3
1400,90,138,1382.1
1400,90,140,1367.3
1400,90,142,1367.0
1400,90,144,1366.7
1400,90,146,1367.4
1400,90,148,1367.2
1400,90,150,1352.4
1400,90,152,1352.1
1400,90,154,1351.9
1400,90,156,1352.6
1400,90,158,1352.4
1400,90,160,1337.6
1400,90,162,1337.6
1400,90,164,1337.3
1400,90,166,1338.1
1400,90,168,1337.8
1400,90,170,1323.3
1400,90,172,1323.3
1400,90,174,1323.0
1400,90,176,1323.6
1400,90,178,1323.3
1400,90,180,1309.1
-1400,2,0,1400.6
-1400,2,2,948.0
-1400,2,4,1101.1
-1400,2,6,1193.6
-1400,2,8,953.6
-1400,2,10,1384.5
-1400,2,12,1069.1
-1400,2,14,1237.9
-1400,2,16,968.8
-1400,2,18,1008.6
-1400,2,20,1369.2
-1400,2,22,1154.2
-1400,2,24,1154.2
-1400,2,26,916.8
-1400,2,28,953.6
-1400,2,30,997.2
-1400,2,32,1071.6
-1400,2,34,1237.9
-1400,2,36,729.3
-1400,2,38,907.5
-1400,2,40,514.2
-1400,2,42,1101.1
-1400,2,44,828.2
-1400,2,46,523.1
-1400,2,48,674.0
-1400,2,50,1019.3
-1400,2,52,932.2
-1400,2,54,-1.0
-1400,2,56,-1.0
-1400,2,58,-1.0
-1400,2,60,-1.0
-1400,2,62,-1.0
-1400,2,64,-1.0
-1400,2,66,-1.0
-1400,2,68,-1.0
-1400,2,70,-1.0
-1400,2,72,-1.0
-1400,2,74,-1.0
-1400,2,76,-1.0
-1400,2,78,-1.0
-1400,2,80,-1.0
-1400,2,82,-1.0
-1400,2,84,-1.0
-1400,2,86,-1.0
-1400,2,88,-1.0
-1400,2,90,-1.0
-1400,2,92,-1.0
-1400,2,94,-1.0
-1400,2,96,-1.0
-1400,2,98,-1.0
-1400,2,100,-1.0
-1400,2,102,-1.0
-1400,2,104,-1.0
-1400,2,106,-1.0
-1400,2,108,-1.0
-1400,2,110,-1.0
-1400,2,112,-1.0
-1400,2,114,-1.0
-1400,2,116,-1.0
-1400,2,118,-1.0
-1400,2,120,-1.0
-1400,2,122,-1.0
-1400,2,124,-1.0
-1400,2,126,-1.0
-1400,2,128,-1.0
-1400,2,130,-1.0
-1400,2,132,-1.0
-1400,2,134,-1.0
-1400,2,136,-1.0
-1400,2,138,-1.0
-1400,2,140,-1.0
-1400,2,142,-1.0
-1400,2,144,-1.0
-1400,2,146,-1.0
-1400,2,148,-1.0
-1400,2,150,-1.0
-1400,2,152,-1.0
-1400,2,154,-1.0
-1400,2,156,-1.0
-1400,2,158,-1.0
-1400,2,160,-1.0
-1400,2,162,-1.0
-1400,2,164,-1.0
-1400,2,166,-1.0
-1400,2,168,-1.0
-1400,2,170,-1.0
-1400,2,172,-1.0
-1400,2,174,-1.0
-1400,2,176,-1.0
-1400,2,178,-1.0
-1400,2,180,-1.0
-1400,4,0,1401.3
-1400,4,2,1306.7
-1400,4,4,1182.0
-1400,4,6,1385.5
-1400,4,8,1106.1
-1400,4,10,1385.1
-1400,4,12,1139.9
-1400,4,14,1238.5
-1400,4,16,1336.5
-1400,4,18,1246.6
-1400,4,20,1369.8
-1400,4,22,1154.8
-1400,4,24,1252.7
-1400,4,26,1321.8
-1400,4,28,1260.6
-1400,4,30,1321.4
-1400,4,32,1181.5
-1400,4,34,1238.9
-1400,4,36,1238.8
-1400,4,38,1246.7
-1400,4,40,1306.8
-1400,4,42,1129.1
-1400,4,44,1224.6
-1400,4,46,1261.0
-1400,4,48,1118.7
-1400,4,50,1031.3
-1400,4,52,1127.2
-1400,4,54,1211.1
-1400,4,56,872.0
-1400,4,58,1216.7
-1400,4,60,1140.5
-1400,4,62,1106.3
-1400,4,64,1167.5
-1400,4,66,860.4
-1400,4,68,1067.5
-1400,4,70,1066.6
-1400,4,72,1127.6
-1400,4,74,1125.9
-1400,4,76,881.7
-1400,4,78,921.6
-1400,4,80,1055.4
-1400,4,82,1086.9
-1400,4,84,1086.3
-1400,4,86,827.0
-1400,4,88,837.7
-1400,4,90,1018.6
-1400,4,92,928.9
-1400,4,94,808.2
-1400,4,96,833.9
-1400,4,98,953.4
-1400,4,100,864.2
-1400,4,102,722.4
-1400,4,104,789.1
-1400,4,106,774.8
-1400,4,108,773.1
-1400,4,110,744.5
-1400,4,112,709.7
-1400,4,114,598.8
-1400,4,116,607.5
-1400,4,118,736.9
-1400,4,120,667.1
-1400,4,122,623.7
-1400,4,124,662.0
-1400,4,126,558.2
-1400,4,128,556.3
-1400,4,130,495.4
-1400,4,132,512.3
-1400,4,134,498.5
-1400,4,136,423.9
-1400,4,138,448.7
-1400,4,140,457.5
-1400,4,142,402.4
-1400,4,144,358.0
-1400,4,146,418.6
-1400,4,148,346.3
-1400,4,150,359.4
-1400,4,152,330.7
-1400,4,154,304.4
-1400,4,156,347.4
-1400,4,158,270.6
-1400,4,160,288.3
-1400,4,162,260.8
-1400,4,164,293.2
-1400,4,166,244.9
-1400,4,168,250.3
-1400,4,170,242.7
-1400,4,172,233.1
-1400,4,174,196.7
-1400,4,176,213.6
-1400,4,178,197.2
-1400,4,180,185.8
-1400,6,0,1401.9
-1400,6,2,1307.4
-1400,6,4,1370.1
-1400,6,6,1401.6
-1400,6,8,1292.7
-1400,6,10,1385.8
-1400,6,12,1292.3
-1400,6,14,1337.1
-1400,6,16,1386.1
-1400,6,18,1253.5
-1400,6,20,1370.5
-1400,6,22,1278.0
-1400,6,24,1337.2
-1400,6,26,1355.0
-1400,6,28,1261.2
-1400,6,30,1324.2
-1400,6,32,1354.7
-1400,6,34,1322.4
-1400,6,36,1307.2
-1400,6,38,1276.0
-1400,6,40,1307.5
-1400,6,42,1339.7
-1400,6,44,1261.5
-1400,6,46,1292.7
-1400,6,48,1232.9
-1400,6,50,1292.4
-1400,6,52,1210.6
-1400,6,54,1216.9
-1400,6,56,1247.1
-1400,6,58,1247.4
-1400,6,60,1278.1
-1400,6,62,1168.2
-1400,6,64,1203.5
-1400,6,66,1197.1
-1400,6,68,1203.3
-1400,6,70,1128.0
-1400,6,72,1155.3
-1400,6,74,1184.6
-1400,6,76,1154.4
-1400,6,78,1190.1
-1400,6,80,1115.6
-1400,6,82,1115.3
-1400,6,84,1148.3
-1400,6,86,1113.8
-1400,6,88,1018.5
-1400,6,90,1044.6
-1400,6,92,1103.1
-1400,6,94,1043.5
-1400,6,96,1135.4
-1400,6,98,1038.8
-1400,6,100,1038.3
-1400,6,102,1063.3
-1400,6,104,1037.0
-1400,6,106,972.4
-1400,6,108,972.4
-1400,6,110,1027.0
-1400,6,112,995.6
-1400,6,114,1025.7
-1400,6,116,910.1
-1400,6,118,909.7
-1400,6,120,990.0
-1400,6,122,960.1
-1400,6,124,839.1
-1400,6,126,864.3
-1400,6,128,900.2
-1400,6,130,926.9
-1400,6,132,926.4
-1400,6,134,808.9
-1400,6,136,831.5
-1400,6,138,868.7
-1400,6,140,842.2
-1400,6,142,783.7
-1400,6,144,780.8
-1400,6,146,777.2
-1400,6,148,776.7
-1400,6,150,812.1
-1400,6,152,702.1
-1400,6,154,728.9
-1400,6,156,761.5
-1400,6,158,727.6
-1400,6,160,668.5
-1400,6,162,684.2
-1400,6,164,634.2
-1400,6,166,713.0
-1400,6,168,643.4
-1400,6,170,613.7
-1400,6,172,639.3
-1400,6,174,611.0
-1400,6,176,638.9
-1400,6,178,589.4
-1400,6,180,549.9
-1400,8,0,-1.0
-1400,8,2,-1.0
-1400,8,4,-1.0
-1400,8,6,-1.0
-1400,8,8,-1.0
-1400,8,10,-1.0
-1400,8,12,-1.0
-1400,8,14,-1.0
-1400,8,16,-1.0
-1400,8,18,-1.0
-1400,8,20,-1.0
-1400,8,22,-1.0
-1400,8,24,-1.0
-1400,8,26,-1.0
-1400,8,28,-1.0
-1400,8,30,-1.0
-1400,8,32,-1.0
-1400,8,34,-1.0
-1400,8,36,-1.0
-1400,8,38,-1.0
-1400,8,40,-1.0
-1400,8,42,-1.0
-1400,8,44,-1.0
-1400,8,46,-1.0
-1400,8,48,-1.0
-1400,8,50,-1.0
-1400,8,52,-1.0
-1400,8,54,-1.0
-1400,8,56,-1.0
-1400,8,58,-1.0
-1400,8,60,-1.0
-1400,8,62,-1.0
-1400,8,64,-1.0
-1400,8,66,-1.0
-1400,8,68,-1.0
-1400,8,70,-1.0
-1400,8,72,-1.0
-1400,8,74,-1.0
-1400,8,76,-1.0
-1400,8,78,-1.0
-1400,8,80,-1.0
-1400,8,82,-1.0
-1400,8,84,-1.0
-1400,8,86,-1.0
-1400,8,88,-1.0
-1400,8,90,-1.0
-1400,8,92,-1.0
-1400,8,94,-1.0
-1400,8,96,-1.0
-1400,8,98,-1.0
-1400,8,100,-1.0
-1400,8,102,-1.0
-1400,8,104,-1.0
-1400,8,106,-1.0
-1400,8,108,-1.0
-1400,8,110,-1.0
-1400,8,112,-1.0
-1400,8,114,-1.0
-1400,8,116,-1.0
-1400,8,118,-1.0
-1400,8,120,-1.0
-1400,8,122,-1.0
-1400,8,124,-1.0
-1400,8,126,-1.0
-1400,8,128,-1.0
-1400,8,130,-1.0
-1400,8,132,-1.0
-1400,8,134,-1.0
-1400,8,136,-1.0
-1400,8,138,-1.0
-1400,8,140,-1.0
-1400,8,142,-1.0
-1400,8,144,-1.0
-1400,8,146,-1.0
-1400,8,148,-1.0
-1400,8,150,-1.0
-1400,8,152,-1.0
-1400,8,154,-1.0
-1400,8,156,-1.0
-1400,8,158,-1.0
-1400,8,160,-1.0
-1400,8,162,-1.0
-1400,8,164,-1.0
-1400,8,166,-1.0
-1400,8,168,-1.0
-1400,8,170,-1.0
-1400,8,172,-1.0
-1400,8,174,-1.0
-1400,8,176,-1.0
-1400,8,178,-1.0
-1400,8,180,-1.0
-1400,10,0,-1.0
-1400,10,2,-1.0
-1400,10,4,-1.0
-1400,10,6,-1.0
-1400,10,8,-1.0
-1400,10,10,-1.0
-1400,10,12,-1.0
-1400,10,14,-1.0
-1400,10,16,-1.0
-1400,10,18,-1.0
-1400,10,20,-1.0
-1400,10,22,-1.0
-1400,10,24,-1.0
-1400,10,26,-1.0
-1400,10,28,-1.0
-1400,10,30,-1.0
-1400,10,32,-1.0
-1400,10,34,-1.0
-1400,10,36,-1.0
-1400,10,38,-1.0
-1400,10,40,-1.0
-1400,10,42,-1.0
-1400,10,44,-1.0
-1400,10,46,-1.0
-1400,10,48,-1.0
-1400,10,50,-1.0
-1400,10,52,-1.0
-1400,10,54,-1.0
-1400,10,56,-1.0
-1400,10,58,-1.0
-1400,10,60,-1.0
-1400,10,62,-1.0
-1400,10,64,-1.0
-1400,10,66,-1.0
-1400,10,68,-1.0
-1400,10,70,-1.0
-1400,10,72,-1.0
-1400,10,74,-1.0
-1400,10,76,-1.0
-1400,10,78,-1.0
-1400,10,80,-1.0
-1400,10,82,-1.0
-1400,10,84,-1.0
-1400,10,86,-1.0
-1400,10,88,-1.0
-1400,10,90,-1.0
-1400,10,92,-1.0
-1400,10,94,-1.0
-1400,10,96,-1.0
-1400,10,98,-1.0
-1400,10,100,-1.0
-1400,10,102,-1.0
-1400,10,104,-1.0
-1400,10,106,-1.0
-1400,10,108,-1.0
-1400,10,110,-1.0
-1400,10,112,-1.0
-1400,10,114,-1.0
-1400,10,116,-1.0
-1400,10,118,-1.0
-1400,10,120,-1.0
-1400,10,122,-1.0
-1400,10,124,-1.0
-1400,10,126,-1.0
-1400,10,128,-1.0
-1400,10,130,-1.0
-1400,10,132,-1.0
-1400,10,134,-1.0
-1400,10,136,-1.0
-1400,10,138,-1.0
-1400,10,140,-1.0
-1400,10,142,-1.0
-1400,10,144,-1.0
-1400,10,146,-1.0
-1400,10,148,-1.0
-1400,10,150,-1.0
-1400,10,152,-1.0
-1400,10,154,-1.0
-1400,10,156,-1.0
-1400,10,158,-1.0
-1400,10,160,-1.0
-1400,10,162,-1.0
-1400,10,164,-1.0
-1400,10,166,-1.0
-1400,10,168,-1.0
-1400,10,170,-1.0
-1400,10,172,-1.0
-1400,10,174,-1.0
-1400,10,176,-1.0
-1400,10,178,-1.0
-1400,10,180,-1.0
-1400,12,0,-1.0
-1400,12,2,-1.0
-1400,12,4,-1.0
-1400,12,6,-1.0
-1400,12,8,-1.0
-1400,12,10,-1.0
-1400,12,12,-1.0
-1400,12,14,-1.0
-1400,12,16,-1.0
-1400,12,18,-1.0
-1400,12,20,-1.0
-1400,12,22,-1.0
-1400,12,24,-1.0
-1400,12,26,-1.0
-1400,12,28,-1.0
-1400,12,30,-1.0
-1400,12,32,-1.0
-1400,12,34,-1.0
-1400,12,36,-1.0
-1400,12,38,-1.0
-1400,12,40,-1.0
-1400,12,42,-1.0
-1400,12,44,-1.0
-1400,12,46,-1.0
-1400,12,48,-1.0
-1400,12,50,-1.0
-1400,12,52,-1.0
-1400,12,54,-1.0
-1400,12,56,-1.0
-1400,12,58,-1.0
-1400,12,60,-1.0
-1400,12,62,-1.0
-1400,12,64,-1.0
-1400,12,66,-1.0
-1400,12,68,-1.0
-1400,12,70,-1.0
-1400,12,72,-1.0
-1400,12,74,-1.0
-1400,12,76,-1.0
-1400,12,78,-1.0
-1400,12,80,-1.0
-1400,12,82,-1.0
-1400,12,84,-1.0
-1400,12,86,-1.0
-1400,12,88,-1.0
-1400,12,90,-1.0
-1400,12,92,-1.0
-1400,12,94,-1.0
-1400,12,96,-1.0
-1400,12,98,-1.0
-1400,12,100,-1.0
-1400,12,102,-1.0
-1400,12,104,-1.0
-1400,12,106,-1.0
-1400,12,108,-1.0
-1400,12,110,-1.0
-1400,12,112,-1.0
-1400,12,114,-1.0
-1400,12,116,-1.0
-1400,12,118,-1.0
-1400,12,120,-1.0
-1400,12,122,-1.0
-1400,12,124,-1.0
-1400,12,126,-1.0
-1400,12,128,-1.0
-1400,12,130,-1.0
-1400,12,132,-1.0
-1400,12,134,-1.0
-1400,12,136,-1.0
-1400,12,138,-1.0
-1400,12,140,-1.0
-1400,12,142,-1.0
-1400,12,144,-1.0
-1400,12,146,-1.0
-1400,12,148,-1.0
-1400,12,150,-1.0
-1400,12,152,-1.0
-1400,12,154,-1.0
-1400,12,156,-1.0
-1400,12,158,-1.0
-1400,12,160,-1.0
-1400,12,162,-1.0
-1400,12,164,-1.0
-1400,12,166,-1.0
-1400,12,168,-1.0
-1400,12,170,-1.0
-1400,12,172,-1.0
-1400,12,174,-1.0
-1400,12,176,-1.0
-1400,12,178,-1.0
-1400,12,180,-1.0
-1400,14,0,-1.0
-1400,14,2,-1.0
-1400,14,4,-1.0
-1400,14,6,-1.0
-1400,14,8,-1.0
-1400,14,10,-1.0
-1400,14,12,-1.0
-1400,14,14,-1.0
-1400,14,16,-1.0
-1400,14,18,-1.0
-1400,14,20,-1.0
-1400,14,22,-1.0
-1400,14,24,-1.0
-1400,14,26,-1.0
-1400,14,28,-1.0
-1400,14,30,-1.0
-1400,14,32,-1.0
-1400,14,34,-1.0
-1400,14,36,-1.0
-1400,14,38,-1.0
-1400,14,40,-1.0
-1400,14,42,-1.0
-1400,14,44,-1.0
-1400,14,46,-1.0
-1400,14,48,-1.0
-1400,14,50,-1.0
-1400,14,52,-1.0
-1400,14,54,-1.0
-1400,14,56,-1.0
-1400,14,58,-1.0
-1400,14,60,-1.0
-1400,14,62,-1.0
-1400,14,64,-1.0
-1400,14,66,-1.0
-1400,14,68,-1.0
-1400,14,70,-1.0
-1400,14,72,-1.0
-1400,14,74,-1.0
-1400,14,76,-1.0
-1400,14,78,-1.0
-1400,14,80,-1.0
-1400,14,82,-1.0
-1400,14,84,-1.0
-1400,14,86,-1.0
-1400,14,88,-1.0
-1400,14,90,-1.0
-1400,14,92,-1.0
-1400,14,94,-1.0
-1400,14,96,-1.0
-1400,14,98,-1.0
-1400,14,100,-1.0
-1400,14,102,-1.0
-1400,14,104,-1.0
-1400,14,106,-1.0
-1400,14,108,-1.0
-1400,14,110,-1.0
-1400,14,112,-1.0
-1400,14,114,-1.0
-1400,14,116,-1.0
-1400,14,118,-1.0
-1400,14,120,-1.0
-1400,14,122,-1.0
-1400,14,124,-1.0
-1400,14,126,-1.0
-1400,14,128,-1.0
-1400,14,130,-1.0
-1400,14,132,-1.0
-1400,14,134,-1.0
-1400,14,136,-1.0
-1400,14,138,-1.0
-1400,14,140,-1.0
-1400,14,142,-1.0
-1400,14,144,-1.0
-1400,14,146,-1.0
-1400,14,148,-1.0
-1400,14,150,-1.0
-1400,14,152,-1.0
-1400,14,154,-1.0
-1400,14,156,-1.0
-1400,14,158,-1.0
-1400,14,160,-1.0
-1400,14,162,-1.0
-1400,14,164,-1.0
-1400,14,166,-1.0
-1400,14,168,-1.0
-1400,14,170,-1.0
-1400,14,172,-1.0
-1400,14,174,-1.0
-1400,14,176,-1.0
-1400,14,178,-1.0
-1400,14,180,-1.0
-1400,16,0,-1.0
-1400,16,2,-1.0
-1400,16,4,-1.0
-1400,16,6,-1.0
-1400,16,8,-1.0
-1400,16,10,-1.0
-1400,16,12,-1.0
-1400,16,14,-1.0
-1400,16,16,-1.0
-1400,16,18,-1.0
-1400,16,20,-1.0
-1400,16,22,-1.0
-1400,16,24,-1.0
-1400,16,26,-1.0
-1400,16,28,-1.0
-1400,16,30,-1.0
-1400,16,32,-1.0
-1400,16,34,-1.0
-1400,16,36,-1.0
-1400,16,38,-1.0
-1400,16,40,-1.0
-1400,16,42,-1.0
-1400,16,44,-1.0
-1400,16,46,-1.0
-1400,16,48,-1.0
-1400,16,50,-1.0
-1400,16,52,-1.0
-1400,16,54,-1.0
-1400,16,56,-1.0
-1400,16,58,-1.0
-1400,16,60,-1.0
-1400,16,62,-1.0
-1400,16,64,-1.0
-1400,16,66,-1.0
-1400,16,68,-1.0
-1400,16,70,-1.0
-1400,16,72,-1.0
-1400,16,74,-1.0
-1400,16,76,-1.0
-1400,16,78,-1.0
-1400,16,80,-1.0
-1400,16,82,-1.0
-1400,16,84,-1.0
-1400,16,86,-1.0
-1400,16,88,-1.0
-1400,16,90,-1.0
-1400,16,92,-1.0
-1400,16,94,-1.0
-1400,16,96,-1.0
-1400,16,98,-1.0
-1400,16,100,-1.0
-1400,16,102,-1.0
-1400,16,104,-1.0
-1400,16,106,-1.0
-1400,16,108,-1.0
-1400,16,110,-1.0
-1400,16,112,-1.0
-1400,16,114,-1.0
-1400,16,116,-1.0
-1400,16,118,-1.0
-1400,16,120,-1.0
-1400,16,122,-1.0
-1400,16,124,-1.0
-1400,16,126,-1.0
-1400,16,128,-1.0
-1400,16,130,-1.0
-1400,16,132,-1.0
-1400,16,134,-1.0
-1400,16,136,-1.0
-1400,16,138,-1.0
-1400,16,140,-1.0
-1400,16,142,-1.0
-1400,16,144,-1.0
-1400,16,146,-1.0
-1400,16,148,-1.0
-1400,16,150,-1.0
-1400,16,152,-1.0
-1400,16,154,-1.0
-1400,16,156,-1.0
-1400,16,158,-1.0
-1400,16,160,-1.0
-1400,16,162,-1.0
-1400,16,164,-1.0
-1400,16,166,-1.0
-1400,16,168,-1.0
-1400,16,170,-1.0
-1400,16,172,-1.0
-1400,16,174,-1.0
-1400,16,176,-1.0
-1400,16,178,-1.0
-1400,16,180,-1.0
-1400,18,0,-1.0
-1400,18,2,-1.0
-1400,18,4,-1.0
-1400,18,6,-1.0
-1400,18,8,-1.0
-1400,18,10,-1.0
-1400,18,12,-1.0
-1400,18,14,-1.0
-1400,18,16,-1.0
-1400,18,18,-1.0
-1400,18,20,-1.0
-1400,18,22,-1.0
-1400,18,24,-1.0
-1400,18,26,-1.0
-1400,18,28,-1.0
-1400,18,30,-1.0
-1400,18,32,-1.0
-1400,18,34,-1.0
-1400,18,36,-1.0
-1400,18,38,-1.0
-1400,18,40,-1.0
-1400,18,42,-1.0
-1400,18,44,-1.0
-1400,18,46,-1.0
-1400,18,48,-1.0
-1400,18,50,-1.0
-1400,18,52,-1.0
-1400,18,54,-1.0
-1400,18,56,-1.0
-1400,18,58,-1.0
-1400,18,60,-1.0
-1400,18,62,-1.0
-1400,18,64,-1.0
-1400,18,66,-1.0
-1400,18,68,-1.0
-1400,18,70,-1.0
-1400,18,72,-1.0
-1400,18,74,-1.0
-1400,18,76,-1.0
-1400,18,78,-1.0
-1400,18,80,-1.0
-1400,18,82,-1.0
-1400,18,84,-1.0
-1400,18,86,-1.0
-1400,18,88,-1.0
-1400,18,90,-1.0
-1400,18,92,-1.0
-1400,18,94,-1.0
-1400,18,96,-1.0
-1400,18,98,-1.0
-1400,18,100,-1.0
-1400,18,102,-1.0
-1400,18,104,-1.0
-1400,18,106,-1.0
-1400,18,108,-1.0
-1400,18,110,-1.0
-1400,18,112,-1.0
-1400,18,114,-1.0
-1400,18,116,-1.0
-1400,18,118,-1.0
-1400,18,120,-1.0
-1400,18,122,-1.0
-1400,18,124,-1.0
-1400,18,126,-1.0
-1400,18,128,-1.0
-1400,18,130,-1.0
-1400,18,132,-1.0
-1400,18,134,-1.0
-1400,18,136,-1.0
-1400,18,138,-1.0
-1400,18,140,-1.0
-1400,18,142,-1.0
-1400,18,144,-1.0
-1400,18,146,-1.0
-1400,18,148,-1.0
-1400,18,150,-1.0
-1400,18,152,-1.0
-1400,18,154,-1.0
-1400,18,156,-1.0
-1400,18,158,-1.0
-1400,18,160,-1.0
-1400,18,162,-1.0
-1400,18,164,-1.0
-1400,18,166,-1.0
-1400,18,168,-1.0
-1400,18,170,-1.0
-1400,18,172,-1.0
-1400,18,174,-1.0
-1400,18,176,-1.0
-1400,18,178,-1.0
-1400,18,180,-1.0
-1400,20,0,-1.0
-1400,20,2,-1.0
-1400,20,4,-1.0
-1400,20,6,-1.0
-1400,20,8,-1.0
-1400,20,10,-1.0
-1400,20,12,-1.0
-1400,20,14,-1.0
-1400,20,16,-1.0
-1400,20,18,-1.0
-1400,20,20,-1.0
-1400,20,22,-1.0
-1400,20,24,-1.0
-1400,20,26,-1.0
-1400,20,28,-1.0
-1400,20,30,-1.0
-1400,20,32,-1.0
-1400,20,34,-1.0
-1400,20,36,-1.0
-1400,20,38,-1.0
-1400,20,40,-1.0
-1400,20,42,-1.0
-1400,20,44,-1.0
-1400,20,46,-1.0
-1400,20,48,-1.0
-1400,20,50,-1.0
-1400,20,52,-1.0
-1400,20,54,-1.0
-1400,20,56,-1.0
-1400,20,58,-1.0
-1400,20,60,-1.0
-1400,20,62,-1.0
-1400,20,64,-1.0
-1400,20,66,-1.0
-1400,20,68,-1.0
-1400,20,70,-1.0
-1400,20,72,-1.0
-1400,20,74,-1.0
-1400,20,76,-1.0
-1400,20,78,-1.0
-1400,20,80,-1.0
-1400,20,82,-1.0
-1400,20,84,-1.0
-1400,20,86,-1.0
-1400,20,88,-1.0
-1400,20,90,-1.0
-1400,20,92,-1.0
-1400,20,94,-1.0
-1400,20,96,-1.0
-1400,20,98,-1.0
-1400,20,100,-1.0
-1400,20,102,-1.0
-1400,20,104,-1.0
-1400,20,106,-1.0
-1400,20,108,-1.0
-1400,20,110,-1.0
-1400,20,112,-1.0
-1400,20,114,-1.0
-1400,20,116,-1.0
-1400,20,118,-1.0
-1400,20,120,-1.0
-1400,20,122,-1.0
-1400,20,124,-1.0
-1400,20,126,-1.0
-1400,20,128,-1.0
-1400,20,130,-1.0
-1400,20,132,-1.0
-1400,20,134,-1.0
-1400,20,136,-1.0
-1400,20,138,-1.0
-1400,20,140,-1.0
-1400,20,142,-1.0
-1400,20,144,-1.0
-1400,20,146,-1.0
-1400,20,148,-1.0
-1400,20,150,-1.0
-1400,20,152,-1.0
-1400,20,154,-1.0
-1400,20,156,-1.0
-1400,20,158,-1.0
-1400,20,160,-1.0
-1400,20,162,-1.0
-1400,20,164,-1.0
-1400,20,166,-1.0
-1400,20,168,-1.0
-1400,20,170,-1.0
-1400,20,172,-1.0
-1400,20,174,-1.0
-1400,20,176,-1.0
-1400,20,178,-1.0
-1400,20,180,-1.0
-1400,22,0,-1.0
-1400,22,2,-1.0
-1400,22,4,-1.0
-1400,22,6,-1.0
-1400,22,8,-1.0
-1400,22,10,-1.0
-1400,22,12,-1.0
-1400,22,14,-1.0
-1400,22,16,-1.0
-1400,22,18,-1.0
-1400,22,20,-1.0
-1400,22,22,-1.0
-1400,22,24,-1.0
-1400,22,26,-1.0
-1400,22,28,-1.0
-1400,22,30,-1.0
-1400,22,32,-1.0
-1400,22,34,-1.0
-1400,22,36,-1.0
-1400,22,38,-1.0
-1400,22,40,-1.0
-1400,22,42,-1.0
-1400,22,44,-1.0
-1400,22,46,-1.0
-1400,22,48,-1.0
-1400,22,50,-1.0
-1400,22,52,-1.0
-1400,22,54,-1.0
-1400,22,56,-1.0
-1400,22,58,-1.0
-1400,22,60,-1.0
-1400,22,62,-1.0
-1400,22,64,-1.0
-1400,22,66,-1.0
-1400,22,68,-1.0
-1400,22,70,-1.0
-1400,22,72,-1.0
-1400,22,74,-1.0
-1400,22,76,-1.0
-1400,22,78,-1.0
-1400,22,80,-1.0
-1400,22,82,-1.0
-1400,22,84,-1.0
-1400,22,86,-1.0
-1400,22,88,-1.0
-1400,22,90,-1.0
-1400,22,92,-1.0
-1400,22,94,-1.0
-1400,22,96,-1.0
-1400,22,98,-1.0
-1400,22,100,-1.0
-1400,22,102,-1.0
-1400,22,104,-1.0
-1400,22,106,-1.0
-1400,22,108,-1.0
-1400,22,110,-1.0
-1400,22,112,-1.0
-1400,22,114,-1.0
-1400,22,116,-1.0
-1400,22,118,-1.0
-1400,22,120,-1.0
-1400,22,122,-1.0
-1400,22,124,-1.0
-1400,22,126,-1.0
-1400,22,128,-1.0
-1400,22,130,-1.0
-1400,22,132,-1.0
-1400,22,134,-1.0
-1400,22,136,-1.0
-1400,22,138,-1.0
-1400,22,140,-1.0
-1400,22,142,-1.0
-1400,22,144,-1.0
-1400,22,146,-1.0
-1400,22,148,-1.0
-1400,22,150,-1.0
-1400,22,152,-1.0
-1400,22,154,-1.0
-1400,22,156,-1.0
-1400,22,158,-1.0
-1400,22,160,-1.0
-1400,22,162,-1.0
-1400,22,164,-1.0
-1400,22,166,-1.0
-1400,22,168,-1.0
-1400,22,170,-1.0
-1400,22,172,-1.0
-1400,22,174,-1.0
-1400,22,176,-1.0
-1400,22,178,-1.0
-1400,22,180,-1.0
-1400,24,0,-1.0
-1400,24,2,-1.0
-1400,24,4,-1.0
-1400,24,6,-1.0
-1400,24,8,-1.0
-1400,24,10,-1.0
-1400,24,12,-1.0
-1400,24,14,-1.0
-1400,24,16,-1.0
-1400,24,18,-1.0
-1400,24,20,-1.0
-1400,24,22,-1.0
-1400,24,24,-1.0
-1400,24,26,-1.0
-1400,24,28,-1.0
-1400,24,30,-1.0
-1400,24,32,-1.0
-1400,24,34,-1.0
-1400,24,36,-1.0
-1400,24,38,-1.0
-1400,24,40,-1.0
-1400,24,42,-1.0
-1400,24,44,-1.0
-1400,24,46,-1.0
-1400,24,48,-1.0
-1400,24,50,-1.0
-1400,24,52,-1.0
-1400,24,54,-1.0
-1400,24,56,-1.0
-1400,24,58,-1.0
-1400,24,60,-1.0
-1400,24,62,-1.0
-1400,24,64,-1.0
-1400,24,66,-1.0
-1400,24,68,-1.0
-1400,24,70,-1.0
-1400,24,72,-1.0
-1400,24,74,-1.0
-1400,24,76,-1.0
-1400,24,78,-1.0
-1400,24,80,-1.0
-1400,24,82,-1.0
-1400,24,84,-1.0
-1400,24,86,-1.0
-1400,24,88,-1.0
-1400,24,90,-1.0
-1400,24,92,-1.0
-1400,24,94,-1.0
-1400,24,96,-1.0
-1400,24,98,-1.0
-1400,24,100,-1.0
-1400,24,102,-1.0
-1400,24,104,-1.0
-1400,24,106,-1.0
-1400,24,108,-1.0
-1400,24,110,-1.0
-1400,24,112,-1.0
-1400,24,114,-1.0
-1400,24,116,-1.0
-1400,24,118,-1.0
-1400,24,120,-1.0
-1400,24,122,-1.0
-1400,24,124,-1.0
-1400,24,126,-1.0
-1400,24,128,-1.0
-1400,24,130,-1.0
-1400,24,132,-1.0
-1400,24,134,-1.0
-1400,24,136,-1.0
-1400,24,138,-1.0
-1400,24,140,-1.0
-1400,24,142,-1.0
-1400,24,144,-1.0
-1400,24,146,-1.0
-1400,24,148,-1.0
-1400,24,150,-1.0
-1400,24,152,-1.0
-1400,24,154,-1.0
-1400,24,156,-1.0
-1400,24,158,-1.0
-1400,24,160,-1.0
-1400,24,162,-1.0
-1400,24,164,-1.0
-1400,24,166,-1.0
-1400,24,168,-1.0
-1400,24,170,-1.0
-1400,24,172,-1.0
-1400,24,174,-1.0
-1400,24,176,-1.0
-1400,24,178,-1.0
-1400,24,180,-1.0
-1400,26,0,-1.0
-1400,26,2,-1.0
-1400,26,4,-1.0
-1400,26,6,-1.0
-1400,26,8,-1.0
-1400,26,10,-1.0
-1400,26,12,-1.0
-1400,26,14,-1.0
-1400,26,16,-1.0
-1400,26,18,-1.0
-1400,26,20,-1.0
-1400,26,22,-1.0
-1400,26,24,-1.0
-1400,26,26,-1.0
-1400,26,28,-1.0
-1400,26,30,-1.0
-1400,26,32,-1.0
-1400,26,34,-1.0
-1400,26,36,-1.0
-1400,26,38,-1.0
-1400,26,40,-1.0
-1400,26,42,-1.0
-1400,26,44,-1.0
-1400,26,46,-1.0
-1400,26,48,-1.0
-1400,26,50,-1.0
-1400,26,52,-1.0
-1400,26,54,-1.0
-1400,26,56,-1.0
-1400,26,58,-1.0
-1400,26,60,-1.0
-1400,26,62,-1.0
-1400,26,64,-1.0
-1400,26,66,-1.0
-1400,26,68,-1.0
-1400,26,70,-1.0
-1400,26,72,-1.0
-1400,26,74,-1.0
-1400,26,76,-1.0
-1400,26,78,-1.0
-1400,26,80,-1.0
-1400,26,82,-1.0
-1400,26,84,-1.0
-1400,26,86,-1.0
-1400,26,88,-1.0
-1400,26,90,-1.0
-1400,26,92,-1.0
-1400,26,94,-1.0
-1400,26,96,-1.0
-1400,26,98,-1.0
-1400,26,100,-1.0
-1400,26,102,-1.0
-1400,26,104,-1.0
-1400,26,106,-1.0
-1400,26,108,-1.0
-1400,26,110,-1.0
-1400,26,112,-1.0
-1400,26,114,-1.0
-1400,26,116,-1.0
-1400,26,118,-1.0
-1400,26,120,-1.0
-1400,26,122,-1.0
-1400,26,124,-1.0
-1400,26,126,-1.0
-1400,26,128,-1.0
-1400,26,130,-1.0
-1400,26,132,-1.0
-1400,26,134,-1.0
-1400,26,136,-1.0
-1400,26,138,-1.0
-1400,26,140,-1.0
-1400,26,142,-1.0
-1400,26,144,-1.0
-1400,26,146,-1.0
-1400,26,148,-1.0
-1400,26,150,-1.0
-1400,26,152,-1.0
-1400,26,154,-1.0
-1400,26,156,-1.0
-1400,26,158,-1.0
-1400,26,160,-1.0
-1400,26,162,-1.0
-1400,26,164,-1.0
-1400,26,166,-1.0
-1400,26,168,-1.0
-1400,26,170,-1.0
-1400,26,172,-1.0
-1400,26,174,-1.0
-1400,26,176,-1.0
-1400,26,178,-1.0
-1400,26,180,-1.0
-1400,28,0,-1.0
-1400,28,2,-1.0
-1400,28,4,-1.0
-1400,28,6,-1.0
-1400,28,8,-1.0
-1400,28,10,-1.0
-1400,28,12,-1.0
-1400,28,14,-1.0
-1400,28,16,-1.0
-1400,28,18,-1.0
-1400,28,20,-1.0
-1400,28,22,-1.0
-1400,28,24,-1.0
-1400,28,26,-1.0
-1400,28,28,-1.0
-1400,28,30,-1.0
-1400,28,32,-1.0
-1400,28,34,-1.0
-1400,28,36,-1.0
-1400,28,38,-1.0
-1400,28,40,-1.0
-1400,28,42,-1.0
-1400,28,44,-1.0
-1400,28,46,-1.0
-1400,28,48,-1.0
-1400,28,50,-1.0
-1400,28,52,-1.0
-1400,28,54,-1.0
-1400,28,56,-1.0
-1400,28,58,-1.0
-1400,28,60,-1.0
-1400,28,62,-1.0
-1400,28,64,-1.0
-1400,28,66,-1.0
-1400,28,68,-1.0
-1400,28,70,-1.0
-1400,28,72,-1.0
-1400,28,74,-1.0
-1400,28,76,-1.0
-1400,28,78,-1.0
-1400,28,80,-1.0
-1400,28,82,-1.0
-1400,28,84,-1.0
-1400,28,86,-1.0
-1400,28,88,-1.0
-1400,28,90,-1.0
-1400,28,92,-1.0
-1400,28,94,-1.0
-1400,28,96,-1.0
-1400,28,98,-1.0
-1400,28,100,-1.0
-1400,28,102,-1.0
-1400,28,104,-1.0
-1400,28,106,-1.0
-1400,28,108,-1.0
-1400,28,110,-1.0
-1400,28,112,-1.0
-1400,28,114,-1.0
-1400,28,116,-1.0
-1400,28,118,-1.0
-1400,28,120,-1.0
-1400,28,122,-1.0
-1400,28,124,-1.0
-1400,28,126,-1.0
-1400,28,128,-1.0
-1400,28,130,-1.0
-1400,28,132,-1.0
-1400,28,134,-1.0
-1400,28,136,-1.0
-1400,28,138,-1.0
-1400,28,140,-1.0
-1400,28,142,-1.0
-1400,28,144,-1.0
-1400,28,146,-1.0
-1400,28,148,-1.0
-1400,28,150,-1.0
-1400,28,152,-1.0
-1400,28,154,-1.0
-1400,28,156,-1.0
-1400,28,158,-1.0
-1400,28,160,-1.0
-1400,28,162,-1.0
-1400,28,164,-1.0
-1400,28,166,-1.0
-1400,28,168,-1.0
-1400,28,170,-1.0
-1400,28,172,-1.0
-1400,28,174,-1.0
-1400,28,176,-1.0
-1400,28,178,-1.0
-1400,28,180,-1.0
-1400,30,0,-1.0
-1400,30,2,-1.0
-1400,30,4,-1.0
-1400,30,6,-1.0
-1400,30,8,-1.0
-1400,30,10,-1.0
-1400,30,12,-1.0
-1400,30,14,-1.0
-1400,30,16,-1.0
-1400,30,18,-1.0
-1400,30,20,-1.0
-1400,30,22,-1.0
-1400,30,24,-1.0
-1400,30,26,-1.0
-1400,30,28,-1.0
-1400,30,30,-1.0
-1400,30,32,-1.0
-1400,30,34,-1.0
-1400,30,36,-1.0
-1400,30,38,-1.0
-1400,30,40,-1.0
-1400,30,42,-1.0
-1400,30,44,-1.0
-1400,30,46,-1.0
-1400,30,48,-1.0
-1400,30,50,-1.0
-1400,30,52,-1.0
-1400,30,54,-1.0
-1400,30,56,-1.0
-1400,30,58,-1.0
-1400,30,60,-1.0
-1400,30,62,-1.0
-1400,30,64,-1.0
-1400,30,66,-1.0
-1400,30,68,-1.0
-1400,30,70,-1.0
-1400,30,72,-1.0
-1400,30,74,-1.0
-1400,30,76,-1.0
-1400,30,78,-1.0
-1400,30,80,-1.0
-1400,30,82,-1.0
-1400,30,84,-1.0
-1400,30,86,-1.0
-1400,30,88,-1.0
-1400,30,90,-1.0
-1400,30,92,-1.0
-1400,30,94,-1.0
-1400,30,96,-1.0
-1400,30,98,-1.0
-1400,30,100,-1.0
-1400,30,102,-1.0
-1400,30,104,-1.0
-1400,30,106,-1.0
-1400,30,108,-1.0
-1400,30,110,-1.0
-1400,30,112,-1.0
-1400,30,114,-1.0
-1400,30,116,-1.0
-1400,30,118,-1.0
-1400,30,120,-1.0
-1400,30,122,-1.0
-1400,30,124,-1.0
-1400,30,126,-1.0
-1400,30,128,-1.0
-1400,30,130,-1.0
-1400,30,132,-1.0
-1400,30,134,-1.0
-1400,30,136,-1.0
-1400,30,138,-1.0
-1400,30,140,-1.0
-1400,30,142,-1.0
-1400,30,144,-1.0
-1400,30,146,-1.0
-1400,30,148,-1.0
-1400,30,150,-1.0
-1400,30,152,-1.0
-1400,30,154,-1.0
-1400,30,156,-1.0
-1400,30,158,-1.0
-1400,30,160,-1.0
-1400,30,162,-1.0
-1400,30,164,-1.0
-1400,30,166,-1.0
-1400,30,168,-1.0
-1400,30,170,-1.0
-1400,30,172,-1.0
-1400,30,174,-1.0
-1400,30,176,-1.0
-1400,30,178,-1.0
-1400,30,180,-1.0
-1400,32,0,-1.0
-1400,32,2,-1.0
-1400,32,4,-1.0
-1400,32,6,-1.0
-1400,32,8,-1.0
-1400,32,10,-1.0
-1400,32,12,-1.0
-1400,32,14,-1.0
-1400,32,16,-1.0
-1400,32,18,-1.0
-1400,32,20,-1.0
-1400,32,22,-1.0
-1400,32,24,-1.0
-1400,32,26,-1.0
-1400,32,28,-1.0
-1400,32,30,-1.0
-1400,32,32,-1.0
-1400,32,34,-1.0
-1400,32,36,-1.0
-1400,32,38,-1.0
-1400,32,40,-1.0
-1400,32,42,-1.0
-1400,32,44,-1.0
-1400,32,46,-1.0
-1400,32,48,-1.0
-1400,32,50,-1.0
-1400,32,52,-1.0
-1400,32,54,-1.0
-1400,32,56,-1.0
-1400,32,58,-1.0
-1400,32,60,-1.0
-1400,32,62,-1.0
-1400,32,64,-1.0
-1400,32,66,-1.0
-1400,32,68,-1.0
-1400,32,70,-1.0
-1400,32,72,-1.0
-1400,32,74,-1.0
-1400,32,76,-1.0
-1400,32,78,-1.0
-1400,32,80,-1.0
-1400,32,82,-1.0
-1400,32,84,-1.0
-1400,32,86,-1.0
-1400,32,88,-1.0
-1400,32,90,-1.0
-1400,32,92,-1.0
-1400,32,94,-1.0
-1400,32,96,-1.0
-1400,32,98,-1.0
-1400,32,100,-1.0
-1400,32,102,-1.0
-1400,32,104,-1.0
-1400,32,106,-1.0
-1400,32,108,-1.0
-1400,32,110,-1.0
-1400,32,112,-1.0
-1400,32,114,-1.0
-1400,32,116,-1.0
-1400,32,118,-1.0
-1400,32,120,-1.0
-1400,32,122,-1.0
-1400,32,124,-1.0
-1400,32,126,-1.0
-1400,32,128,-1.0
-1400,32,130,-1.0
-1400,32,132,-1.0
-1400,32,134,-1.0
-1400,32,136,-1.0
-1400,32,138,-1.0
-1400,32,140,-1.0
-1400,32,142,-1.0
-1400,32,144,-1.0
-1400,32,146,-1.0
-1400,32,148,-1.0
-1400,32,150,-1.0
-1400,32,152,-1.0
-1400,32,154,-1.0
-1400,32,156,-1.0
-1400,32,158,-1.0
-1400,32,160,-1.0
-1400,32,162,-1.0
-1400,32,164,-1.0
-1400,32,166,-1.0
-1400,32,168,-1.0
-1400,32,170,-1.0
-1400,32,172,-1.0
-1400,32,174,-1.0
-1400,32,176,-1.0
-1400,32,178,-1.0
-1400,32,180,-1.0
-1400,34,0,-1.0
-1400,34,2,-1.0
-1400,34,4,-1.0
-1400,34,6,-1.0
-1400,34,8,-1.0
-1400,34,10,-1.0
-1400,34,12,-1.0
-1400,34,14,-1.0
-1400,34,16,-1.0
-1400,34,18,-1.0
-1400,34,20,-1.0
-1400,34,22,-1.0
-1400,34,24,-1.0
-1400,34,26,-1.0
-1400,34,28,-1.0
-1400,34,30,-1.0
-1400,34,32,-1.0
-1400,34,34,-1.0
-1400,34,36,-1.0
-1400,34,38,-1.0
-1400,34,40,-1.0
-1400,34,42,-1.0
-1400,34,44,-1.0
-1400,34,46,-1.0
-1400,34,48,-1.0
-1400,34,50,-1.0
-1400,34,52,-1.0
-1400,34,54,-1.0
-1400,34,56,-1.0
-1400,34,58,-1.0
-1400,34,60,-1.0
-1400,34,62,-1.0
-1400,34,64,-1.0
-1400,34,66,-1.0
-1400,34,68,-1.0
-1400,34,70,-1.0
-1400,34,72,-1.0
-1400,34,74,-1.0
-1400,34,76,-1.0
-1400,34,78,-1.0
-1400,34,80,-1.0
-1400,34,82,-1.0
-1400,34,84,-1.0
-1400,34,86,-1.0
-1400,34,88,-1.0
-1400,34,90,-1.0
-1400,34,92,-1.0
-1400,34,94,-1.0
-1400,34,96,-1.0
-1400,34,98,-1.0
-1400,34,100,-1.0
-1400,34,102,-1.0
-1400,34,104,-1.0
-1400,34,106,-1.0
-1400,34,108,-1.0
-1400,34,110,-1.0
-1400,34,112,-1.0
-1400,34,114,-1.0
-1400,34,116,-1.0
-1400,34,118,-1.0
-1400,34,120,-1.0
-1400,34,122,-1.0
-1400,34,124,-1.0
-1400,34,126,-1.0
-1400,34,128,-1.0
-1400,34,130,-1.0
-1400,34,132,-1.0
-1400,34,134,-1.0
-1400,34,136,-1.0
-1400,34,138,-1.0
-1400,34,140,-1.0
-1400,34,142,-1.0
-1400,34,144,-1.0
-1400,34,146,-1.0
-1400,34,148,-1.0
-1400,34,150,-1.0
-1400,34,152,-1.0
-1400,34,154,-1.0
-1400,34,156,-1.0
-1400,34,158,-1.0
-1400,34,160,-1.0
-1400,34,162,-1.0
-1400,34,164,-1.0
-1400,34,166,-1.0
-1400,34,168,-1.0
-1400,34,170,-1.0
-1400,34,172,-1.0
-1400,34,174,-1.0
-1400,34,176,-1.0
-1400,34,178,-1.0
-1400,34,180,-1.0
-1400,36,0,-1.0
-1400,36,2,-1.0
-1400,36,4,-1.0
-1400,36,6,-1.0
-1400,36,8,-1.0
-1400,36,10,-1.0
-1400,36,12,-1.0
-1400,36,14,-1.0
-1400,36,16,-1.0
-1400,36,18,-1.0
-1400,36,20,-1.0
-1400,36,22,-1.0
-1400,36,24,-1.0
-1400,36,26,-1.0
-1400,36,28,-1.0
-1400,36,30,-1.0
-1400,36,32,-1.0
-1400,36,34,-1.0
-1400,36,36,-1.0
-1400,36,38,-1.0
-1400,36,40,-1.0
-1400,36,42,-1.0
-1400,36,44,-1.0
-1400,36,46,-1.0
-1400,36,48,-1.0
-1400,36,50,-1.0
-1400,36,52,-1.0
-1400,36,54,-1.0
-1400,36,56,-1.0
-1400,36,58,-1.0
-1400,36,60,-1.0
-1400,36,62,-1.0
-1400,36,64,-1.0
-1400,36,66,-1.0
-1400,36,68,-1.0
-1400,36,70,-1.0
-1400,36,72,-1.0
-1400,36,74,-1.0
-1400,36,76,-1.0
-1400,36,78,-1.0
-1400,36,80,-1.0
-1400,36,82,-1.0
-1400,36,84,-1.0
-1400,36,86,-1.0
-1400,36,88,-1.0
-1400,36,90,-1.0
-1400,36,92,-1.0
-1400,36,94,-1.0
-1400,36,96,-1.0
-1400,36,98,-1.0
-1400,36,100,-1.0
-1400,36,102,-1.0
-1400,36,104,-1.0
-1400,36,106,-1.0
-1400,36,108,-1.0
-1400,36,110,-1.0
-1400,36,112,-1.0
-1400,36,114,-1.0
-1400,36,116,-1.0
-1400,36,118,-1.0
-1400,36,120,-1.0
-1400,36,122,-1.0
-1400,36,124,-1.0
-1400,36,126,-1.0
-1400,36,128,-1.0
-1400,36,130,-1.0
-1400,36,132,-1.0
-1400,36,134,-1.0
-1400,36,136,-1.0
-1400,36,138,-1.0
-1400,36,140,-1.0
-1400,36,142,-1.0
-1400,36,144,-1.0
-1400,36,146,-1.0
-1400,36,148,-1.0
-1400,36,150,-1.0
-1400,36,152,-1.0
-1400,36,154,-1.0
-1400,36,156,-1.0
-1400,36,158,-1.0
-1400,36,160,-1.0
-1400,36,162,-1.0
-1400,36,164,-1.0
-1400,36,166,-1.0
-1400,36,168,-1.0
-1400,36,170,-1.0
-1400,36,172,-1.0
-1400,36,174,-1.0
-1400,36,176,-1.0
-1400,36,178,-1.0
-1400,36,180,-1.0
-1400,38,0,-1.0
-1400,38,2,-1.0
-1400,38,4,-1.0
-1400,38,6,-1.0
-1400,38,8,-1.0
-1400,38,10,-1.0
-1400,38,12,-1.0
-1400,38,14,-1.0
-1400,38,16,-1.0
-1400,38,18,-1.0
-1400,38,20,-1.0
-1400,38,22,-1.0
-1400,38,24,-1.0
-1400,38,26,-1.0
-1400,38,28,-1.0
-1400,38,30,-1.0
-1400,38,32,-1.0
-1400,38,34,-1.0
-1400,38,36,-1.0
-1400,38,38,-1.0
-1400,38,40,-1.0
-1400,38,42,-1.0
-1400,38,44,-1.0
-1400,38,46,-1.0
-1400,38,48,-1.0
-1400,38,50,-1.0
-1400,38,52,-1.0
-1400,38,54,-1.0
-1400,38,56,-1.0
-1400,38,58,-1.0
-1400,38,60,-1.0
-1400,38,62,-1.0
-1400,38,64,-1.0
-1400,38,66,-1.0
-1400,38,68,-1.0
-1400,38,70,-1.0
-1400,38,72,-1.0
-1400,38,74,-1.0
-1400,38,76,-1.0
-1400,38,78,-1.0
-1400,38,80,-1.0
-1400,38,82,-1.0
-1400,38,84,-1.0
-1400,38,86,-1.0
-1400,38,88,-1.0
-1400,38,90,-1.0
-1400,38,92,-1.0
-1400,38,94,-1.0
-1400,38,96,-1.0
-1400,38,98,-1.0
-1400,38,100,-1.0
-1400,38,102,-1.0
-1400,38,104,-1.0
-1400,38,106,-1.0
-1400,38,108,-1.0
-1400,38,110,-1.0
-1400,38,112,-1.0
-1400,38,114,-1.0
-1400,38,116,-1.0
-1400,38,118,-1.0
-1400,38,120,-1.0
-1400,38,122,-1.0
-1400,38,124,-1.0
-1400,38,126,-1.0
-1400,38,128,-1.0
-1400,38,130,-1.0
-1400,38,132,-1.0
-1400,38,134,-1.0
-1400,38,136,-1.0
-1400,38,138,-1.0
-1400,38,140,-1.0
-1400,38,142,-1.0
-1400,38,144,-1.0
-1400,38,146,-1.0
-1400,38,148,-1.0
-1400,38,150,-1.0
-1400,38,152,-1.0
-1400,38,154,-1.0
-1400,38,156,-1.0
-1400,38,158,-1.0
-1400,38,160,-1.0
-1400,38,162,-1.0
-1400,38,164,-1.0
-1400,38,166,-1.0
-1400,38,168,-1.0
-1400,38,170,-1.0
-1400,38,172,-1.0
-1400,38,174,-1.0
-1400,38,176,-1.0
-1400,38,178,-1.0
-1400,38,180,-1.0
-1400,40,0,-1.0
-1400,40,2,-1.0
-1400,40,4,-1.0
-1400,40,6,-1.0
-1400,40,8,-1.0
-1400,40,10,-1.0
-1400,40,12,-1.0
-1400,40,14,-1.0
-1400,40,16,-1.0
-1400,40,18,-1.0
-1400,40,20,-1.0
-1400,40,22,-1.0
-1400,40,24,-1.0
-1400,40,26,-1.0
-1400,40,28,-1.0
-1400,40,30,-1.0
-1400,40,32,-1.0
-1400,40,34,-1.0
-1400,40,36,-1.0
-1400,40,38,-1.0
-1400,40,40,-1.0
-1400,40,42,-1.0
-1400,40,44,-1.0
-1400,40,46,-1.0
-1400,40,48,-1.0
-1400,40,50,-1.0
-1400,40,52,-1.0
-1400,40,54,-1.0
-1400,40,56,-1.0
-1400,40,58,-1.0
-1400,40,60,-1.0
-1400,40,62,-1.0
-1400,40,64,-1.0
-1400,40,66,-1.0
-1400,40,68,-1.0
-1400,40,70,-1.0
-1400,40,72,-1.0
-1400,40,74,-1.0
-1400,40,76,-1.0
-1400,40,78,-1.0
-1400,40,80,-1.0
-1400,40,82,-1.0
-1400,40,84,-1.0
-1400,40,86,-1.0
-1400,40,88,-1.0
-1400,40,90,-1.0
-1400,40,92,-1.0
-1400,40,94,-1.0
-1400,40,96,-1.0
-1400,40,98,-1.0
-1400,40,100,-1.0
-1400,40,102,-1.0
-1400,40,104,-1.0
-1400,40,106,-1.0
-1400,40,108,-1.0
-1400,40,110,-1.0
-1400,40,112,-1.0
-1400,40,114,-1.0
-1400,40,116,-1.0
-1400,40,118,-1.0
-1400,40,120,-1.0
-1400,40,122,-1.0
-1400,40,124,-1.0
-1400,40,126,-1.0
-1400,40,128,-1.0
-1400,40,130,-1.0
-1400,40,132,-1.0
-1400,40,134,-1.0
-1400,40,136,-1.0
-1400,40,138,-1.0
-1400,40,140,-1.0
-1400,40,142,-1.0
-1400,40,144,-1.0
-1400,40,146,-1.0
-1400,40,148,-1.0
-1400,40,150,-1.0
-1400,40,152,-1.0
-1400,40,154,-1.0
-1400,40,156,-1.0
-1400,40,158,-1.0
-1400,40,160,-1.0
-1400,40,162,-1.0
-1400,40,164,-1.0
-1400,40,166,-1.0
-1400,40,168,-1.0
-1400,40,170,-1.0
-1400,40,172,-1.0
-1400,40,174,-1.0
-1400,40,176,-1.0
-1400,40,178,-1.0
-1400,40,180,-1.0
-1400,42,0,-1.0
-1400,42,2,-1.0
-1400,42,4,-1.0
-1400,42,6,-1.0
-1400,42,8,-1.0
-1400,42,10,-1.0
-1400,42,12,-1.0
-1400,42,14,-1.0
-1400,42,16,-1.0
-1400,42,18,-1.0
-1400,42,20,-1.0
-1400,42,22,-1.0
-1400,42,24,-1.0
-1400,42,26,-1.0
-1400,42,28,-1.0
-1400,42,30,-1.0
-1400,42,32,-1.0
-1400,42,34,-1.0
-1400,42,36,-1.0
-1400,42,38,-1.0
-1400,42,40,-1.0
-1400,42,42,-1.0
-1400,42,44,-1.0
-1400,42,46,-1.0
-1400,42,48,-1.0
-1400,42,50,-1.0
-1400,42,52,-1.0
-1400,42,54,-1.0
-1400,42,56,-1.0
-1400,42,58,-1.0
-1400,42,60,-1.0
-1400,42,62,-1.0
-1400,42,64,-1.0
-1400,42,66,-1.0
-1400,42,68,-1.0
-1400,42,70,-1.0
-1400,42,72,-1.0
-1400,42,74,-1.0
-1400,42,76,-1.0
-1400,42,78,-1.0
-1400,42,80,-1.0
-1400,42,82,-1.0
-1400,42,84,-1.0
-1400,42,86,-1.0
-1400,42,88,-1.0
-1400,42,90,-1.0
-1400,42,92,-1.0
-1400,42,94,-1.0
-1400,42,96,-1.0
-1400,42,98,-1.0
-1400,42,100,-1.0
-1400,42,102,-1.0
-1400,42,104,-1.0
-1400,42,106,-1.0
-1400,42,108,-1.0
-1400,42,110,-1.0
-1400,42,112,-1.0
-1400,42,114,-1.0
-1400,42,116,-1.0
-1400,42,118,-1.0
-1400,42,120,-1.0
-1400,42,122,-1.0
-1400,42,124,-1.0
-1400,42,126,-1.0
-1400,42,128,-1.0
-1400,42,130,-1.0
-1400,42,132,-1.0
-1400,42,134,-1.0
-1400,42,136,-1.0
-1400,42,138,-1.0
-1400,42,140,-1.0
-1400,42,142,-1.0
-1400,42,144,-1.0
-1400,42,146,-1.0
-1400,42,148,-1.0
-1400,42,150,-1.0
-1400,42,152,-1.0
-1400,42,154,-1.0
-1400,42,156,-1.0
-1400,42,158,-1.0
-1400,42,160,-1.0
-1400,42,162,-1.0
-1400,42,164,-1.0
-1400,42,166,-1.0
-1400,42,168,-1.0
-1400,42,170,-1.0
-1400,42,172,-1.0
-1400,42,174,-1.0
-1400,42,176,-1.0
-1400,42,178,-1.0
-1400,42,180,-1.0
-1400,44,0,-1.0
-1400,44,2,-1.0
-1400,44,4,-1.0
-1400,44,6,-1.0
-1400,44,8,-1.0
-1400,44,10,-1.0
-1400,44,12,-1.0
-1400,44,14,-1.0
-1400,44,16,-1.0
-1400,44,18,-1.0
-1400,44,20,-1.0
-1400,44,22,-1.0
-1400,44,24,-1.0
-1400,44,26,-1.0
-1400,44,28,-1.0
-1400,44,30,-1.0
-1400,44,32,-1.0
-1400,44,34,-1.0
-1400,44,36,-1.0
-1400,44,38,-1.0
-1400,44,40,-1.0
-1400,44,42,-1.0
-1400,44,44,-1.0
-1400,44,46,-1.0
-1400,44,48,-1.0
-1400,44,50,-1.0
-1400,44,52,-1.0
-1400,44,54,-1.0
-1400,44,56,-1.0
-1400,44,58,-1.0
-1400,44,60,-1.0
-1400,44,62,-1.0
-1400,44,64,-1.0
-1400,44,66,-1.0
-1400,44,68,-1.0
-1400,44,70,-1.0
-1400,44,72,-1.0
-1400,44,74,-1.0
-1400,44,76,-1.0
-1400,44,78,-1.0
-1400,44,80,-1.0
-1400,44,82,-1.0
-1400,44,84,-1.0
-1400,44,86,-1.0
-1400,44,88,-1.0
-1400,44,90,-1.0
-1400,44,92,-1.0
-1400,44,94,-1.0
-1400,44,96,-1.0
-1400,44,98,-1.0
-1400,44,100,-1.0
-1400,44,102,-1.0
-1400,44,104,-1.0
-1400,44,106,-1.0
-1400,44,108,-1.0
-1400,44,110,-1.0
-1400,44,112,-1.0
-1400,44,114,-1.0
-1400,44,116,-1.0
-1400,44,118,-1.0
-1400,44,120,-1.0
-1400,44,122,-1.0
-1400,44,124,-1.0
-1400,44,126,-1.0
-1400,44,128,-1.0
-1400,44,130,-1.0
-1400,44,132,-1.0
-1400,44,134,-1.0
-1400,44,136,-1.0
-1400,44,138,-1.0
-1400,44,140,-1.0
-1400,44,142,-1.0
-1400,44,144,-1.0
-1400,44,146,-1.0
-1400,44,148,-1.0
-1400,44,150,-1.0
-1400,44,152,-1.0
-1400,44,154,-1.0
-1400,44,156,-1.0
-1400,44,158,-1.0
-1400,44,160,-1.0
-1400,44,162,-1.0
-1400,44,164,-1.0
-1400,44,166,-1.0
-1400,44,168,-1.0
-1400,44,170,-1.0
-1400,44,172,-1.0
-1400,44,174,-1.0
-1400,44,176,-1.0
-1400,44,178,-1.0
-1400,44,180,-1.0
-1400,46,0,-1.0
-1400,46,2,-1.0
-1400,46,4,-1.0
-1400,46,6,-1.0
-1400,46,8,-1.0
-1400,46,10,-1.0
-1400,46,12,-1.0
-1400,46,14,-1.0
-1400,46,16,-1.0
-1400,46,18,-1.0
-1400,46,20,-1.0
-1400,46,22,-1.0
-1400,46,24,-1.0
-1400,46,26,-1.0
-1400,46,28,-1.0
-1400,46,30,-1.0
-1400,46,32,-1.0
-1400,46,34,-1.0
-1400,46,36,-1.0
-1400,46,38,-1.0
-1400,46,40,-1.0
-1400,46,42,-1.0
-1400,46,44,-1.0
-1400,46,46,-1.0
-1400,46,48,-1.0
-1400,46,50,-1.0
-1400,46,52,-1.0
-1400,46,54,-1.0
-1400,46,56,-1.0
-1400,46,58,-1.0
-1400,46,60,-1.0
-1400,46,62,-1.0
-1400,46,64,-1.0
-1400,46,66,-1.0
-1400,46,68,-1.0
-1400,46,70,-1.0
-1400,46,72,-1.0
-1400,46,74,-1.0
-1400,46,76,-1.0
-1400,46,78,-1.0
-1400,46,80,-1.0
-1400,46,82,-1.0
-1400,46,84,-1.0
-1400,46,86,-1.0
-1400,46,88,-1.0
-1400,46,90,-1.0
-1400,46,92,-1.0
-1400,46,94,-1.0
-1400,46,96,-1.0
-1400,46,98,-1.0
-1400,46,100,-1.0
-1400,46,102,-1.0
-1400,46,104,-1.0
-1400,46,106,-1.0
-1400,46,108,-1.0
-1400,46,110,-1.0
-1400,46,112,-1.0
-1400,46,114,-1.0
-1400,46,116,-1.0
-1400,46,118,-1.0
-1400,46,120,-1.0
-1400,46,122,-1.0
-1400,46,124,-1.0
-1400,46,126,-1.0
-1400,46,128,-1.0
-1400,46,130,-1.0
-1400,46,132,-1.0
-1400,46,134,-1.0
-1400,46,136,-1.0
-1400,46,138,-1.0
-1400,46,140,-1.0
-1400,46,142,-1.0
-1400,46,144,-1.0
-1400,46,146,-1.0
-1400,46,148,-1.0
-1400,46,150,-1.0
-1400,46,152,-1.0
-1400,46,154,-1.0
-1400,46,156,-1.0
-1400,46,158,-1.0
-1400,46,160,-1.0
-1400,46,162,-1.0
-1400,46,164,-1.0
-1400,46,166,-1.0
-1400,46,168,-1.0
-1400,46,170,-1.0
-1400,46,172,-1.0
-1400,46,174,-1.0
-1400,46,176,-1.0
-1400,46,178,-1.0
-1400,46,180,-1.0
-1400,48,0,-1.0
-1400,48,2,-1.0
-1400,48,4,-1.0
-1400,48,6,-1.0
-1400,48,8,-1.0
-1400,48,10,-1.0
-1400,48,12,-1.0
-1400,48,14,-1.0
-1400,48,16,-1.0
-1400,48,18,-1.0
-1400,48,20,-1.0
-1400,48,22,-1.0
-1400,48,24,-1.0
-1400,48,26,-1.0
-1400,48,28,-1.0
-1400,48,30,-1.0
-1400,48,32,-1.0
-1400,48,34,-1.0
-1400,48,36,-1.0
-1400,48,38,-1.0
-1400,48,40,-1.0
-1400,48,42,-1.0
-1400,48,44,-1.0
-1400,48,46,-1.0
-1400,48,48,-1.0
-1400,48,50,-1.0
-1400,48,52,-1.0
-1400,48,54,-1.0
-1400,48,56,-1.0
-1400,48,58,-1.0
-1400,48,60,-1.0
-1400,48,62,-1.0
-1400,48,64,-1.0
-1400,48,66,-1.0
-1400,48,68,-1.0
-1400,48,70,-1.0
-1400,48,72,-1.0
-1400,48,74,-1.0
-1400,48,76,-1.0
-1400,48,78,-1.0
-1400,48,80,-1.0
-1400,48,82,-1.0
-1400,48,84,-1.0
-1400,48,86,-1.0
-1400,48,88,-1.0
-1400,48,90,-1.0
-1400,48,92,-1.0
-1400,48,94,-1.0
-1400,48,96,-1.0
-1400,48,98,-1.0
-1400,48,100,-1.0
-1400,48,102,-1.0
-1400,48,104,-1.0
-1400,48,106,-1.0
-1400,48,108,-1.0
-1400,48,110,-1.0
-1400,48,112,-1.0
-1400,48,114,-1.0
-1400,48,116,-1.0
-1400,48,118,-1.0
-1400,48,120,-1.0
-1400,48,122,-1.0
-1400,48,124,-1.0
-1400,48,126,-1.0
-1400,48,128,-1.0
-1400,48,130,-1.0
-1400,48,132,-1.0
-1400,48,134,-1.0
-1400,48,136,-1.0
-1400,48,138,-1.0
-1400,48,140,-1.0
-1400,48,142,-1.0
-1400,48,144,-1.0
-1400,48,146,-1.0
-1400,48,148,-1.0
-1400,48,150,-1.0
-1400,48,152,-1.0
-1400,48,154,-1.0
-1400,48,156,-1.0
-1400,48,158,-1.0
-1400,48,160,-1.0
-1400,48,162,-1.0
-1400,48,164,-1.0
-1400,48,166,-1.0
-1400,48,168,-1.0
-1400,48,170,-1.0
-1400,48,172,-1.0
-1400,48,174,-1.0
-1400,48,176,-1.0
-1400,48,178,-1.0
-1400,48,180,-1.0
-1400,50,0,-1.0
-1400,50,2,-1.0
-1400,50,4,-1.0
-1400,50,6,-1.0
-1400,50,8,-1.0
-1400,50,10,-1.0
-1400,50,12,-1.0
-1400,50,14,-1.0
-1400,50,16,-1.0
-1400,50,18,-1.0
-1400,50,20,-1.0
-1400,50,22,-1.0
-1400,50,24,-1.0
-1400,50,26,-1.0
-1400,50,28,-1.0
-1400,50,30,-1.0
-1400,50,32,-1.0
-1400,50,34,-1.0
-1400,50,36,-1.0
-1400,50,38,-1.0
-1400,50,40,-1.0
-1400,50,42,-1.0
-1400,50,44,-1.0
-1400,50,46,-1.0
-1400,50,48,-1.0
-1400,50,50,-1.0
-1400,50,52,-1.0
-1400,50,54,-1.0
-1400,50,56,-1.0
-1400,50,58,-1.0
-1400,50,60,-1.0
-1400,50,62,-1.0
-1400,50,64,-1.0
-1400,50,66,-1.0
-1400,50,68,-1.0
-1400,50,70,-1.0
-1400,50,72,-1.0
-1400,50,74,-1.0
-1400,50,76,-1.0
-1400,50,78,-1.0
-1400,50,80,-1.0
-1400,50,82,-1.0
-1400,50,84,-1.0
-1400,50,86,-1.0
-1400,50,88,-1.0
-1400,50,90,-1.0
-1400,50,92,-1.0
-1400,50,94,-1.0
-1400,50,96,-1.0
-1400,50,98,-1.0
-1400,50,100,-1.0
-1400,50,102,-1.0
-1400,50,104,-1.0
-1400,50,106,-1.0
-1400,50,108,-1.0
-1400,50,110,-1.0
-1400,50,112,-1.0
-1400,50,114,-1.0
-1400,50,116,-1.0
-1400,50,118,-1.0
-1400,50,120,-1.0
-1400,50,122,-1.0
-1400,50,124,-1.0
-1400,50,126,-1.0
-1400,50,128,-1.0
-1400,50,130,-1.0
-1400,50,132,-1.0
-1400,50,134,-1.0
-1400,50,136,-1.0
-1400,50,138,-1.0
-1400,50,140,-1.0
-1400,50,142,-1.0
-1400,50,144,-1.0
-1400,50,146,-1.0
-1400,50,148,-1.0
-1400,50,150,-1.0
-1400,50,152,-1.0
-1400,50,154,-1.0
-1400,50,156,-1.0
-1400,50,158,-1.0
-1400,50,160,-1.0
-1400,50,162,-1.0
-1400,50,164,-1.0
-1400,50,166,-1.0
-1400,50,168,-1.0
-1400,50,170,-1.0
-1400,50,172,-1.0
-1400,50,174,-1.0
-1400,50,176,-1.0
-1400,50,178,-1.0
-1400,50,180,-1.0
-1400,52,0,-1.0
-1400,52,2,-1.0
-1400,52,4,-1.0
-1400,52,6,-1.0
-1400,52,8,-1.0
-1400,52,10,-1.0
-1400,52,12,-1.0
-1400,52,14,-1.0
-1400,52,16,-1.0
-1400,52,18,-1.0
-1400,52,20,-1.0
-1400,52,22,-1.0
-1400,52,24,-1.0
-1400,52,26,-1.0
-1400,52,28,-1.0
-1400,52,30,-1.0
-1400,52,32,-1.0
-1400,52,34,-1.0
-1400,52,36,-1.0
-1400,52,38,-1.0
-1400,52,40,-1.0
-1400,52,42,-1.0
-1400,52,44,-1.0
-1400,52,46,-1.0
-1400,52,48,-1.0
-1400,52,50,-1.0
-1400,52,52,-1.0
-1400,52,54,-1.0
-1400,52,56,-1.0
-1400,52,58,-1.0
-1400,52,60,-1.0
-1400,52,62,-1.0
-1400,52,64,-1.0
-1400,52,66,-1.0
-1400,52,68,-1.0
-1400,52,70,-1.0
-1400,52,72,-1.0
-1400,52,74,-1.0
-1400,52,76,-1.0
-1400,52,78,-1.0
-1400,52,80,-1.0
-1400,52,82,-1.0
-1400,52,84,-1.0
-1400,52,86,-1.0
-1400,52,88,-1.0
-1400,52,90,-1.0
-1400,52,92,-1.0
-1400,52,94,-1.0
-1400,52,96,-1.0
-1400,52,98,-1.0
-1400,52,100,-1.0
-1400,52,102,-1.0
-1400,52,104,-1.0
-1400,52,106,-1.0
-1400,52,108,-1.0
-1400,52,110,-1.0
-1400,52,112,-1.0
-1400,52,114,-1.0
-1400,52,116,-1.0
-1400,52,118,-1.0
-1400,52,120,-1.0
-1400,52,122,-1.0
-1400,52,124,-1.0
-1400,52,126,-1.0
-1400,52,128,-1.0
-1400,52,130,-1.0
-1400,52,132,-1.0
-1400,52,134,-1.0
-1400,52,136,-1.0
-1400,52,138,-1.0
-1400,52,140,-1.0
-1400,52,142,-1.0
-1400,52,144,-1.0
-1400,52,146,-1.0
-1400,52,148,-1.0
-1400,52,150,-1.0
-1400,52,152,-1.0
-1400,52,154,-1.0
-1400,52,156,-1.0
-1400,52,158,-1.0
-1400,52,160,-1.0
-1400,52,162,-1.0
-1400,52,164,-1.0
-1400,52,166,-1.0
-1400,52,168,-1.0
-1400,52,170,-1.0
-1400,52,172,-1.0
-1400,52,174,-1.0
-1400,52,176,-1.0
-1400,52,178,-1.0
-1400,52,180,-1.0
-1400,54,0,-1.0
-1400,54,2,-1.0
-1400,54,4,-1.0
-1400,54,6,-1.0
-1400,54,8,-1.0
-1400,54,10,-1.0
-1400,54,12,-1.0
-1400,54,14,-1.0
-1400,54,16,-1.0
-1400,54,18,-1.0
-1400,54,20,-1.0
-1400,54,22,-1.0
-1400,54,24,-1.0
-1400,54,26,-1.0
-1400,54,28,-1.0
-1400,54,30,-1.0
-1400,54,32,-1.0
-1400,54,34,-1.0
-1400,54,36,-1.0
-1400,54,38,-1.0
-1400,54,40,-1.0
-1400,54,42,-1.0
-1400,54,44,-1.0
-1400,54,46,-1.0
-1400,54,48,-1.0
-1400,54,50,-1.0
-1400,54,52,-1.0
-1400,54,54,-1.0
-1400,54,56,-1.0
-1400,54,58,-1.0
-1400,54,60,-1.0
-1400,54,62,-1.0
-1400,54,64,-1.0
-1400,54,66,-1.0
-1400,54,68,-1.0
-1400,54,70,-1.0
-1400,54,72,-1.0
-1400,54,74,-1.0
-1400,54,76,-1.0
-1400,54,78,-1.0
-1400,54,80,-1.0
-1400,54,82,-1.0
-1400,54,84,-1.0
-1400,54,86,-1.0
-1400,54,88,-1.0
-1400,54,90,-1.0
-1400,54,92,-1.0
-1400,54,94,-1.0
-1400,54,96,-1.0
-1400,54,98,-1.0
-1400,54,100,-1.0
-1400,54,102,-1.0
-1400,54,104,-1.0
-1400,54,106,-1.0
-1400,54,108,-1.0
-1400,54,110,-1.0
-1400,54,112,-1.0
-1400,54,114,-1.0
-1400,54,116,-1.0
-1400,54,118,-1.0
-1400,54,120,-1.0
-1400,54,122,-1.0
-1400,54,124,-1.0
-1400,54,126,-1.0
-1400,54,128,-1.0
-1400,54,130,-1.0
-1400,54,132,-1.0
-1400,54,134,-1.0
-1400,54,136,-1.0
-1400,54,138,-1.0
-1400,54,140,-1.0
-1400,54,142,-1.0
-1400,54,144,-1.0
-1400,54,146,-1.0
-1400,54,148,-1.0
-1400,54,150,-1.0
-1400,54,152,-1.0
-1400,54,154,-1.0
-1400,54,156,-1.0
-1400,54,158,-1.0
-1400,54,160,-1.0
-1400,54,162,-1.0
-1400,54,164,-1.0
-1400,54,166,-1.0
-1400,54,168,-1.0
-1400,54,170,-1.0
-1400,54,172,-1.0
-1400,54,174,-1.0
-1400,54,176,-1.0
-1400,54,178,-1.0
-1400,54,180,-1.0
-1400,56,0,-1.0
-1400,56,2,-1.0
-1400,56,4,-1.0
-1400,56,6,-1.0
-1400,56,8,-1.0
-1400,56,10,-1.0
-1400,56,12,-1.0
-1400,56,14,-1.0
-1400,56,16,-1.0
-1400,56,18,-1.0
-1400,56,20,-1.0
-1400,56,22,-1.0
-1400,56,24,-1.0
-1400,56,26,-1.0
-1400,56,28,-1.0
-1400,56,30,-1.0
-1400,56,32,-1.0
-1400,56,34,-1.0
-1400,56,36,-1.0
-1400,56,38,-1.0
-1400,56,40,-1.0
-1400,56,42,-1.0
-1400,56,44,-1.0
-1400,56,46,-1.0
-1400,56,48,-1.0
-1400,56,50,-1.0
-1400,56,52,-1.0
-1400,56,54,-1.0
-1400,56,56,-1.0
-1400,56,58,-1.0
-1400,56,60,-1.0
-1400,56,62,-1.0
-1400,56,64,-1.0
-1400,56,66,-1.0
-1400,56,68,-1.0
-1400,56,70,-1.0
-1400,56,72,-1.0
-1400,56,74,-1.0
-1400,56,76,-1.0
-1400,56,78,-1.0
-1400,56,80,-1.0
-1400,56,82,-1.0
-1400,56,84,-1.0
-1400,56,86,-1.0
-1400,56,88,-1.0
-1400,56,90,-1.0
-1400,56,92,-1.0
-1400,56,94,-1.0
-1400,56,96,-1.0
-1400,56,98,-1.0
-1400,56,100,-1.0
-1400,56,102,-1.0
-1400,56,104,-1.0
-1400,56,106,-1.0
-1400,56,108,-1.0
-1400,56,110,-1.0
-1400,56,112,-1.0
-1400,56,114,-1.0
-1400,56,116,-1.0
-1400,56,118,-1.0
-1400,56,120,-1.0
-1400,56,122,-1.0
-1400,56,124,-1.0
-1400,56,126,-1.0
-1400,56,128,-1.0
-1400,56,130,-1.0
-1400,56,132,-1.0
-1400,56,134,-1.0
-1400,56,136,-1.0
-1400,56,138,-1.0
-1400,56,140,-1.0
-1400,56,142,-1.0
-1400,56,144,-1.0
-1400,56,146,-1.0
-1400,56,148,-1.0
-1400,56,150,-1.0
-1400,56,152,-1.0
-1400,56,154,-1.0
-1400,56,156,-1.0
-1400,56,158,-1.0
-1400,56,160,-1.0
-1400,56,162,-1.0
-1400,56,164,-1.0
-1400,56,166,-1.0
-1400,56,168,-1.0
-1400,56,170,-1.0
-1400,56,172,-1.0
-1400,56,174,-1.0
-1400,56,176,-1.0
-1400,56,178,-1.0
-1400,56,180,-1.0
-1400,58,0,-1.0
-1400,58,2,-1.0
-1400,58,4,-1.0
-1400,58,6,-1.0
-1400,58,8,-1.0
-1400,58,10,-1.0
-1400,58,12,-1.0
-1400,58,14,-1.0
-1400,58,16,-1.0
-1400,58,18,-1.0
-1400,58,20,-1.0
-1400,58,22,-1.0
-1400,58,24,-1.0
-1400,58,26,-1.0
-1400,58,28,-1.0
-1400,58,30,-1.0
-1400,58,32,-1.0
-1400,58,34,-1.0
-1400,58,36,-1.0
-1400,58,38,-1.0
-1400,58,40,-1.0
-1400,58,42,-1.0
-1400,58,44,-1.0
-1400,58,46,-1.0
-1400,58,48,-1.0
-1400,58,50,-1.0
-1400,58,52,-1.0
-1400,58,54,-1.0
-1400,58,56,-1.0
-1400,58,58,-1.0
-1400,58,60,-1.0
-1400,58,62,-1.0
-1400,58,64,-1.0
-1400,58,66,-1.0
-1400,58,68,-1.0
-1400,58,70,-1.0
-1400,58,72,-1.0
-1400,58,74,-1.0
-1400,58,76,-1.0
-1400,58,78,-1.0
-1400,58,80,-1.0
-1400,58,82,-1.0
-1400,58,84,-1.0
-1400,58,86,-1.0
-1400,58,88,-1.0
-1400,58,90,-1.0
-1400,58,92,-1.0
-1400,58,94,-1.0
-1400,58,96,-1.0
-1400,58,98,-1.0
-1400,58,100,-1.0
-1400,58,102,-1.0
-1400,58,104,-1.0
-1400,58,106,-1.0
-1400,58,108,-1.0
-1400,58,110,-1.0
-1400,58,112,-1.0
-1400,58,114,-1.0
-1400,58,116,-1.0
-1400,58,118,-1.0
-1400,58,120,-1.0
-1400,58,122,-1.0
-1400,58,124,-1.0
-1400,58,126,-1.0
-1400,58,128,-1.0
-1400,58,130,-1.0
-1400,58,132,-1.0
-1400,58,134,-1.0
-1400,58,136,-1.0
-1400,58,138,-1.0
-1400,58,140,-1.0
-1400,58,142,-1.0
-1400,58,144,-1.0
-1400,58,146,-1.0
-1400,58,148,-1.0
-1400,58,150,-1.0
-1400,58,152,-1.0
-1400,58,154,-1.0
-1400,58,156,-1.0
-1400,58,158,-1.0
-1400,58,160,-1.0
-1400,58,162,-1.0
-1400,58,164,-1.0
-1400,58,166,-1.0
-1400,58,168,-1.0
-1400,58,170,-1.0
-1400,58,172,-1.0
-1400,58,174,-1.0
-1400,58,176,-1.0
-1400,58,178,-1.0
-1400,58,180,-1.0
-1400,60,0,-1.0
-1400,60,2,-1.0
-1400,60,4,-1.0
-1400,60,6,-1.0
-1400,60,8,-1.0
-1400,60,10,-1.0
-1400,60,12,-1.0
-1400,60,14,-1.0
-1400,60,16,-1.0
-1400,60,18,-1.0
-1400,60,20,-1.0
-1400,60,22,-1.0
-1400,60,24,-1.0
-1400,60,26,-1.0
-1400,60,28,-1.0
-1400,60,30,-1.0
-1400,60,32,-1.0
-1400,60,34,-1.0
-1400,60,36,-1.0
-1400,60,38,-1.0
-1400,60,40,-1.0
-1400,60,42,-1.0
-1400,60,44,-1.0
-1400,60,46,-1.0
-1400,60,48,-1.0
-1400,60,50,-1.0
-1400,60,52,-1.0
-1400,60,54,-1.0
-1400,60,56,-1.0
-1400,60,58,-1.0
-1400,60,60,-1.0
-1400,60,62,-1.0
-1400,60,64,-1.0
-1400,60,66,-1.0
-1400,60,68,-1.0
-1400,60,70,-1.0
-1400,60,72,-1.0
-1400,60,74,-1.0
-1400,60,76,-1.0
-1400,60,78,-1.0
-1400,60,80,-1.0
-1400,60,82,-1.0
-1400,60,84,-1.0
-1400,60,86,-1.0
-1400,60,88,-1.0
-1400,60,90,-1.0
-1400,60,92,-1.0
-1400,60,94,-1.0
-1400,60,96,-1.0
-1400,60,98,-1.0
-1400,60,100,-1.0
-1400,60,102,-1.0
-1400,60,104,-1.0
-1400,60,106,-1.0
-1400,60,108,-1.0
-1400,60,110,-1.0
-1400,60,112,-1.0
-1400,60,114,-1.0
-1400,60,116,-1.0
-1400,60,118,-1.0
-1400,60,120,-1.0
-1400,60,122,-1.0
-1400,60,124,-1.0
-1400,60,126,-1.0
-1400,60,128,-1.0
-1400,60,130,-1.0
-1400,60,132,-1.0
-1400,60,134,-1.0
-1400,60,136,-1.0
-1400,60,138,-1.0
-1400,60,140,-1.0
-1400,60,142,-1.0
-1400,60,144,-1.0
-1400,60,146,-1.0
-1400,60,148,-1.0
-1400,60,150,-1.0
-1400,60,152,-1.0
-1400,60,154,-1.0
-1400,60,156,-1.0
-1400,60,158,-1.0
-1400,60,160,-1.0
-1400,60,162,-1.0
-1400,60,164,-1.0
-1400,60,166,-1.0
-1400,60,168,-1.0
-1400,60,170,-1.0
-1400,60,172,-1.0
-1400,60,174,-1.0
-1400,60,176,-1.0
-1400,60,178,-1.0
-1400,60,180,-1.0
-1400,62,0,-1.0
-1400,62,2,-1.0
-1400,62,4,-1.0
-1400,62,6,-1.0
-1400,62,8,-1.0
-1400,62,10,-1.0
-1400,62,12,-1.0
-1400,62,14,-1.0
-1400,62,16,-1.0
-1400,62,18,-1.0
-1400,62,20,-1.0
-1400,62,22,-1.0
-1400,62,24,-1.0
-1400,62,26,-1.0
-1400,62,28,-1.0
-1400,62,30,-1.0
-1400,62,32,-1.0
-1400,62,34,-1.0
-1400,62,36,-1.0
-1400,62,38,-1.0
-1400,62,40,-1.0
-1400,62,42,-1.0
-1400,62,44,-1.0
-1400,62,46,-1.0
-1400,62,48,-1.0
-1400,62,50,-1.0
-1400,62,52,-1.0
-1400,62,54,-1.0
-1400,62,56,-1.0
-1400,62,58,-1.0
-1400,62,60,-1.0
-1400,62,62,-1.0
-1400,62,64,-1.0
-1400,62,66,-1.0
-1400,62,68,-1.0
-1400,62,70,-1.0
-1400,62,72,-1.0
-1400,62,74,-1.0
-1400,62,76,-1.0
-1400,62,78,-1.0
-1400,62,80,-1.0
-1400,62,82,-1.0
-1400,62,84,-1.0
-1400,62,86,-1.0
-1400,62,88,-1.0
-1400,62,90,-1.0
-1400,62,92,-1.0
-1400,62,94,-1.0
-1400,62,96,-1.0
-1400,62,98,-1.0
-1400,62,100,-1.0
-1400,62,102,-1.0
-1400,62,104,-1.0
-1400,62,106,-1.0
-1400,62,108,-1.0
-1400,62,110,-1.0
-1400,62,112,-1.0
-1400,62,114,-1.0
-1400,62,116,-1.0
-1400,62,118,-1.0
-1400,62,120,-1.0
-1400,62,122,-1.0
-1400,62,124,-1.0
-1400,62,126,-1.0
-1400,62,128,-1.0
-1400,62,130,-1.0
-1400,62,132,-1.0
-1400,62,134,-1.0
-1400,62,136,-1.0
-1400,62,138,-1.0
-1400,62,140,-1.0
-1400,62,142,-1.0
-1400,62,144,-1.0
-1400,62,146,-1.0
-1400,62,148,-1.0
-1400,62,150,-1.0
-1400,62,152,-1.0
-1400,62,154,-1.0
-1400,62,156,-1.0
-1400,62,158,-1.0
-1400,62,160,-1.0
-1400,62,162,-1.0
-1400,62,164,-1.0
-1400,62,166,-1.0
-1400,62,168,-1.0
-1400,62,170,-1.0
-1400,62,172,-1.0
-1400,62,174,-1.0
-1400,62,176,-1.0
-1400,62,178,-1.0
-1400,62,180,-1.0
-1400,64,0,-1.0
-1400,64,2,-1.0
-1400,64,4,-1.0
-1400,64,6,-1.0
-1400,64,8,-1.0
-1400,64,10,-1.0
-1400,64,12,-1.0
-1400,64,14,-1.0
-1400,64,16,-1.0
-1400,64,18,-1.0
-1400,64,20,-1.0
-1400,64,22,-1.0
-1400,64,24,-1.0
-1400,64,26,-1.0
-1400,64,28,-1.0
-1400,64,30,-1.0
-1400,64,32,-1.0
-1400,64,34,-1.0
-1400,64,36,-1.0
-1400,64,38,-1.0
-1400,64,40,-1.0
-1400,64,42,-1.0
-1400,64,44,-1.0
-1400,64,46,-1.0
-1400,64,48,-1.0
-1400,64,50,-1.0
-1400,64,52,-1.0
-1400,64,54,-1.0
-1400,64,56,-1.0
-1400,64,58,-1.0
-1400,64,60,-1.0
-1400,64,62,-1.0
-1400,64,64,-1.0
-1400,64,66,-1.0
-1400,64,68,-1.0
-1400,64,70,-1.0
-1400,64,72,-1.0
-1400,64,74,-1.0
-1400,64,76,-1.0
-1400,64,78,-1.0
-1400,64,80,-1.0
-1400,64,82,-1.0
-1400,64,84,-1.0
-1400,64,86,-1.0
-1400,64,88,-1.0
-1400,64,90,-1.0
-1400,64,92,-1.0
-1400,64,94,-1.0
-1400,64,96,-1.0
-1400,64,98,-1.0
-1400,64,100,-1.0
-1400,64,102,-1.0
-1400,64,104,-1.0
-1400,64,106,-1.0
-1400,64,108,-1.0
-1400,64,110,-1.0
-1400,64,112,-1.0
-1400,64,114,-1.0
-1400,64,116,-1.0
-1400,64,118,-1.0
-1400,64,120,-1.0
-1400,64,122,-1.0
-1400,64,124,-1.0
-1400,64,126,-1.0
-1400,64,128,-1.0
-1400,64,130,-1.0
-1400,64,132,-1.0
-1400,64,134,-1.0
-1400,64,136,-1.0
-1400,64,138,-1.0
-1400,64,140,-1.0
-1400,64,142,-1.0
-1400,64,144,-1.0
-1400,64,146,-1.0
-1400,64,148,-1.0
-1400,64,150,-1.0
-1400,64,152,-1.0
-1400,64,154,-1.0
-1400,64,156,-1.0
-1400,64,158,-1.0
-1400,64,160,-1.0
-1400,64,162,-1.0
-1400,64,164,-1.0
-1400,64,166,-1.0
-1400,64,168,-1.0
-1400,64,170,-1.0
-1400,64,172,-1.0
-1400,64,174,-1.0
-1400,64,176,-1.0
-1400,64,178,-1.0
-1400,64,180,-1.0
-1400,66,0,-1.0
-1400,66,2,-1.0
-1400,66,4,-1.0
-1400,66,6,-1.0
-1400,66,8,-1.0
-1400,66,10,-1.0
-1400,66,12,-1.0
-1400,66,14,-1.0
-1400,66,16,-1.0
-1400,66,18,-1.0
-1400,66,20,-1.0
-1400,66,22,-1.0
-1400,66,24,-1.0
-1400,66,26,-1.0
-1400,66,28,-1.0
-1400,66,30,-1.0
-1400,66,32,-1.0
-1400,66,34,-1.0
-1400,66,36,-1.0
-1400,66,38,-1.0
-1400,66,40,-1.0
-1400,66,42,-1.0
-1400,66,44,-1.0
-1400,66,46,-1.0
-1400,66,48,-1.0
-1400,66,50,-1.0
-1400,66,52,-1.0
-1400,66,54,-1.0
-1400,66,56,-1.0
-1400,66,58,-1.0
-1400,66,60,-1.0
-1400,66,62,-1.0
-1400,66,64,-1.0
-1400,66,66,-1.0
-1400,66,68,-1.0
-1400,66,70,-1.0
-1400,66,72,-1.0
-1400,66,74,-1.0
-1400,66,76,-1.0
-1400,66,78,-1.0
-1400,66,80,-1.0
-1400,66,82,-1.0
-1400,66,84,-1.0
-1400,66,86,-1.0
-1400,66,88,-1.0
-1400,66,90,-1.0
-1400,66,92,-1.0
-1400,66,94,-1.0
-1400,66,96,-1.0
-1400,66,98,-1.0
-1400,66,100,-1.0
-1400,66,102,-1.0
-1400,66,104,-1.0
-1400,66,106,-1.0
-1400,66,108,-1.0
-1400,66,110,-1.0
-1400,66,112,-1.0
-1400,66,114,-1.0
-1400,66,116,-1.0
-1400,66,118,-1.0
-1400,66,120,-1.0
-1400,66,122,-1.0
-1400,66,124,-1.0
-1400,66,126,-1.0
-1400,66,128,-1.0
-1400,66,130,-1.0
-1400,66,132,-1.0
-1400,66,134,-1.0
-1400,66,136,-1.0
-1400,66,138,-1.0
-1400,66,140,-1.0
-1400,66,142,-1.0
-1400,66,144,-1.0
-1400,66,146,-1.0
-1400,66,148,-1.0
-1400,66,150,-1.0
-1400,66,152,-1.0
-1400,66,154,-1.0
-1400,66,156,-1.0
-1400,66,158,-1.0
-1400,66,160,-1.0
-1400,66,162,-1.0
-1400,66,164,-1.0
-1400,66,166,-1.0
-1400,66,168,-1.0
-1400,66,170,-1.0
-1400,66,172,-1.0
-1400,66,174,-1.0
-1400,66,176,-1.0
-1400,66,178,-1.0
-1400,66,180,-1.0
-1400,68,0,-1.0
-1400,68,2,-1.0
-1400,68,4,-1.0
-1400,68,6,-1.0
-1400,68,8,-1.0
-1400,68,10,-1.0
-1400,68,12,-1.0
-1400,68,14,-1.0
-1400,68,16,-1.0
-1400,68,18,-1.0
-1400,68,20,-1.0
-1400,68,22,-1.0
-1400,68,24,-1.0
-1400,68,26,-1.0
-1400,68,28,-1.0
-1400,68,30,-1.0
-1400,68,32,-1.0
-1400,68,34,-1.0
-1400,68,36,-1.0
-1400,68,38,-1.0
-1400,68,40,-1.0
-1400,68,42,-1.0
-1400,68,44,-1.0
-1400,68,46,-1.0
-1400,68,48,-1.0
-1400,68,50,-1.0
-1400,68,52,-1.0
-1400,68,54,-1.0
-1400,68,56,-1.0
-1400,68,58,-1.0
-1400,68,60,-1.0
-1400,68,62,-1.0
-1400,68,64,-1.0
-1400,68,66,-1.0
-1400,68,68,-1.0
-1400,68,70,-1.0
-1400,68,72,-1.0
-1400,68,74,-1.0
-1400,68,76,-1.0
-1400,68,78,-1.0
-1400,68,80,-1.0
-1400,68,82,-1.0
-1400,68,84,-1.0
-1400,68,86,-1.0
-1400,68,88,-1.0
-1400,68,90,-1.0
-1400,68,92,-1.0
-1400,68,94,-1.0
-1400,68,96,-1.0
-1400,68,98,-1.0
-1400,68,100,-1.0
-1400,68,102,-1.0
-1400,68,104,-1.0
-1400,68,106,-1.0
-1400,68,108,-1.0
-1400,68,110,-1.0
-1400,68,112,-1.0
-1400,68,114,-1.0
-1400,68,116,-1.0
-1400,68,118,-1.0
-1400,68,120,-1.0
-1400,68,122,-1.0
-1400,68,124,-1.0
-1400,68,126,-1.0
-1400,68,128,-1.0
-1400,68,130,-1.0
-1400,68,132,-1.0
-1400,68,134,-1.0
-1400,68,136,-1.0
-1400,68,138,-1.0
-1400,68,140,-1.0
-1400,68,142,-1.0
-1400,68,144,-1.0
-1400,68,146,-1.0
-1400,68,148,-1.0
-1400,68,150,-1.0
-1400,68,152,-1.0
-1400,68,154,-1.0
-1400,68,156,-1.0
-1400,68,158,-1.0
-1400,68,160,-1.0
-1400,68,162,-1.0
-1400,68,164,-1.0
-1400,68,166,-1.0
-1400,68,168,-1.0
-1400,68,170,-1.0
-1400,68,172,-1.0
-1400,68,174,-1.0
-1400,68,176,-1.0
-1400,68,178,-1.0
-1400,68,180,-1.0
-1400,70,0,-1.0
-1400,70,2,-1.0
-1400,70,4,-1.0
-1400,70,6,-1.0
-1400,70,8,-1.0
-1400,70,10,-1.0
-1400,70,12,-1.0
-1400,70,14,-1.0
-1400,70,16,-1.0
-1400,70,18,-1.0
-1400,70,20,-1.0
-1400,70,22,-1.0
-1400,70,24,-1.0
-1400,70,26,-1.0
-1400,70,28,-1.0
-1400,70,30,-1.0
-1400,70,32,-1.0
-1400,70,34,-1.0
-1400,70,36,-1.0
-1400,70,38,-1.0
-1400,70,40,-1.0
-1400,70,42,-1.0
-1400,70,44,-1.0
-1400,70,46,-1.0
-1400,70,48,-1.0
-1400,70,50,-1.0
-1400,70,52,-1.0
-1400,70,54,-1.0
-1400,70,56,-1.0
-1400,70,58,-1.0
-1400,70,60,-1.0
-1400,70,62,-1.0
-1400,70,64,-1.0
-1400,70,66,-1.0
-1400,70,68,-1.0
-1400,70,70,-1.0
-1400,70,72,-1.0
-1400,70,74,-1.0
-1400,70,76,-1.0
-1400,70,78,-1.0
-1400,70,80,-1.0
-1400,70,82,-1.0
-1400,70,84,-1.0
-1400,70,86,-1.0
-1400,70,88,-1.0
-1400,70,90,-1.0
-1400,70,92,-1.0
-1400,70,94,-1.0
-1400,70,96,-1.0
-1400,70,98,-1.0
-1400,70,100,-1.0
-1400,70,102,-1.0
-1400,70,104,-1.0
-1400,70,106,-1.0
-1400,70,108,-1.0
-1400,70,110,-1.0
-1400,70,112,-1.0
-1400,70,114,-1.0
-1400,70,116,-1.0
-1400,70,118,-1.0
-1400,70,120,-1.0
-1400,70,122,-1.0
-1400,70,124,-1.0
-1400,70,126,-1.0
-1400,70,128,-1.0
-1400,70,130,-1.0
-1400,70,132,-1.0
-1400,70,134,-1.0
-1400,70,136,-1.0
-1400,70,138,-1.0
-1400,70,140,-1.0
-1400,70,142,-1.0
-1400,70,144,-1.0
-1400,70,146,-1.0
-1400,70,148,-1.0
-1400,70,150,-1.0
-1400,70,152,-1.0
-1400,70,154,-1.0
-1400,70,156,-1.0
-1400,70,158,-1.0
-1400,70,160,-1.0
-1400,70,162,-1.0
-1400,70,164,-1.0
-1400,70,166,-1.0
-1400,70,168,-1.0
-1400,70,170,-1.0
-1400,70,172,-1.0
-1400,70,174,-1.0
-1400,70,176,-1.0
-1400,70,178,-1.0
-1400,70,180,-1.0
-1400,72,0,-1.0
-1400,72,2,-1.0
-1400,72,4,-1.0
-1400,72,6,-1.0
-1400,72,8,-1.0
-1400,72,10,-1.0
-1400,72,12,-1.0
-1400,72,14,-1.0
-1400,72,16,-1.0
-1400,72,18,-1.0
-1400,72,20,-1.0
-1400,72,22,-1.0
-1400,72,24,-1.0
-1400,72,26,-1.0
-1400,72,28,-1.0
-1400,72,30,-1.0
-1400,72,32,-1.0
-1400,72,34,-1.0
-1400,72,36,-1.0
-1400,72,38,-1.0
-1400,72,40,-1.0
-1400,72,42,-1.0
-1400,72,44,-1.0
-1400,72,46,-1.0
-1400,72,48,-1.0
-1400,72,50,-1.0
-1400,72,52,-1.0
-1400,72,54,-1.0
-1400,72,56,-1.0
-1400,72,58,-1.0
-1400,72,60,-1.0
-1400,72,62,-1.0
-1400,72,64,-1.0
-1400,72,66,-1.0
-1400,72,68,-1.0
-1400,72,70,-1.0
-1400,72,72,-1.0
-1400,72,74,-1.0
-1400,72,76,-1.0
-1400,72,78,-1.0
-1400,72,80,-1.0
-1400,72,82,-1.0
-1400,72,84,-1.0
-1400,72,86,-1.0
-1400,72,88,-1.0
-1400,72,90,-1.0
-1400,72,92,-1.0
-1400,72,94,-1.0
-1400,72,96,-1.0
-1400,72,98,-1.0
-1400,72,100,-1.0
-1400,72,102,-1.0
-1400,72,104,-1.0
-1400,72,106,-1.0
-1400,72,108,-1.0
-1400,72,110,-1.0
-1400,72,112,-1.0
-1400,72,114,-1.0
-1400,72,116,-1.0
-1400,72,118,-1.0
-1400,72,120,-1.0
-1400,72,122,-1.0
-1400,72,124,-1.0
-1400,72,126,-1.0
-1400,72,128,-1.0
-1400,72,130,-1.0
-1400,72,132,-1.0
-1400,72,134,-1.0
-1400,72,136,-1.0
-1400,72,138,-1.0
-1400,72,140,-1.0
-1400,72,142,-1.0
-1400,72,144,-1.0
-1400,72,146,-1.0
-1400,72,148,-1.0
-1400,72,150,-1.0
-1400,72,152,-1.0
-1400,72,154,-1.0
-1400,72,156,-1.0
-1400,72,158,-1.0
-1400,72,160,-1.0
-1400,72,162,-1.0
-1400,72,164,-1.0
-1400,72,166,-1.0
-1400,72,168,-1.0
-1400,72,170,-1.0
-1400,72,172,-1.0
-1400,72,174,-1.0
-1400,72,176,-1.0
-1400,72,178,-1.0
-1400,72,180,-1.0
-1400,74,0,-1.0
-1400,74,2,-1.0
-1400,74,4,-1.0
-1400,74,6,-1.0
-1400,74,8,-1.0
-1400,74,10,-1.0
-1400,74,12,-1.0
-1400,74,14,-1.0
-1400,74,16,-1.0
-1400,74,18,-1.0
-1400,74,20,-1.0
-1400,74,22,-1.0
-1400,74,24,-1.0
-1400,74,26,-1.0
-1400,74,28,-1.0
-1400,74,30,-1.0
-1400,74,32,-1.0
-1400,74,34,-1.0
-1400,74,36,-1.0
-1400,74,38,-1.0
-1400,74,40,-1.0
-1400,74,42,-1.0
-1400,74,44,-1.0
-1400,74,46,-1.0
-1400,74,48,-1.0
-1400,74,50,-1.0
-1400,74,52,-1.0
-1400,74,54,-1.0
-1400,74,56,-1.0
-1400,74,58,-1.0
-1400,74,60,-1.0
-1400,74,62,-1.0
-1400,74,64,-1.0
-1400,74,66,-1.0
-1400,74,68,-1.0
-1400,74,70,-1.0
-1400,74,72,-1.0
-1400,74,74,-1.0
-1400,74,76,-1.0
-1400,74,78,-1.0
-1400,74,80,-1.0
-1400,74,82,-1.0
-1400,74,84,-1.0
-1400,74,86,-1.0
-1400,74,88,-1.0
-1400,74,90,-1.0
-1400,74,92,-1.0
-1400,74,94,-1.0
-1400,74,96,-1.0
-1400,74,98,-1.0
-1400,74,100,-1.0
-1400,74,102,-1.0
-1400,74,104,-1.0
-1400,74,106,-1.0
-1400,74,108,-1.0
-1400,74,110,-1.0
-1400,74,112,-1.0
-1400,74,114,-1.0
-1400,74,116,-1.0
-1400,74,118,-1.0
-1400,74,120,-1.0
-1400,74,122,-1.0
-1400,74,124,-1.0
-1400,74,126,-1.0
-1400,74,128,-1.0
-1400,74,130,-1.0
-1400,74,132,-1.0
-1400,74,134,-1.0
-1400,74,136,-1.0
-1400,74,138,-1.0
-1400,74,140,-1.0
-1400,74,142,-1.0
-1400,74,144,-1.0
-1400,74,146,-1.0
-1400,74,148,-1.0
-1400,74,150,-1.0
-1400,74,152,-1.0
-1400,74,154,-1.0
-1400,74,156,-1.0
-1400,74,158,-1.0
-1400,74,160,-1.0
-1400,74,162,-1.0
-1400,74,164,-1.0
-1400,74,166,-1.0
-1400,74,168,-1.0
-1400,74,170,-1.0
-1400,74,172,-1.0
-1400,74,174,-1.0
-1400,74,176,-1.0
-1400,74,178,-1.0
-1400,74,180,-1.0
-1400,76,0,-1.0
-1400,76,2,-1.0
-1400,76,4,-1.0
-1400,76,6,-1.0
-1400,76,8,-1.0
-1400,76,10,-1.0
-1400,76,12,-1.0
-1400,76,14,-1.0
-1400,76,16,-1.0
-1400,76,18,-1.0
-1400,76,20,-1.0
-1400,76,22,-1.0
-1400,76,24,-1.0
-1400,76,26,-1.0
-1400,76,28,-1.0
-1400,76,30,-1.0
-1400,76,32,-1.0
-1400,76,34,-1.0
-1400,76,36,-1.0
-1400,76,38,-1.0
-1400,76,40,-1.0
-1400,76,42,-1.0
-1400,76,44,-1.0
-1400,76,46,-1.0
-1400,76,48,-1.0
-1400,76,50,-1.0
-1400,76,52,-1.0
-1400,76,54,-1.0
-1400,76,56,-1.0
-1400,76,58,-1.0
-1400,76,60,-1.0
-1400,76,62,-1.0
-1400,76,64,-1.0
-1400,76,66,-1.0
-1400,76,68,-1.0
-1400,76,70,-1.0
-1400,76,72,-1.0
-1400,76,74,-1.0
-1400,76,76,-1.0
-1400,76,78,-1.0
-1400,76,80,-1.0
-1400,76,82,-1.0
-1400,76,84,-1.0
-1400,76,86,-1.0
-1400,76,88,-1.0
-1400,76,90,-1.0
-1400,76,92,-1.0
-1400,76,94,-1.0
-1400,76,96,-1.0
-1400,76,98,-1.0
-1400,76,100,-1.0
-1400,76,102,-1.0
-1400,76,104,-1.0
-1400,76,106,-1.0
-1400,76,108,-1.0
-1400,76,110,-1.0
-1400,76,112,-1.0
-1400,76,114,-1.0
-1400,76,116,-1.0
-1400,76,118,-1.0
-1400,76,120,-1.0
-1400,76,122,-1.0
-1400,76,124,-1.0
-1400,76,126,-1.0
-1400,76,128,-1.0
-1400,76,130,-1.0
-1400,76,132,-1.0
-1400,76,134,-1.0
-1400,76,136,-1.0
-1400,76,138,-1.0
-1400,76,140,-1.0
-1400,76,142,-1.0
-1400,76,144,-1.0
-1400,76,146,-1.0
-1400,76,148,-1.0
-1400,76,150,-1.0
-1400,76,152,-1.0
-1400,76,154,-1.0
-1400,76,156,-1.0
-1400,76,158,-1.0
-1400,76,160,-1.0
-1400,76,162,-1.0
-1400,76,164,-1.0
-1400,76,166,-1.0
-1400,76,168,-1.0
-1400,76,170,-1.0
-1400,76,172,-1.0
-1400,76,174,-1.0
-1400,76,176,-1.0
-1400,76,178,-1.0
-1400,76,180,-1.0
-1400,78,0,-1.0
-1400,78,2,-1.0
-1400,78,4,-1.0
-1400,78,6,-1.0
-1400,78,8,-1.0
-1400,78,10,-1.0
-1400,78,12,-1.0
-1400,78,14,-1.0
-1400,78,16,-1.0
-1400,78,18,-1.0
-1400,78,20,-1.0
-1400,78,22,-1.0
-1400,78,24,-1.0
-1400,78,26,-1.0
-1400,78,28,-1.0
-1400,78,30,-1.0
-1400,78,32,-1.0
-1400,78,34,-1.0
-1400,78,36,-1.0
-1400,78,38,-1.0
-1400,78,40,-1.0
-1400,78,42,-1.0
-1400,78,44,-1.0
-1400,78,46,-1.0
-1400,78,48,-1.0
-1400,78,50,-1.0
-1400,78,52,-1.0
-1400,78,54,-1.0
-1400,78,56,-1.0
-1400,78,58,-1.0
-1400,78,60,-1.0
-1400,78,62,-1.0
-1400,78,64,-1.0
-1400,78,66,-1.0
-1400,78,68,-1.0
-1400,78,70,-1.0
-1400,78,72,-1.0
-1400,78,74,-1.0
-1400,78,76,-1.0
-1400,78,78,-1.0
-1400,78,80,-1.0
-1400,78,82,-1.0
-1400,78,84,-1.0
-1400,78,86,-1.0
-1400,78,88,-1.0
-1400,78,90,-1.0
-1400,78,92,-1.0
-1400,78,94,-1.0
-1400,78,96,-1.0
-1400,78,98,-1.0
-1400,78,100,-1.0
-1400,78,102,-1.0
-1400,78,104,-1.0
-1400,78,106,-1.0
-1400,78,108,-1.0
-1400,78,110,-1.0
-1400,78,112,-1.0
-1400,78,114,-1.0
-1400,78,116,-1.0
-1400,78,118,-1.0
-1400,78,120,-1.0
-1400,78,122,-1.0
-1400,78,124,-1.0
-1400,78,126,-1.0
-1400,78,128,-1.0
-1400,78,130,-1.0
-1400,78,132,-1.0
-1400,78,134,-1.0
-1400,78,136,-1.0
-1400,78,138,-1.0
-1400,78,140,-1.0
-1400,78,142,-1.0
-1400,78,144,-1.0
-1400,78,146,-1.0
-1400,78,148,-1.0
-1400,78,150,-1.0
-1400,78,152,-1.0
-1400,78,154,-1.0
-1400,78,156,-1.0
-1400,78,158,-1.0
-1400,78,160,-1.0
-1400,78,162,-1.0
-1400,78,164,-1.0
-1400,78,166,-1.0
-1400,78,168,-1.0
-1400,78,170,-1.0
-1400,78,172,-1.0
-1400,78,174,-1.0
-1400,78,176,-1.0
-1400,78,178,-1.0
-1400,78,180,-1.0
-1400,80,0,-1.0
-1400,80,2,-1.0
-1400,80,4,-1.0
-1400,80,6,-1.0
-1400,80,8,-1.0
-1400,80,10,-1.0
-1400,80,12,-1.0
-1400,80,14,-1.0
-1400,80,16,-1.0
-1400,80,18,-1.0
-1400,80,20,-1.0
-1400,80,22,-1.0
-1400,80,24,-1.0
-1400,80,26,-1.0
-1400,80,28,-1.0
-1400,80,30,-1.0
-1400,80,32,-1.0
-1400,80,34,-1.0
-1400,80,36,-1.0
-1400,80,38,-1.0
-1400,80,40,-1.0
-1400,80,42,-1.0
-1400,80,44,-1.0
-1400,80,46,-1.0
-1400,80,48,-1.0
-1400,80,50,-1.0
-1400,80,52,-1.0
-1400,80,54,-1.0
-1400,80,56,-1.0
-1400,80,58,-1.0
-1400,80,60,-1.0
-1400,80,62,-1.0
-1400,80,64,-1.0
-1400,80,66,-1.0
-1400,80,68,-1.0
-1400,80,70,-1.0
-1400,80,72,-1.0
-1400,80,74,-1.0
-1400,80,76,-1.0
-1400,80,78,-1.0
-1400,80,80,-1.0
-1400,80,82,-1.0
-1400,80,84,-1.0
-1400,80,86,-1.0
-1400,80,88,-1.0
-1400,80,90,-1.0
-1400,80,92,-1.0
-1400,80,94,-1.0
-1400,80,96,-1.0
-1400,80,98,-1.0
-1400,80,100,-1.0
-1400,80,102,-1.0
-1400,80,104,-1.0
-1400,80,106,-1.0
-1400,80,108,-1.0
-1400,80,110,-1.0
-1400,80,112,-1.0
-1400,80,114,-1.0
-1400,80,116,-1.0
-1400,80,118,-1.0
-1400,80,120,-1.0
-1400,80,122,-1.0
-1400,80,124,-1.0
-1400,80,126,-1.0
-1400,80,128,-1.0
-1400,80,130,-1.0
-1400,80,132,-1.0
-1400,80,134,-1.0
-1400,80,136,-1.0
-1400,80,138,-1.0
-1400,80,140,-1.0
-1400,80,142,-1.0
-1400,80,144,-1.0
-1400,80,146,-1.0
-1400,80,148,-1.0
-1400,80,150,-1.0
-1400,80,152,-1.0
-1400,80,154,-1.0
-1400,80,156,-1.0
-1400,80,158,-1.0
-1400,80,160,-1.0
-1400,80,162,-1.0
-1400,80,164,-1.0
-1400,80,166,-1.0
-1400,80,168,-1.0
-1400,80,170,-1.0
-1400,80,172,-1.0
-1400,80,174,-1.0
-1400,80,176,-1.0
-1400,80,178,-1.0
-1400,80,180,-1.0
-1400,82,0,-1.0
-1400,82,2,-1.0
-1400,82,4,-1.0
-1400,82,6,-1.0
-1400,82,8,-1.0
-1400,82,10,-1.0
-1400,82,12,-1.0
-1400,82,14,-1.0
-1400,82,16,-1.0
-1400,82,18,-1.0
-1400,82,20,-1.0
-1400,82,22,-1.0
-1400,82,24,-1.0
-1400,82,26,-1.0
-1400,82,28,-1.0
-1400,82,30,-1.0
-1400,82,32,-1.0
-1400,82,34,-1.0
-1400,82,36,-1.0
-1400,82,38,-1.0
-1400,82,40,-1.0
-1400,82,42,-1.0
-1400,82,44,-1.0
-1400,82,46,-1.0
-1400,82,48,-1.0
-1400,82,50,-1.0
-1400,82,52,-1.0
-1400,82,54,-1.0
-1400,82,56,-1.0
-1400,82,58,-1.0
-1400,82,60,-1.0
-1400,82,62,-1.0
-1400,82,64,-1.0
-1400,82,66,-1.0
-1400,82,68,-1.0
-1400,82,70,-1.0
-1400,82,72,-1.0
-1400,82,74,-1.0
-1400,82,76,-1.0
-1400,82,78,-1.0
-1400,82,80,-1.0
-1400,82,82,-1.0
-1400,82,84,-1.0
-1400,82,86,-1.0
-1400,82,88,-1.0
-1400,82,90,-1.0
-1400,82,92,-1.0
-1400,82,94,-1.0
-1400,82,96,-1.0
-1400,82,98,-1.0
-1400,82,100,-1.0
-1400,82,102,-1.0
-1400,82,104,-1.0
-1400,82,106,-1.0
-1400,82,108,-1.0
-1400,82,110,-1.0
-1400,82,112,-1.0
-1400,82,114,-1.0
-1400,82,116,-1.0
-1400,82,118,-1.0
-1400,82,120,-1.0
-1400,82,122,-1.0
-1400,82,124,-1.0
-1400,82,126,-1.0
-1400,82,128,-1.0
-1400,82,130,-1.0
-1400,82,132,-1.0
-1400,82,134,-1.0
-1400,82,136,-1.0
-1400,82,138,-1.0
-1400,82,140,-1.0
-1400,82,142,-1.0
-1400,82,144,-1.0
-1400,82,146,-1.0
-1400,82,148,-1.0
-1400,82,150,-1.0
-1400,82,152,-1.0
-1400,82,154,-1.0
-1400,82,156,-1.0
-1400,82,158,-1.0
-1400,82,160,-1.0
-1400,82,162,-1.0
-1400,82,164,-1.0
-1400,82,166,-1.0
-1400,82,168,-1.0
-1400,82,170,-1.0
-1400,82,172,-1.0
-1400,82,174,-1.0
-1400,82,176,-1.0
-1400,82,178,-1.0
-1400,82,180,-1.0
-1400,84,0,-1.0
-1400,84,2,-1.0
-1400,84,4,-1.0
-1400,84,6,-1.0
-1400,84,8,-1.0
-1400,84,10,-1.0
-1400,84,12,-1.0
-1400,84,14,-1.0
-1400,84,16,-1.0
-1400,84,18,-1.0
-1400,84,20,-1.0
-1400,84,22,-1.0
-1400,84,24,-1.0
-1400,84,26,-1.0
-1400,84,28,-1.0
-1400,84,30,-1.0
-1400,84,32,-1.0
-1400,84,34,-1.0
-1400,84,36,-1.0
-1400,84,38,-1.0
-1400,84,40,-1.0
-1400,84,42,-1.0
-1400,84,44,-1.0
-1400,84,46,-1.0
-1400,84,48,-1.0
-1400,84,50,-1.0
-1400,84,52,-1.0
-1400,84,54,-1.0
-1400,84,56,-1.0
-1400,84,58,-1.0
-1400,84,60,-1.0
-1400,84,62,-1.0
-1400,84,64,-1.0
-1400,84,66,-1.0
-1400,84,68,-1.0
-1400,84,70,-1.0
-1400,84,72,-1.0
-1400,84,74,-1.0
-1400,84,76,-1.0
-1400,84,78,-1.0
-1400,84,80,-1.0
-1400,84,82,-1.0
-1400,84,84,-1.0
-1400,84,86,-1.0
-1400,84,88,-1.0
-1400,84,90,-1.0
-1400,84,92,-1.0
-1400,84,94,-1.0
-1400,84,96,-1.0
-1400,84,98,-1.0
-1400,84,100,-1.0
-1400,84,102,-1.0
-1400,84,104,-1.0
-1400,84,106,-1.0
-1400,84,108,-1.0
-1400,84,110,-1.0
-1400,84,112,-1.0
-1400,84,114,-1.0
-1400,84,116,-1.0
-1400,84,118,-1.0
-1400,84,120,-1.0
-1400,84,122,-1.0
-1400,84,124,-1.0
-1400,84,126,-1.0
-1400,84,128,-1.0
-1400,84,130,-1.0
-1400,84,132,-1.0
-1400,84,134,-1.0
-1400,84,136,-1.0
-1400,84,138,-1.0
-1400,84,140,-1.0
-1400,84,142,-1.0
-1400,84,144,-1.0
-1400,84,146,-1.0
-1400,84,148,-1.0
-1400,84,150,-1.0
-1400,84,152,-1.0
-1400,84,154,-1.0
-1400,84,156,-1.0
-1400,84,158,-1.0
-1400,84,160,-1.0
-1400,84,162,-1.0
-1400,84,164,-1.0
-1400,84,166,-1.0
-1400,84,168,-1.0
-1400,84,170,-1.0
-1400,84,172,-1.0
-1400,84,174,-1.0
-1400,84,176,-1.0
-1400,84,178,-1.0
-1400,84,180,-1.0
-1400,86,0,-1.0
-1400,86,2,-1.0
-1400,86,4,-1.0
-1400,86,6,-1.0
-1400,86,8,-1.0
-1400,86,10,-1.0
-1400,86,12,-1.0
-1400,86,14,-1.0
-1400,86,16,-1.0
-1400,86,18,-1.0
-1400,86,20,-1.0
-1400,86,22,-1.0
-1400,86,24,-1.0
-1400,86,26,-1.0
-1400,86,28,-1.0
-1400,86,30,-1.0
-1400,86,32,-1.0
-1400,86,34,-1.0
-1400,86,36,-1.0
-1400,86,38,-1.0
-1400,86,40,-1.0
-1400,86,42,-1.0
-1400,86,44,-1.0
-1400,86,46,-1.0
-1400,86,48,-1.0
-1400,86,50,-1.0
-1400,86,52,-1.0
-1400,86,54,-1.0
-1400,86,56,-1.0
-1400,86,58,-1.0
-1400,86,60,-1.0
-1400,86,62,-1.0
-1400,86,64,-1.0
-1400,86,66,-1.0
-1400,86,68,-1.0
-1400,86,70,-1.0
-1400,86,72,-1.0
-1400,86,74,-1.0
-1400,86,76,-1.0
-1400,86,78,-1.0
-1400,86,80,-1.0
-1400,86,82,-1.0
-1400,86,84,-1.0
-1400,86,86,-1.0
-1400,86,88,-1.0
-1400,86,90,-1.0
-1400,86,92,-1.0
-1400,86,94,-1.0
-1400,86,96,-1.0
-1400,86,98,-1.0
-1400,86,100,-1.0
-1400,86,102,-1.0
-1400,86,104,-1.0
-1400,86,106,-1.0
-1400,86,108,-1.0
-1400,86,110,-1.0
-1400,86,112,-1.0
-1400,86,114,-1.0
-1400,86,116,-1.0
-1400,86,118,-1.0
-1400,86,120,-1.0
-1400,86,122,-1.0
-1400,86,124,-1.0
-1400,86,126,-1.0
-1400,86,128,-1.0
-1400,86,130,-1.0
-1400,86,132,-1.0
-1400,86,134,-1.0
-1400,86,136,-1.0
-1400,86,138,-1.0
-1400,86,140,-1.0
-1400,86,142,-1.0
-1400,86,144,-1.0
-1400,86,146,-1.0
-1400,86,148,-1.0
-1400,86,150,-1.0
-1400,86,152,-1.0
-1400,86,154,-1.0
-1400,86,156,-1.0
-1400,86,158,-1.0
-1400,86,160,-1.0
-1400,86,162,-1.0
-1400,86,164,-1.0
-1400,86,166,-1.0
-1400,86,168,-1.0
-1400,86,170,-1.0
-1400,86,172,-1.0
-1400,86,174,-1.0
-1400,86,176,-1.0
-1400,86,178,-1.0
-1400,86,180,-1.0
-1400,88,0,-1.0
-1400,88,2,-1.0
-1400,88,4,-1.0
-1400,88,6,-1.0
-1400,88,8,-1.0
-1400,88,10,-1.0
-1400,88,12,-1.0
-1400,88,14,-1.0
-1400,88,16,-1.0
-1400,88,18,-1.0
-1400,88,20,-1.0
-1400,88,22,-1.0
-1400,88,24,-1.0
-1400,88,26,-1.0
-1400,88,28,-1.0
-1400,88,30,-1.0
-1400,88,32,-1.0
-1400,88,34,-1.0
-1400,88,36,-1.0
-1400,88,38,-1.0
-1400,88,40,-1.0
-1400,88,42,-1.0
-1400,88,44,-1.0
-1400,88,46,-1.0
-1400,88,48,-1.0
-1400,88,50,-1.0
-1400,88,52,-1.0
-1400,88,54,-1.0
-1400,88,56,-1.0
-1400,88,58,-1.0
-1400,88,60,-1.0
-1400,88,62,-1.0
-1400,88,64,-1.0
-1400,88,66,-1.0
-1400,88,68,-1.0
-1400,88,70,-1.0
-1400,88,72,-1.0
-1400,88,74,-1.0
-1400,88,76,-1.0
-1400,88,78,-1.0
-1400,88,80,-1.0
-1400,88,82,-1.0
-1400,88,84,-1.0
-1400,88,86,-1.0
-1400,88,88,-1.0
-1400,88,90,-1.0
-1400,88,92,-1.0
-1400,88,94,-1.0
-1400,88,96,-1.0
-1400,88,98,-1.0
-1400,88,100,-1.0
-1400,88,102,-1.0
-1400,88,104,-1.0
-1400,88,106,-1.0
-1400,88,108,-1.0
-1400,88,110,-1.0
-1400,88,112,-1.0
-1400,88,114,-1.0
-1400,88,116,-1.0
-1400,88,118,-1.0
-1400,88,120,-1.0
-1400,88,122,-1.0
-1400,88,124,-1.0
-1400,88,126,-1.0
-1400,88,128,-1.0
-1400,88,130,-1.0
-1400,88,132,-1.0
-1400,88,134,-1.0
-1400,88,136,-1.0
-1400,88,138,-1.0
-1400,88,140,-1.0
-1400,88,142,-1.0
-1400,88,144,-1.0
-1400,88,146,-1.0
-1400,88,148,-1.0
-1400,88,150,-1.0
-1400,88,152,-1.0
-1400,88,154,-1.0
-1400,88,156,-1.0
-1400,88,158,-1.0
-1400,88,160,-1.0
-1400,88,162,-1.0
-1400,88,164,-1.0
-1400,88,166,-1.0
-1400,88,168,-1.0
-1400,88,170,-1.0
-1400,88,172,-1.0
-1400,88,174,-1.0
-1400,88,176,-1.0
-1400,88,178,-1.0
-1400,88,180,-1.0
-1400,90,0,-1.0
-1400,90,2,-1.0
-1400,90,4,-1.0
-1400,90,6,-1.0
-1400,90,8,-1.0
-1400,90,10,-1.0
-1400,90,12,-1.0
-1400,90,14,-1.0
-1400,90,16,-1.0
-1400,90,18,-1.0
-1400,90,20,-1.0
-1400,90,22,-1.0
-1400,90,24,-1.0
-1400,90,26,-1.0
-1400,90,28,-1.0
-1400,90,30,-1.0
-1400,90,32,-1.0
-1400,90,34,-1.0
-1400,90,36,-1.0
-1400,90,38,-1.0
-1400,90,40,-1.0
-1400,90,42,-1.0
-1400,90,44,-1.0
-1400,90,46,-1.0
-1400,90,48,-1.0
-1400,90,50,-1.0
-1400,90,52,-1.0
-1400,90,54,-1.0
-1400,90,56,-1.0
-1400,90,58,-1.0
-1400,90,60,-1.0
-1400,90,62,-1.0
-1400,90,64,-1.0
-1400,90,66,-1.0
-1400,90,68,-1.0
-1400,90,70,-1.0
-1400,90,72,-1.0
-1400,90,74,-1.0
-1400,90,76,-1.0
-1400,90,78,-1.0
-1400,90,80,-1.0
-1400,90,82,-1.0
-1400,90,84,-1.0
-1400,90,86,-1.0
-1400,90,88,-1.0
-1400,90,90,-1.0
-1400,90,92,-1.0
-1400,90,94,-1.0
-1400,90,96,-1.0
-1400,90,98,-1.0
-1400,90,100,-1.0
-1400,90,102,-1.0
-1400,90,104,-1.0
-1400,90,106,-1.0
-1400,90,108,-1.0
-1400,90,110,-1.0
-1400,90,112,-1.0
-1400,90,114,-1.0
-1400,90,116,-1.0
-1400,90,118,-1.0
-1400,90,120,-1.0
-1400,90,122,-1.0
-1400,90,124,-1.0
-1400,90,126,-1.0
-1400,90,128,-1.0
-1400,90,130,-1.0
-1400,90,132,-1.0
-1400,90,134,-1.0
-1400,90,136,-1.0
-1400,90,138,-1.0
-1400,90,140,-1.0
-1400,90,142,-1.0
-1400,90,144,-1.0
-1400,90,146,-1.0
-1400,90,148,-1.0
-1400,90,150,-1.0
-1400,90,152,-1.0
-1400,90,154,-1.0
-1400,90,156,-1.0
-1400,90,158,-1.0
-1400,90,160,-1.0
-1400,90,162,-1.0
-1400,90,164,-1.0
-1400,90,166,-1.0
-1400,90,168,-1.0
-1400,90,170,-1.0
-1400,90,172,-1.0
-1400,90,174,-1.0
-1400,90,176,-1.0
-1400,90,178,-1.0
-1400,90,180,-1.0
